,p_in,T_in,cr,bore,far,PI,v_mean,T_fuel
0,680687.9112599265,581.0018808446305,12.882632718420771,0.21841678004389675,0.01634997042334036,1.7463381885744436,19.319271952847345,308.55742778892187
1,256939.54611840175,938.9305311787979,11.361765532148773,0.2536617505575699,0.009284532686874,1.5260819805495842,5.716580894028941,393.20744021269957
2,581351.4355351327,1133.3172529137237,5.485243728427738,0.14780981171063856,0.025536849226217417,1.3878232482862343,11.087905926815289,344.2751551471121
3,859890.970526723,804.9650325866459,8.293181189564304,0.06513159854703181,0.013863353024477595,0.7824072721569617,14.76571353227655,421.2996107026316
4,360174.7383371497,468.51289390124845,15.595925824248129,0.19052643204578573,0.02372539906650736,1.096316719181257,9.669757403518005,490.91045112860894
