,T_out,eff,air_flow,p_max,T_max,power,heat_loss,p_tdc
0,1178.3010377694166,0.37303203159035897,8.433059646388678,240.01977279705113,2373.5627762185527,6169.993674874634,3469.1142232747598,198.68395893033252
1,1002.4878059753845,0.21847685391707816,0.8509030339526096,56.62414070413787,2060.371727073879,207.05323890971806,631.1693950688681,56.594749565440104
2,1686.9550024634298,0.2600304557516928,1.0615410849222855,80.77392266911325,3040.535576256898,845.5996276691599,1264.0091669756569,48.95089786951092
3,1130.042548502533,0.4040580625639349,0.5911406244829596,169.22581176057835,2363.7917614585645,397.21419847322375,310.00196275817063,131.85366832932442
4,1183.7858296951854,0.4426627653275321,2.1531042444180915,206.74263878354267,2698.791604410131,2712.6143420643452,1373.6241339160779,140.92218972678552
