opr,T4,split,cr,far,p_ratio,IC_ratio,phi_sc,m_wiebe,phi_cd,eta_th,specific_nox,thrust,bpr,bore,bpr piston,m0,T_in_piston,T_out_piston,T35,P max (bar),T max,T_max_twozone,piston_shaft_power,piston_indicated_power,piston_heatloss,m_nox_pe,m_nox_burner,core_power,core_power_per_litre,cooling_ratio,piston_fuelflow,burner_fuelflow,piston_fuelsplit,error,constraint_violation,is_feasible
11.385041400196709,1214.2423770117273,0.40641477508185314,8.704753163303057,3.799563312630339,1.5553451548324204,0.8212276083065595,370.42060479921133,0.5321447387554932,45.21541002035211,0.5096862939359458,0.7469273603283482,27140.999999999935,16.82755933976889,0.1845276915921713,1.4091357263267346,248.660000000516,478.1986819133101,1204.7730029330514,863.773820565906,85.57620614922394,2084.7458593388055,2685.996134550335,2967224.116108785,3310683.369479029,1202473.1602739808,0.019353411680880152,0.0009189438057914956,8978968.63315079,75.81247671757352,0.003517195770688873,0.22509750283637592,0.14367491815650912,0.6103967922284483,False,0.0,True
13.382021267307668,1526.0205581089813,0.45459123188042433,6.172861784138726,3.3245892281079192,1.547308927523103,0.8453451587639734,346.73101221468977,3.492360333071425,68.47012755776417,0.49205404449082707,0.44152459509868275,27140.999999999978,21.731667766716924,0.18101335437858937,0.7499215144334095,248.660000000516,487.1630805651634,1203.8343890294318,992.7764369557269,56.57074293286752,1889.7136029629128,2552.1193659471446,2249903.6482814425,2558479.0589615717,1142917.0561889093,0.009154642743736877,0.0028287762918364624,9128192.12312622,81.64917481140145,0.08200135188608719,0.21265630962437682,0.16954378514569418,0.5564004628316731,False,0.0,True
10.788171163362358,1190.2642764365717,0.17839734518367295,14.517972595503386,4.750956124935772,1.4259137707769383,0.9333677049373144,374.5484961337786,2.1907521550243665,27.01801106334024,0.5160844158609079,1.155457009042618,27141.000000000022,17.251968274673548,0.18193560595549202,1.626588069785903,248.660000000516,504.5389630905409,1327.5684959965827,911.7762546404576,125.80777880989554,2485.7163238232306,2827.2491593086706,3550162.2252731873,3971309.222630221,1409868.7507630433,0.030501462083051715,0.000858796599374005,9019127.051994003,79.45299579843264,0.0,0.25215611080570716,0.1126768700263655,0.6911549230845743,False,0.0,True
14.943886965639557,1531.1396904625353,0.3484470192882737,5.78010952786385,2.457798505186265,0.955739877762163,0.5714985141123747,347.4906804052925,2.9434220424302135,69.16834868739298,0.4640053995949962,0.417895381961029,27141.00000000011,20.399394713012743,0.19353250145287004,0.44193804155153715,248.660000000516,544.0064391788446,1029.9314845345075,924.8162461378951,55.530907511169154,1686.8143301431503,2573.970485331772,2623931.9095649836,2966899.7585515096,1108545.4132067026,0.009250320001993207,0.002091778559811126,9197902.972787922,67.31718872768599,0.08110582772860142,0.20266947240728658,0.20284890972863856,0.4997787556258154,False,0.0,True
14.75533996256392,1483.2410124403277,0.22955726997139142,9.8911421520209,2.9393031742604543,1.1689454952235994,0.5534854923200385,369.83156052953285,1.3131057479802868,46.07896699540391,0.492653622918397,0.6595222633040022,27141.000000000007,21.83009582266208,0.19052161380525287,0.48019563346655886,248.660000000516,558.8108769948668,1094.6987938750376,976.3483867018538,105.5365369162557,1889.8632293533583,2652.770807241441,2952215.7778943353,3383809.616878745,1352625.8395855557,0.015645055944978104,0.002255037803355825,9150026.879887873,70.19214144702165,0.07476895101864096,0.22131338503048556,0.1608122864386276,0.5791638760610568,False,0.0,True
12.443723195625688,1544.109979559935,0.31092062340124016,10.687472760209012,3.119335061654102,1.4455863998888303,0.0715082894697372,352.0482922206544,3.350199009414253,55.92277987113427,0.496390119688993,0.680498591744569,27141.00000002262,22.60013722182128,0.19623804274828166,0.5697903914015204,248.660000000516,555.2175564900708,1130.0401580379278,1001.1471055104244,101.82174558730948,1964.7116304314363,2648.532782278609,2674907.6165866186,3110552.3962037666,1392862.4921090351,0.01564913901765555,0.0028202732608991906,9178366.446716469,64.43393564184888,0.09497499037321495,0.21423774199976026,0.16500725454789647,0.564905915569116,False,0.0,True
24.88065938500497,1577.4705511577588,0.41180350517071646,5.459755785566997,3.223733601699455,1.4076049541485236,0.3713967502695277,355.43192909806453,0.933849078884573,20.426180244317358,0.5173969839423235,1.30083449874749,27141.00000000014,24.682949814906504,0.1657340354194157,0.23282932138372034,248.660000000516,643.3446464330417,1241.3088395022298,1207.8133734559522,145.44567429385083,2244.780052464084,2891.802082811881,2935230.46402697,3290030.8389589624,1931659.3708308223,0.028512029917041267,0.006793919213464537,9128444.385274934,106.38013468603295,0.12090574002738673,0.2590606423660829,0.10426413600630573,0.7130277310747011,False,0.0,True
14.79866164714366,1439.7351563172056,0.04046519125401171,9.857220995265788,3.974333318589421,1.088750740817701,0.32763012154924287,362.02036306923765,3.1549323133097293,29.25305336751969,0.5086916177127049,1.0902364008012393,27141.000000000022,22.171644740027684,0.16850313420270552,0.9039819458690986,248.660000000516,586.6736318062779,1225.4102132729752,991.3110411880901,134.02135823392226,2418.459465662626,2892.1225031003046,3505641.8648198545,3871773.4822951807,1413226.5592777273,0.02755107955237085,0.002039026601775606,9161238.843040487,101.58489426502402,0.06541215234805615,0.22921062768998607,0.1412347770539548,0.6187433418115174,False,0.0,True
18.447480872862805,1255.8721436109654,0.3171899343169194,9.751968211311798,3.2446579353183296,0.9012841925064824,0.09226234584675208,368.37577574900854,2.8595551854433876,61.76962781101813,0.4942664195427653,0.6920149790057883,27140.999999991072,17.713718792024952,0.19937658761405175,0.38518669442094317,248.660000000516,624.1222630058683,1244.7218396273138,1103.2169858650077,131.15464816784922,1954.7624604118782,2617.7451355560947,3757386.0381445256,4315521.534153219,1908337.776750517,0.017364391651280113,0.0014175868939098094,8940724.654036779,59.847928260971074,0.01622663295688525,0.3184862287992882,0.06167411975087885,0.8377681418220287,False,0.0,True
21.960142073011376,1571.2097753439975,0.3159395461200982,4.769329704924875,4.011193949444495,1.129428374983805,0.8319439935347426,341.2584835964241,1.9586112069719706,60.586153218801456,0.5083204361500866,1.1286801856276858,27140.99999999992,23.87616601793566,0.14420964395774993,0.7233265491351497,248.660000000516,583.9017485593249,1342.5795228187362,1121.3593141429374,104.12877896087929,2260.1974384652995,2762.2026918314286,2922304.49716593,3181732.0099159065,1429163.2936332212,0.02588618040779702,0.004747328510323909,9165996.925223159,162.14205399835527,0.09910443595273961,0.23807444825220347,0.13211086228445293,0.6431223537937466,False,0.0,True
10.211598138766915,1498.3841955962828,0.4633064688850283,9.044638277447664,4.314327033691047,1.6795791306759522,0.6096147983345592,374.90508732576745,0.6075636176404888,36.29571321557383,0.4906140427112419,0.7866128384303951,27140.99999999385,20.61652260474009,0.16702805985550626,1.6821458765435562,248.660000000516,475.92146619206267,1300.2810295812144,910.4036965818352,79.54984564736299,2246.872428543842,2721.2379147317442,2387185.7621098775,2671099.679224079,1037079.3108969382,0.01940527870366375,0.001944180344170769,9171918.940083815,104.42170382639586,0.07559688267366066,0.18933677985633163,0.1943022872057973,0.4935284128028318,False,0.0,True
13.06447954710344,1560.9118802496644,0.38668539101103083,9.513637371379794,3.3025138860191023,1.4156781734060329,0.6611143269557697,362.31530649184214,3.6311772913298475,25.26086282864918,0.49203557575620505,0.8306746673313088,27141.000000010412,22.08889794591061,0.16521644853751802,1.0889860633616368,248.660000000516,512.1079619239337,1100.5156844477106,879.6317093806271,118.19428715685902,2165.2905805593373,2800.504171017141,2468909.0623092274,2779845.301671069,1037653.3599700937,0.02064486720425273,0.0019004739417949705,9207219.203301433,108.30973981024253,0.09166303097695627,0.17421921631684198,0.2084769155584619,0.45524164423383523,False,0.0,True
17.011261331706038,1581.5673323974547,0.3713389567185022,4.599739144002806,4.042927391351279,0.9116960923810083,0.8861938563573561,363.867300662509,3.3386958955937445,20.98692519388247,0.4665048956448517,0.9877837972733444,27141.00000000008,21.077417506402213,0.13807049841597607,1.3897686851077926,248.660000000516,528.9491249918874,1310.3353969255215,938.4860347836324,89.85410053799961,2342.946402473864,2842.641353387989,2515306.3548926013,2727775.7575883977,1013168.4731339226,0.024373490911265703,0.002435949130530217,9215810.480453191,185.75038996860002,0.09064469635826654,0.19497635865509505,0.208338033645177,0.4834351621896324,False,0.0,True
23.58459992241881,1482.2434216626252,0.1904705665742692,4.725299815964956,2.8644367979239806,1.7186341749476524,0.2133853535799155,358.08495847270734,4.690427088600598,21.49395365302088,0.0,999.0,0.0,0.0,0.0,0.0,0.0,0.0,0.0,0.0,0.0,0.0,0.0,0.0,0.0,0.0,0.0,0.0,0.0,0.0,0.0,0.0,0.0,0.0,0,0.0,False
29.109366460058517,1409.7483126252505,0.02656434533647878,7.397379533501768,3.777784061970119,1.1116083665317178,0.9649709995361269,377.8019289517118,4.317803963769599,48.339439777304136,0.0,999.0,0.0,0.0,0.0,0.0,0.0,0.0,0.0,0.0,0.0,0.0,0.0,0.0,0.0,0.0,0.0,0.0,0.0,0.0,0.0,0.0,0.0,0.0,0,0.0,False
26.829534297967946,1078.6663854087483,0.1543668286489177,9.092960335698589,4.2255416020504,1.337242705838007,0.13687611879745087,353.74146118817436,1.9599177635259935,38.025134259082385,0.0,999.0,0.0,0.0,0.0,0.0,0.0,0.0,0.0,0.0,0.0,0.0,0.0,0.0,0.0,0.0,0.0,0.0,0.0,0.0,0.0,0.0,0.0,0.0,0,0.0,False
26.00958097996927,1563.4668122393114,0.020327904718342893,13.632388973570915,2.8296892173534025,1.32818804948182,0.7967609569319023,368.6896892910092,1.1621640737376187,59.524895537248725,0.0,999.0,0.0,0.0,0.0,0.0,0.0,0.0,0.0,0.0,0.0,0.0,0.0,0.0,0.0,0.0,0.0,0.0,0.0,0.0,0.0,0.0,0.0,0.0,0,0.0,False
19.262724360762945,1033.2997018676335,0.2707210660476098,10.685478265882539,4.485359584988376,1.7476283413723037,0.12814785400273287,349.21722697640877,3.466212786817524,27.948439329004913,0.0,999.0,0.0,0.0,0.0,0.0,0.0,0.0,0.0,0.0,0.0,0.0,0.0,0.0,0.0,0.0,0.0,0.0,0.0,0.0,0.0,0.0,0.0,0.0,0,0.0,False
10.463807361987243,1314.831902061179,0.34834795109470645,8.697588423151004,2.403711375934063,1.1982214898661652,0.5903458543063351,377.62645573585553,4.9665097362768815,34.49617499923099,0.0,999.0,0.0,0.0,0.0,0.0,0.0,0.0,0.0,0.0,0.0,0.0,0.0,0.0,0.0,0.0,0.0,0.0,0.0,0.0,0.0,0.0,0.0,0.0,0,0.0,False
15.544391653885905,1072.3794569836948,0.4553567271441191,4.334831933321855,4.017683088566338,0.9642057185314866,0.36078049378522115,356.7239817071026,1.3163193007581513,51.26084619693058,0.0,999.0,0.0,0.0,0.0,0.0,0.0,0.0,0.0,0.0,0.0,0.0,0.0,0.0,0.0,0.0,0.0,0.0,0.0,0.0,0.0,0.0,0.0,0.0,0,0.0,False
12.137534885132828,1221.6915493962304,0.11633554781598687,8.961864632455967,2.8289515586323803,1.3516262020065812,0.9226031530779568,355.30044555719337,3.425577478828847,55.737266781222445,0.0,999.0,0.0,0.0,0.0,0.0,0.0,0.0,0.0,0.0,0.0,0.0,0.0,0.0,0.0,0.0,0.0,0.0,0.0,0.0,0.0,0.0,0.0,0.0,0,0.0,False
29.469511365394016,1573.2300710925274,0.21231276639782065,10.530010623497594,2.118885721600683,1.7897709011057448,0.8187449926232988,365.4600936971867,3.9248813489975864,31.28179571495517,0.0,999.0,0.0,0.0,0.0,0.0,0.0,0.0,0.0,0.0,0.0,0.0,0.0,0.0,0.0,0.0,0.0,0.0,0.0,0.0,0.0,0.0,0.0,0.0,0,0.0,False
16.15309180185703,1147.8361865714326,0.2980245600625752,5.010953373801495,4.686829955644826,1.316048347917655,0.4448123649543787,344.18845214292975,3.582068166770512,69.01363966054689,0.0,999.0,0.0,0.0,0.0,0.0,0.0,0.0,0.0,0.0,0.0,0.0,0.0,0.0,0.0,0.0,0.0,0.0,0.0,0.0,0.0,0.0,0.0,0.0,0,0.0,False
22.59100342924664,1145.2135644784796,0.39271036079275484,5.602473767217774,4.481828986938791,1.4226348335506973,0.2893728115784362,360.52973599374957,3.329831313790912,35.51536991555875,0.0,999.0,0.0,0.0,0.0,0.0,0.0,0.0,0.0,0.0,0.0,0.0,0.0,0.0,0.0,0.0,0.0,0.0,0.0,0.0,0.0,0.0,0.0,0.0,0,0.0,False
26.93813120919948,1252.752225159564,0.44616872862761603,13.190154172622883,2.2980425424788917,1.481628698503913,0.3104945664957425,370.162127879327,2.9418424585147918,47.45593247910302,0.0,999.0,0.0,0.0,0.0,0.0,0.0,0.0,0.0,0.0,0.0,0.0,0.0,0.0,0.0,0.0,0.0,0.0,0.0,0.0,0.0,0.0,0.0,0.0,0,0.0,False
27.907335690741238,1034.3521358801006,0.27865881293398964,7.60702209226344,2.1058200089403885,1.578166666832626,0.5617406560688765,375.7658134782486,3.192175524073239,40.22205676581608,0.0,999.0,0.0,0.0,0.0,0.0,0.0,0.0,0.0,0.0,0.0,0.0,0.0,0.0,0.0,0.0,0.0,0.0,0.0,0.0,0.0,0.0,0.0,0.0,0,0.0,False
29.70439310759093,1069.4284303655832,0.02630087128939429,12.05884100397289,3.1126246978684526,1.2253185707656828,0.8765321564895722,353.09174586061545,4.500448685978491,58.63927875389734,0.0,999.0,0.0,0.0,0.0,0.0,0.0,0.0,0.0,0.0,0.0,0.0,0.0,0.0,0.0,0.0,0.0,0.0,0.0,0.0,0.0,0.0,0.0,0.0,0,0.0,False
16.580990877735243,1035.71959264748,0.12255467632027905,14.652545213385345,3.215802920701865,1.0440301153007951,0.2980132492008535,375.983031154453,1.2423952197882595,66.67160399403687,0.0,999.0,0.0,0.0,0.0,0.0,0.0,0.0,0.0,0.0,0.0,0.0,0.0,0.0,0.0,0.0,0.0,0.0,0.0,0.0,0.0,0.0,0.0,0.0,0,0.0,False
28.762696420566986,1281.8276168339303,0.0028209769594989553,14.991291315370574,2.1433196380578075,1.2505031136274831,0.5390567006816359,375.6693375021688,4.204004502472438,56.56319846267745,0.0,999.0,0.0,0.0,0.0,0.0,0.0,0.0,0.0,0.0,0.0,0.0,0.0,0.0,0.0,0.0,0.0,0.0,0.0,0.0,0.0,0.0,0.0,0.0,0,0.0,False
27.859540081799963,1314.5818524913727,0.019516575737612674,12.722798505672424,2.1558706853974687,1.6442491755275905,0.0087991107002795,366.96445309386695,1.2457126613575285,40.57251428756481,0.0,999.0,0.0,0.0,0.0,0.0,0.0,0.0,0.0,0.0,0.0,0.0,0.0,0.0,0.0,0.0,0.0,0.0,0.0,0.0,0.0,0.0,0.0,0.0,0,0.0,False
17.133240974291468,1276.1827605591168,0.13727111396453678,4.046864154315658,3.4152520665542365,1.148296064857332,0.4497836089298881,377.15500456046374,1.3055243307562479,58.24901468040857,0.0,999.0,0.0,0.0,0.0,0.0,0.0,0.0,0.0,0.0,0.0,0.0,0.0,0.0,0.0,0.0,0.0,0.0,0.0,0.0,0.0,0.0,0.0,0.0,0,0.0,False
22.88829792524881,1168.7759101339793,0.2354439983645341,14.665728057944566,3.0273803762034213,1.5411106642069647,0.8402191556813096,354.4276443086786,4.954613603239536,57.55215442865788,0.0,999.0,0.0,0.0,0.0,0.0,0.0,0.0,0.0,0.0,0.0,0.0,0.0,0.0,0.0,0.0,0.0,0.0,0.0,0.0,0.0,0.0,0.0,0.0,0,0.0,False
20.019705411878448,1428.9445105037503,0.21191496693327955,11.835593951279524,2.8244071500038084,1.7344874829111196,0.5419628379337594,349.6659797434902,2.4673850079417603,73.7057924372537,0.0,999.0,0.0,0.0,0.0,0.0,0.0,0.0,0.0,0.0,0.0,0.0,0.0,0.0,0.0,0.0,0.0,0.0,0.0,0.0,0.0,0.0,0.0,0.0,0,0.0,False
17.731327256697703,1150.9674210041253,0.172329518564369,6.244149451827702,4.585600158568049,1.5275265411089958,0.4110291024059428,368.01725712839885,2.8387819286542677,51.57573266951422,0.0,999.0,0.0,0.0,0.0,0.0,0.0,0.0,0.0,0.0,0.0,0.0,0.0,0.0,0.0,0.0,0.0,0.0,0.0,0.0,0.0,0.0,0.0,0.0,0,0.0,False
29.29234638504961,1291.246244615273,0.23934934315886575,13.9293007486901,2.0477312337333196,1.681996643078995,0.12907340078775342,355.16673672905586,2.6980527669394196,48.593521814939514,0.0,999.0,0.0,0.0,0.0,0.0,0.0,0.0,0.0,0.0,0.0,0.0,0.0,0.0,0.0,0.0,0.0,0.0,0.0,0.0,0.0,0.0,0.0,0.0,0,0.0,False
22.142750938003303,1193.805663518935,0.00487125145581524,14.792972873369909,4.907828286346998,1.383125801201168,0.6181857022194579,366.7546720704415,4.669424190698228,48.05052068175666,0.0,999.0,0.0,0.0,0.0,0.0,0.0,0.0,0.0,0.0,0.0,0.0,0.0,0.0,0.0,0.0,0.0,0.0,0.0,0.0,0.0,0.0,0.0,0.0,0,0.0,False
21.657563529092442,1135.923793902262,0.1211991212525167,9.743234141948495,2.6876148542307052,0.9272275068870548,0.3684079594813471,369.9978057654621,1.7468158225798194,71.76223630928484,0.0,999.0,0.0,0.0,0.0,0.0,0.0,0.0,0.0,0.0,0.0,0.0,0.0,0.0,0.0,0.0,0.0,0.0,0.0,0.0,0.0,0.0,0.0,0.0,0,0.0,False
18.621366429128564,1307.3129609150658,0.12498079163955,8.178816583617051,2.310106918074618,1.4929394055970158,0.3926055704676572,346.46102397898636,2.7382713407879886,32.50249038517639,0.0,999.0,0.0,0.0,0.0,0.0,0.0,0.0,0.0,0.0,0.0,0.0,0.0,0.0,0.0,0.0,0.0,0.0,0.0,0.0,0.0,0.0,0.0,0.0,0,0.0,False
15.84258555932572,1074.5022597168506,0.3903652455823836,7.072467511032381,4.867029967716143,1.2648887198071705,0.15519449168211252,368.20851875973705,3.801011667163989,72.87917876140286,0.0,999.0,0.0,0.0,0.0,0.0,0.0,0.0,0.0,0.0,0.0,0.0,0.0,0.0,0.0,0.0,0.0,0.0,0.0,0.0,0.0,0.0,0.0,0.0,0,0.0,False
12.630249518596834,1473.9315754465943,0.42987954373082526,7.349701247154716,3.363446544833642,1.45767776313772,0.2455131433178379,374.85423678526365,3.6463741470998903,71.4009827521599,0.0,999.0,0.0,0.0,0.0,0.0,0.0,0.0,0.0,0.0,0.0,0.0,0.0,0.0,0.0,0.0,0.0,0.0,0.0,0.0,0.0,0.0,0.0,0.0,0,0.0,False
24.170976594986957,1037.8063886644734,0.02885437861423018,14.257494909439792,4.4187376350225245,1.1283129421322677,0.34170809180630035,373.03678799204874,3.286559590962586,35.89505697258052,0.0,999.0,0.0,0.0,0.0,0.0,0.0,0.0,0.0,0.0,0.0,0.0,0.0,0.0,0.0,0.0,0.0,0.0,0.0,0.0,0.0,0.0,0.0,0.0,0,0.0,False
27.583700415367343,1069.8102019621351,0.16611871313891013,8.591132891499093,3.150252429670399,1.2769460617087722,0.45998748135344514,370.2620118189866,1.8748210516054982,40.60545967560808,0.0,999.0,0.0,0.0,0.0,0.0,0.0,0.0,0.0,0.0,0.0,0.0,0.0,0.0,0.0,0.0,0.0,0.0,0.0,0.0,0.0,0.0,0.0,0.0,0,0.0,False
17.80489470069437,1090.731079113485,0.31518671657224645,8.402706253131033,4.748457727129265,1.6392742877500237,0.2301799038896999,349.6925588876484,4.020217661738064,53.59321732165276,0.0,999.0,0.0,0.0,0.0,0.0,0.0,0.0,0.0,0.0,0.0,0.0,0.0,0.0,0.0,0.0,0.0,0.0,0.0,0.0,0.0,0.0,0.0,0.0,0,0.0,False
18.215493049039303,1599.8398085003835,0.16121747156560895,12.638916665583963,2.604841770011204,1.3150745671082271,0.518169554085777,363.84073159704116,3.7294383867355627,67.75462263248264,0.0,999.0,0.0,0.0,0.0,0.0,0.0,0.0,0.0,0.0,0.0,0.0,0.0,0.0,0.0,0.0,0.0,0.0,0.0,0.0,0.0,0.0,0.0,0.0,0,0.0,False
11.661339965604295,1558.9014349273393,0.18541887244491212,4.502683693631562,3.855360537433607,1.7399351028304166,0.7690089987808818,379.48988452121415,4.708026173674318,47.33200873904342,0.0,999.0,0.0,0.0,0.0,0.0,0.0,0.0,0.0,0.0,0.0,0.0,0.0,0.0,0.0,0.0,0.0,0.0,0.0,0.0,0.0,0.0,0.0,0.0,0,0.0,False
19.177058254896814,1507.0988778704716,0.0991787479086812,11.397221240302938,2.7116580354773876,1.253229719720745,0.8716800988542341,356.9980435304837,4.52172219800807,55.97356260127173,0.0,999.0,0.0,0.0,0.0,0.0,0.0,0.0,0.0,0.0,0.0,0.0,0.0,0.0,0.0,0.0,0.0,0.0,0.0,0.0,0.0,0.0,0.0,0.0,0,0.0,False
15.87492282452482,1156.2141788837296,0.0016870292733425218,10.293078461251358,4.515708703659982,1.1022466251033434,0.47924309117227704,379.35584285837,2.2702430881337197,76.30680994471652,0.0,999.0,0.0,0.0,0.0,0.0,0.0,0.0,0.0,0.0,0.0,0.0,0.0,0.0,0.0,0.0,0.0,0.0,0.0,0.0,0.0,0.0,0.0,0.0,0,0.0,False
26.187106408484823,1063.1762303755809,0.47562280441337673,9.112415675544824,2.9949495747792327,1.6006904052632396,0.2564726238372458,345.8574651373135,1.6615475731424616,60.35185218745091,0.0,999.0,0.0,0.0,0.0,0.0,0.0,0.0,0.0,0.0,0.0,0.0,0.0,0.0,0.0,0.0,0.0,0.0,0.0,0.0,0.0,0.0,0.0,0.0,0,0.0,False
12.013359604313141,1270.7854436414843,0.11777966073207091,10.00245982345613,2.4148413253316803,1.596569640242067,0.9239125658053686,352.7743687099295,2.0951535480058494,55.88511439833918,0.0,999.0,0.0,0.0,0.0,0.0,0.0,0.0,0.0,0.0,0.0,0.0,0.0,0.0,0.0,0.0,0.0,0.0,0.0,0.0,0.0,0.0,0.0,0.0,0,0.0,False
21.610625588124563,1551.7782605502284,0.1269916486059271,9.940046158163865,2.793134659314974,1.5674830030764229,0.46709639060336605,355.1582539606048,3.452632591136768,51.885172443442116,0.0,999.0,0.0,0.0,0.0,0.0,0.0,0.0,0.0,0.0,0.0,0.0,0.0,0.0,0.0,0.0,0.0,0.0,0.0,0.0,0.0,0.0,0.0,0.0,0,0.0,False
20.29896886930768,1570.0662084347605,0.43029958965071713,7.570885729432512,2.111779946247915,1.4361370760080576,0.5747620737856707,349.6615096854601,3.2160229722764493,78.89565822822082,0.0,999.0,0.0,0.0,0.0,0.0,0.0,0.0,0.0,0.0,0.0,0.0,0.0,0.0,0.0,0.0,0.0,0.0,0.0,0.0,0.0,0.0,0.0,0.0,0,0.0,False
17.41762620869079,1047.7007357658413,0.14331886926488652,11.628020695926793,4.278819927423088,1.3548565269819017,0.22076415249817294,373.57984163517693,1.4346185731257841,65.41493299133185,0.0,999.0,0.0,0.0,0.0,0.0,0.0,0.0,0.0,0.0,0.0,0.0,0.0,0.0,0.0,0.0,0.0,0.0,0.0,0.0,0.0,0.0,0.0,0.0,0,0.0,False
29.47756993040922,1009.8045796182569,0.024462626725404835,9.352675939124953,3.760973327299659,0.9058930412678896,0.18749488339901277,343.44818490657883,1.6241104918418805,30.972609947526998,0.0,999.0,0.0,0.0,0.0,0.0,0.0,0.0,0.0,0.0,0.0,0.0,0.0,0.0,0.0,0.0,0.0,0.0,0.0,0.0,0.0,0.0,0.0,0.0,0,0.0,False
12.485674046651638,1077.6754151079153,0.18569607223522205,5.416111635030013,4.3202656266866555,1.2625045142805473,0.11682512398539147,366.0539934153686,4.046828215820951,41.57923017977183,0.0,999.0,0.0,0.0,0.0,0.0,0.0,0.0,0.0,0.0,0.0,0.0,0.0,0.0,0.0,0.0,0.0,0.0,0.0,0.0,0.0,0.0,0.0,0.0,0,0.0,False
21.206077623927634,1172.737736419606,0.06232490842147098,7.171976472030028,4.273350491617537,1.0942115612312588,0.05210268620306746,355.20190980864714,2.0111444336005686,61.82237692384115,0.0,999.0,0.0,0.0,0.0,0.0,0.0,0.0,0.0,0.0,0.0,0.0,0.0,0.0,0.0,0.0,0.0,0.0,0.0,0.0,0.0,0.0,0.0,0.0,0,0.0,False
15.848493471157735,1543.2132511886525,0.2762420361879883,6.45975002227897,3.8644820672330935,1.5053124678147576,0.7175486678660921,378.8537446136538,4.61139647415144,44.79658288270835,0.0,999.0,0.0,0.0,0.0,0.0,0.0,0.0,0.0,0.0,0.0,0.0,0.0,0.0,0.0,0.0,0.0,0.0,0.0,0.0,0.0,0.0,0.0,0.0,0,0.0,False
18.636513008351727,1014.071578279898,0.20874949849860852,5.948635232320924,2.36050484031117,1.6342611951431745,0.021813159702834595,345.1623059566138,3.4896407357667636,54.03110135005388,0.0,999.0,0.0,0.0,0.0,0.0,0.0,0.0,0.0,0.0,0.0,0.0,0.0,0.0,0.0,0.0,0.0,0.0,0.0,0.0,0.0,0.0,0.0,0.0,0,0.0,False
18.580579377353843,1484.549222760581,0.11906313736020341,6.272814428803098,3.5410484611572475,0.9959879366983245,0.6890782878350389,377.4004838312936,4.151408374070531,72.87251642960753,0.0,999.0,0.0,0.0,0.0,0.0,0.0,0.0,0.0,0.0,0.0,0.0,0.0,0.0,0.0,0.0,0.0,0.0,0.0,0.0,0.0,0.0,0.0,0.0,0,0.0,False
15.779773209385578,1595.5009447452353,0.003413808373209981,12.790357086277195,3.577403510663224,0.9378191472295433,0.6631899274414362,368.09831202094244,3.648272941729338,61.755850470393256,0.0,999.0,0.0,0.0,0.0,0.0,0.0,0.0,0.0,0.0,0.0,0.0,0.0,0.0,0.0,0.0,0.0,0.0,0.0,0.0,0.0,0.0,0.0,0.0,0,0.0,False
25.96278579144972,1189.9896259281838,0.017633752845509887,10.358569236142634,3.7759599262444925,1.5566083046403993,0.26098443864982046,372.82896226615367,3.9827014429508543,71.69908321427472,0.0,999.0,0.0,0.0,0.0,0.0,0.0,0.0,0.0,0.0,0.0,0.0,0.0,0.0,0.0,0.0,0.0,0.0,0.0,0.0,0.0,0.0,0.0,0.0,0,0.0,False
20.520470785888673,1031.8572248403714,0.1608142197737535,14.8296763209878,4.829572316271903,1.6382071318977045,0.06376179297746498,342.939320905655,1.4570030977159198,69.66541341529461,0.0,999.0,0.0,0.0,0.0,0.0,0.0,0.0,0.0,0.0,0.0,0.0,0.0,0.0,0.0,0.0,0.0,0.0,0.0,0.0,0.0,0.0,0.0,0.0,0,0.0,False
12.287598270939341,1598.605237742739,0.21649912608811678,4.758481526243628,2.4950626015354493,1.3880333827137052,0.8702951184827348,350.2818787814086,2.2972068856776797,54.13806766521565,0.0,999.0,0.0,0.0,0.0,0.0,0.0,0.0,0.0,0.0,0.0,0.0,0.0,0.0,0.0,0.0,0.0,0.0,0.0,0.0,0.0,0.0,0.0,0.0,0,0.0,False
23.01381021911356,1433.964125166078,0.162377082602277,8.077017803586676,4.620808474534183,1.7154756233847648,0.4173996702627796,379.8619907463093,1.2882908529593307,69.39748736662787,0.0,999.0,0.0,0.0,0.0,0.0,0.0,0.0,0.0,0.0,0.0,0.0,0.0,0.0,0.0,0.0,0.0,0.0,0.0,0.0,0.0,0.0,0.0,0.0,0,0.0,False
20.58249581805434,1364.7497051267146,0.08504096648750753,10.909409853270574,2.7150634640415703,1.586135481652359,0.02761896581849599,344.9768685752655,1.45010726946452,44.0568831176472,0.0,999.0,0.0,0.0,0.0,0.0,0.0,0.0,0.0,0.0,0.0,0.0,0.0,0.0,0.0,0.0,0.0,0.0,0.0,0.0,0.0,0.0,0.0,0.0,0,0.0,False
27.4136575216122,1004.0816375204018,0.2779692421329261,4.396063266771289,3.1388557847831704,1.1683473942462024,0.16414111956721533,359.1733675561917,2.0381944392976807,35.7119048593348,0.0,999.0,0.0,0.0,0.0,0.0,0.0,0.0,0.0,0.0,0.0,0.0,0.0,0.0,0.0,0.0,0.0,0.0,0.0,0.0,0.0,0.0,0.0,0.0,0,0.0,False
24.143527378459808,1139.5900695002401,0.13781425657000046,11.406546897472992,2.088499074520852,1.3862367974082321,0.40033891575361646,346.4543310097608,4.602810531847944,41.62261120233384,0.0,999.0,0.0,0.0,0.0,0.0,0.0,0.0,0.0,0.0,0.0,0.0,0.0,0.0,0.0,0.0,0.0,0.0,0.0,0.0,0.0,0.0,0.0,0.0,0,0.0,False
15.826790215578681,1416.702489561968,0.4277371509432066,6.508361164838524,2.3814978130176003,1.764028213985906,0.4274403726711352,361.3996410072792,2.5562300604764374,69.67714072637298,0.0,999.0,0.0,0.0,0.0,0.0,0.0,0.0,0.0,0.0,0.0,0.0,0.0,0.0,0.0,0.0,0.0,0.0,0.0,0.0,0.0,0.0,0.0,0.0,0,0.0,False
18.57860307949465,1454.2372602867617,0.26137832350626256,4.876573390298167,3.527991461382724,1.6700388819119314,0.5311169616980763,355.7116404038181,0.615387053330669,62.0776907487486,0.0,999.0,0.0,0.0,0.0,0.0,0.0,0.0,0.0,0.0,0.0,0.0,0.0,0.0,0.0,0.0,0.0,0.0,0.0,0.0,0.0,0.0,0.0,0.0,0,0.0,False
11.11357988242217,1056.2903907277534,0.30749078570048005,10.693278356306253,2.11185642407961,1.6544991815043946,0.4415286000292866,361.5375652095592,0.8308541428798604,71.50900954911722,0.0,999.0,0.0,0.0,0.0,0.0,0.0,0.0,0.0,0.0,0.0,0.0,0.0,0.0,0.0,0.0,0.0,0.0,0.0,0.0,0.0,0.0,0.0,0.0,0,0.0,False
11.601339064760118,1126.6009552316682,0.23258157698304605,9.474140455733709,3.5996695030091774,1.742437949769045,0.034973055885026305,367.04888781392503,2.4340219171399857,68.73432826649481,0.0,999.0,0.0,0.0,0.0,0.0,0.0,0.0,0.0,0.0,0.0,0.0,0.0,0.0,0.0,0.0,0.0,0.0,0.0,0.0,0.0,0.0,0.0,0.0,0,0.0,False
10.179305085400339,1436.3429397078394,0.1390817793245117,11.211677696355384,2.1469539718465955,1.2198365605992039,0.6331576700659197,345.04205748655664,1.9271053166558052,28.702430872096702,0.0,999.0,0.0,0.0,0.0,0.0,0.0,0.0,0.0,0.0,0.0,0.0,0.0,0.0,0.0,0.0,0.0,0.0,0.0,0.0,0.0,0.0,0.0,0.0,0,0.0,False
10.18827384112653,1545.5250581473292,0.13967551111941834,14.893288889126271,4.039444667619679,1.5037799301377794,0.6734242712672651,379.69457331200243,1.5112553103539748,79.25834076549543,0.0,999.0,0.0,0.0,0.0,0.0,0.0,0.0,0.0,0.0,0.0,0.0,0.0,0.0,0.0,0.0,0.0,0.0,0.0,0.0,0.0,0.0,0.0,0.0,0,0.0,False
16.43326496635276,1056.5586459833194,0.4611242961145199,5.070049633877885,3.4258766362211412,1.6506461923817972,0.27660584509331965,368.8094351898804,3.3885674864986592,61.46590859240818,0.0,999.0,0.0,0.0,0.0,0.0,0.0,0.0,0.0,0.0,0.0,0.0,0.0,0.0,0.0,0.0,0.0,0.0,0.0,0.0,0.0,0.0,0.0,0.0,0,0.0,False
16.12299119555036,1254.0858603136953,0.2894008762136314,14.508907551050779,2.268395731878581,1.2124211133020404,0.8701054982564199,373.0275497216434,1.003769049363971,60.5478494010718,0.0,999.0,0.0,0.0,0.0,0.0,0.0,0.0,0.0,0.0,0.0,0.0,0.0,0.0,0.0,0.0,0.0,0.0,0.0,0.0,0.0,0.0,0.0,0.0,0,0.0,False
10.204214113951828,1377.9298315919514,0.197456456174187,12.637351418427954,4.240541103450275,1.73009520768771,0.6992859712643673,376.5191434737242,1.7809466839749128,40.32294139539613,0.507742481788328,0.9143025707876179,27140.999999999935,20.89551062317542,0.20319646540268166,0.8590318239298763,248.660000000516,501.3889434643864,1341.8405283639327,1066.5202496049255,100.69050229849556,2203.863136288561,2656.8490243716606,2960917.787769571,3418154.064886314,1497446.7250903212,0.02260014688893428,0.002214939184812401,9075425.348603064,57.38751486749894,0.048842225263102085,0.26507546094049683,0.10572283335414129,0.7148777786174674,False,0.0031964654026816475,False
12.8877390328017,1188.8814240586908,0.423966775454915,5.750923774784571,2.386306387803273,1.054819671983795,0.7696975504706574,345.0972012596569,0.9100606297885914,57.61742766757622,0.47313647414284066,0.6059265232510419,27141.000000000007,14.83260334649674,0.20454039511315356,0.9071686526258006,248.660000000516,495.10135214875083,950.8773524240609,756.0527785516372,73.92054420871368,1749.1333229240188,2665.035519699789,2832169.803305554,3179121.3574757413,1110522.2222508,0.01581049845032331,0.0006349533172332226,8984656.960973186,55.70101453392532,0.0,0.2010827993951427,0.1958613032961029,0.5065771176138385,False,0.004540395113153545,False
12.352765295934638,1310.8361509492786,0.48578845917672103,9.966138857398523,2.640504356868028,1.179681516023398,0.6264074396443214,374.28093751249463,2.5404696120194084,49.407207307457426,0.46843957554119686,0.2436572829324372,27141.000000000327,16.68874313395027,0.20565678342373145,0.7592496015033334,248.660000000516,495.8113730713139,1057.553245271842,857.8983373572933,90.87281114264641,1694.942019839371,2510.0598760832013,2422974.770067639,2864352.534735508,1122846.7879178799,0.005453768469845989,0.001159333846223368,9024579.207134059,55.04231876719791,0.027359545685472983,0.21589997990618412,0.18508715511504317,0.5384212136749846,False,0.005656783423731437,False
11.414627378157897,1352.4722352531448,0.022273309777482486,8.303816555865296,3.7134837138161987,1.4851751891897598,0.15785275580853553,341.79346556858366,3.0921069391245872,69.12705536318774,0.5187625184038828,0.9056032253765061,27140.999999999964,21.534118976037774,0.20967235553390648,0.5722278225904797,248.660000000516,542.4389267248898,1238.9098418264657,1061.8207045140077,76.11381735793543,2088.402741396949,2668.7785546148457,3353756.184891442,3777906.0040185703,1594616.1011649622,0.022650034795478502,0.0019289423444652145,9056712.306892842,52.12498301689708,0.04328910935413654,0.2666954543009503,0.09618559562495678,0.7349390505660301,False,0.009672355533906468,False
14.096981805955902,1294.4595334546423,0.1861923446925295,9.251412703367473,3.097671157341779,1.6541261948783346,0.7686475065195093,352.5597870885065,3.076813996897793,36.5629428998417,0.5299524105786889,1.1020399670342662,27141.00000000024,20.916981610377977,0.2107944567213639,0.3791103759202708,248.660000000516,548.2370766317241,1119.978698641288,1016.8754717471184,120.1876633608594,2110.016013783308,2785.8603629359473,3290262.740294246,3773008.2218023157,1716970.7892309204,0.028325226622366577,0.0015852401229107063,8987166.945012044,50.903087855356965,0.02841424781640788,0.26076283442188747,0.09432780114144754,0.73435570613739,False,0.010794456721363893,False
18.98151188943956,1185.236156512604,0.25562913531644926,7.31010194499368,2.811151279176973,1.49537860955871,0.795233308561146,356.3532694655402,1.2242307459095576,48.54772327341399,0.5389841670497975,1.0170766895532146,27140.999999999935,19.26737900610081,0.2115447457732509,0.15850188783579697,248.660000000516,578.6889614289179,1121.50172717991,1067.533445912688,113.83315223024316,1935.0671408335481,2721.78881444465,3603794.6527171647,4117424.108565265,1993799.5660119443,0.026655174820697066,0.0009493036104666604,8842513.12037478,49.55276134118529,0.0,0.3046351641886886,0.04407287367612509,0.8736109613475237,False,0.011544745773250875,False
11.675717401439664,1315.6917452537039,0.19086730413295583,13.00125023663904,2.851916211556641,1.2596991149843841,0.11999873910905323,360.11483719707394,4.797597073183352,35.95381239972767,0.49756877580541564,0.8362087082031001,27140.999999999876,19.248599260293854,0.21479758393695442,0.5693116561019776,248.660000000516,543.1922573435029,1035.5519529217293,900.2936237158543,123.58192698775974,2007.5644032571315,2709.5040110197506,3174433.5834417664,3715120.0157658225,1483328.977313661,0.021501846733644882,0.0011936938156953533,9032009.361728227,48.34984428936955,0.03140630754825466,0.22836141549126635,0.1496423707594495,0.6041246775761201,False,0.014797583936954406,False
19.056858650928007,1211.787019566637,0.3286997313898791,8.073861912868388,3.3772789336742943,1.5473917102581374,0.4129918291138346,376.25693076657353,1.3120322864120673,64.46713237479585,0.5265649092586167,0.62193735485247,27141.000000000007,19.6155062446658,0.220411850199887,0.053273629204027576,248.660000000516,599.7122210552513,1338.709039202426,1313.6226187951593,103.24355241613208,1909.6426734854665,2568.026806148988,3341905.6253184965,3954001.6071362123,2408494.378392376,0.020054928675904898,-0.0031749269278540044,8770663.282089734,43.453673271278824,0.003642017980714618,0.39575085913298436,-0.03896265557760852,1.1092038783495297,False,0.020411850199886977,False
11.06511145322225,1442.0525311337842,0.3207046207674656,8.068878813433274,3.0365242002894193,0.9293790280669212,0.9934342682419106,373.4656860833361,4.8838584332204835,69.08224845856427,0.4267687282653716,0.24409084654323945,27140.99999999976,17.754915610980316,0.22734197848415838,0.46902916605533934,248.660000000516,477.12495300529343,1214.1638283656498,1036.1303302752474,60.21333803400136,1768.8678827651377,2450.615408287592,2440494.7882882147,2896687.1419978016,1152348.9316480155,0.004193491729427312,0.0024313779366026914,9128199.00801018,41.214028880126676,0.055041495352043106,0.28042799327367457,0.16000074616031573,0.6367159273803566,False,0.02734197848415837,False
13.314653983731493,1036.6749093815092,0.35000285360546723,11.710627175493617,3.32994660596985,1.692869039410045,0.14628771708634258,347.76021702542494,3.251329091522265,51.68449175891068,0.5462075087495593,1.1505166987018305,27140.99999999995,14.933517139608314,0.22870501585883227,0.648476071587376,248.660000000516,560.7135669423609,1159.612227555097,989.7923254361385,126.61046890386247,2111.01359502365,2753.413714869856,4103013.6797302268,4737595.509458138,2146641.336536548,0.030974506606159007,0.00025166711330731705,8798026.637298215,39.01728815539429,0.0,0.3225767935692187,0.02144891854857835,0.9376531526770474,False,0.028705015858832256,False
20.699835218558313,1190.2263291617178,0.36854402977614537,5.762226516810864,2.5775246568795662,1.2190599162410454,0.3783761334314193,348.25143426002614,4.634191423140206,69.68561417281686,0.5162654172375455,0.7714653995809927,27140.999999999964,17.93067475269835,0.22975139744215106,-0.03654266525392027,248.660000000516,613.6679821061181,1163.4276605496993,1179.7350630893873,72.23153251535673,1772.5995718749773,2583.1189337527076,3548170.8595647435,4111312.3257470895,2206636.8514923127,0.02077771648743579,0.0001606259225919044,8805633.023758788,38.51988432384575,0.0,0.35957906384909616,0.0042710485346531876,0.9882615165165909,False,0.06629406269607133,False
24.050047694664073,1391.9914654888296,0.4462415704515683,4.811921338249335,2.5362961985149504,1.7183432002134498,0.9070373768197907,343.1306902359396,3.9840419864984953,20.92594492621344,0.5149333078885703,1.2583937156303124,27141.00000000005,22.518807149308145,0.2007462000369798,-0.07232632947398543,248.660000000516,554.5571954813864,1121.305513661517,1176.7360510614192,115.54022440227429,1918.932152265705,2774.5712702326987,2404182.4879686865,2838263.0357378256,2140963.3958389396,0.030627200731055994,0.0035268631048663763,8860478.102251679,58.10507070147656,0.0582263328129053,0.29578735204599904,0.06884251629322787,0.8111989108111641,False,0.07307252951096521,False
26.474922601817422,1516.0669500046497,0.3610985818123444,6.24415548883196,2.668674322933894,0.9578649573764098,0.05130134669245734,369.56278528734896,2.7118248829194793,65.69067311305857,0.48509911049570126,0.9127724045309249,27141.000000000065,22.99775177612098,0.20375358854604309,-0.1959102147922519,248.660000000516,700.9168040548748,1239.250867238755,1403.8467184818564,103.41887745950528,1813.4259083065429,2618.9330764963124,3489932.658873379,4051743.5169649757,2372571.668415213,0.019257874582161223,0.005515681249212669,9041753.478626035,56.70687825298217,0.1000827965243315,0.3518929980316594,0.035390636637405035,0.9086183007251352,False,0.19966380333829498,False
14.678194945278705,1039.1430902170957,0.13606186109967877,10.95367356641863,4.732673977892612,0.9015370902380301,0.8174844695622197,370.57859173481233,3.60942145364585,27.672629793693226,0.5164587865665179,1.3493499446949104,27140.99999999992,13.962761556320299,0.17807318518148677,1.6138998052979987,248.660000000516,563.0311135634374,1352.302104012408,922.10099657787,120.57150337425784,2582.690691216426,2914.381735343703,4646422.664753694,5079045.289062661,1640779.785741914,0.03624674436724259,0.0003759624817218647,8990651.401514314,84.46843638630324,0.0,0.30789032828887525,0.05642429628770776,0.8451220662544477,False,2.3021040124081082,False
14.756735474058452,1398.7544533293146,0.18709994873079705,12.530308085489922,2.5873229879673625,1.3289645640537247,0.10355858036340682,348.47960696531914,4.708286088549214,38.962826630469706,0.5094078948382553,0.9715502410870235,27140.999999999964,21.948283466942875,0.20701613903154834,0.26862494615148974,248.660000000516,584.1388448638471,996.9468759172803,946.9127436936435,156.80971173933307,2052.218447171961,2830.9797578122448,3204225.4739089077,3775527.330015842,1713657.376118566,0.02464703020128685,0.001721814892056023,9033260.017903622,54.017039077674454,0.058128221655861304,0.2261295635318984,0.14305667734925936,0.6125081015808772,False,6.816727878364616,False
14.022987017379101,1249.727345497481,0.478246753958113,12.812487354752012,3.53632581359838,1.4944169263804115,0.14237142443265227,356.5277349205447,4.526673662669346,31.287220523996247,0.5239041088540158,1.011339593287349,27140.999999999964,17.461672668456206,0.179324497688952,1.1824072890329675,248.660000000516,567.3495960748113,1145.1576234631657,907.1756068237445,161.14612285420034,2319.250489705522,2872.870006746669,3198767.120162855,3646480.0753129832,1531065.0034020105,0.026236061139802102,0.0012127067616097991,8979266.064513959,82.60776043993934,0.014944778517131411,0.2233240891864956,0.13552662197055146,0.6223314661030734,False,11.146122854200343,False
19.172284818959255,1573.168237004581,0.30254445132786495,7.879625383172406,3.1224729426583018,1.7144356399408507,0.8223475682359707,345.50150880943903,1.6190683977072586,42.31671206415438,0.5230018845826291,1.0660303233009905,27141.000000000036,25.714870373292218,0.1745411207921983,0.28414196765977123,248.660000000516,567.3346021278263,1148.3873445927086,1099.432630361492,161.4087242921858,2148.4062005518076,2833.328732863516,2737580.2329305466,3123141.880184728,1672634.5673079644,0.024369375962978862,0.0045637530417333575,9123673.720422707,91.02807138492912,0.11115551502380348,0.23159155733459522,0.12811137139092932,0.6438411779274497,False,11.40872429218581,False
22.881739045810633,1576.0563283293989,0.13470184344275232,8.321504469435506,3.7079068879476442,1.0277077995765884,0.6115829717156172,378.9782898727824,1.7303911629042874,48.83489351622538,0.5026939888517459,1.2937016756731592,27140.999999999935,25.46935075883504,0.17240485118608495,0.1515486831783204,248.660000000516,648.6973363498831,1362.8175066283661,1348.0809188005048,126.32743337730624,2127.798755798064,2678.803806182481,3488357.874763418,3942445.3518047566,1862752.0190384602,0.027584513445356253,0.007527843734088878,9145259.591086898,94.67743173501361,0.1084435425298005,0.30952332199495297,0.06487042544345938,0.8267320811650826,False,12.817506628366118,False
11.459018440908684,1254.4206035967482,0.4514700658054098,13.255001067425878,3.7813760334350945,1.4889764265519478,0.2660115260401821,350.60929553465553,0.8002024740139869,74.11582567076725,0.509329784532238,0.6171131061251228,27141.000000000182,17.07483444943432,0.17575963417693344,1.6501334044677565,248.660000000516,523.2801636135086,1131.421213266933,833.3705831140014,165.58700279141055,2103.5756706425227,2791.012806522005,3017119.3349850522,3405935.4990623305,1335609.8561883653,0.015798998081456822,0.0009500687318852494,9014800.748562561,88.08411374620745,0.015033219085935662,0.20086207875641177,0.16829569160504979,0.5441090365231571,False,15.587002791410555,False
11.184016906277511,1520.1616656430392,0.07710879394708814,10.06451463373038,3.5275861652998204,1.6325415710508242,0.3879894664107344,345.7065868850522,2.223864706991388,22.88299967699914,0.5047995972348442,0.9691543797094269,27141.000000025095,23.931026906054882,0.19605567270207558,0.6685521010626514,248.660000000516,535.4779834660882,1118.245075250029,975.5246194454328,165.82711981463805,2443.9197910435546,3005.87301474869,2991619.6568205343,3389047.1374941496,1611531.5757181617,0.023993598341896853,0.0023102206778210232,9146531.447338691,64.38979917159078,0.08934209804419502,0.21576840009240136,0.1573752781708361,0.5782448227360445,False,15.827119814638053,False
10.122692183882215,1390.1008039725264,0.37699496001411975,13.782203188692858,4.139454298293604,1.4371603531639,0.3430842951637999,349.75335734558956,0.7919356717116768,69.15821776037305,0.49038994257760354,0.5965493394490013,27140.99999999995,18.874628039768417,0.16262717075862565,2.069980723556482,248.660000000516,502.2533107306044,1138.8554301915556,798.7379034252224,169.1893905435762,2220.493041442154,2817.525884472745,2749492.653268781,3073192.455100509,1132676.167072344,0.015153540576114427,0.001037405045870888,9139271.014358087,112.72782122047339,0.049280709619270724,0.17262296997066304,0.21117341751519636,0.4497774747216013,False,19.189390543576195,False
18.032014844656665,1261.4267794942493,0.11993799801315924,12.465571060391175,2.6066828316202875,0.9347818724474339,0.700113631258398,369.70004559101596,1.5744171018332334,30.404355216128913,0.4996375274646897,0.9893700991371699,27140.999999999978,19.3141148239727,0.20385470449769322,0.2709909177537715,248.660000000516,604.8244280794095,1001.5510264459908,933.0763414302081,170.26648727412012,1976.8506473908221,2778.16407462248,3985976.37450378,4607287.822328387,1816036.3695813296,0.025728739923396308,0.0011237539372855965,8966595.60545306,56.15187273794445,0.01731752744588549,0.25688455396618143,0.11957948240737651,0.6823614718705291,False,20.270341978617818,False
12.70471106737092,1065.8563442162263,0.14699778890919135,8.270952627079708,4.732621592812585,1.29275803149566,0.12384907739358952,350.89394988602936,0.5286957264557717,21.682964173771378,0.542862091788716,1.2119410356822364,27140.99999999995,15.69885494385523,0.1852182146806304,1.4558424507671144,248.660000000516,557.9889083850181,1309.7993350041445,945.1109154766225,172.25478120710963,2773.049280353136,3097.3593785896055,4371625.164130138,4753783.743159696,1972813.1623142865,0.032445484553623116,0.00044780709582840493,8895535.058828576,74.27110261392556,0.0,0.29363291515939616,0.052658230714251436,0.8479365373856107,False,22.25478120710963,False
17.85200355290052,1194.0058323909025,0.18488516420984247,8.594723685652898,3.007285689541796,1.1625175791750393,0.46049912713580454,341.8650446852723,1.515922809531927,46.28786059052355,0.5289671122922364,1.046569775305174,27141.000000014195,18.761351957219908,0.19384931704442288,0.45678013442587034,248.660000000516,601.5574904001755,1077.9894014472854,956.5353341563948,172.63746757582788,2203.0316939366326,2905.835534793057,3980904.687504912,4450836.641665829,1923165.8909524102,0.0274251274916585,0.0009798227799140825,8902538.161518294,64.83654961679485,0.0,0.2657995088982625,0.08966045895871616,0.74776214745287,False,22.637467575827884,False
29.638426689982772,1508.8666508756478,0.3430640491269972,8.109865664305804,2.2762326545096334,1.1652154291972543,0.7409964745099502,356.86485458542836,4.112987151297294,32.9477885839895,0.5156213200583624,1.0535506950162008,27140.999999999076,24.182652762983345,0.1696295002560012,-0.030408803877463253,248.660000000516,636.3354792812812,1026.3467511325196,1067.4885820368681,173.38266786241152,1932.2092908708391,2793.906344590388,3166846.190004433,3645706.0940941432,1754857.0763703706,0.024838360311996877,0.003756059101436852,9054145.255395051,98.41066956523537,0.0924150994672337,0.23720107831627574,0.12723108341883577,0.6508785536022091,False,23.413076666288987,False
26.53181429686346,1296.7675486447602,0.31768208164450834,4.721414176023588,3.5492978180735095,1.5839402213315381,0.23036659172786056,342.05946806238035,0.6323053616974679,29.61894446890519,0.5184418549220895,1.2386381730510831,27140.999999999993,22.657930481810833,0.2015862285061976,-0.06142966631557494,248.660000000516,681.5531532241054,1378.4453550246988,1428.961157424728,133.90850431043904,2358.139363763508,2915.975836310771,3526286.1717536505,4022980.657219475,3376897.22254589,0.04166890301258309,-0.008051024357803653,8732248.5534459,56.551273158702735,0.038878989112148,0.40671390265905244,-0.04415284979270379,1.1217804544741874,False,28.50837091952053,False
24.29877808768483,1362.7412091647238,0.10362461396390649,6.862343372150042,4.2192395658340915,0.9195239992368448,0.9556667056701709,341.7972594007264,1.2274882935066491,58.39709595373318,0.5235676966961915,1.1876968727384276,27141.00000000005,21.99390460522362,0.1505274381337478,0.6774429534011848,248.660000000516,656.7334762929077,1320.3644279992823,1112.7529078446023,182.5059128842817,2499.529358708357,2957.908727826216,4182262.8770345855,4523729.008694333,1841001.3375109546,0.029910068617050256,0.0023252122059434703,9082808.946988175,141.27718896883047,0.04938831273498691,0.2783324551069854,0.08138351405815629,0.7737561825597072,False,32.50591288428171,False
14.481572738926387,1344.9175525534895,0.08476186178310458,12.604531664561561,4.57092687833528,0.9303067840525634,0.5326448049436736,371.87805429774255,4.888128565207021,36.455515591665275,0.49169091951452015,1.2803552110080472,27141.000000000065,19.559589586150107,0.17171067874467466,1.0812330100786214,248.660000000516,576.1657574758162,1385.4787750841726,1037.823172669898,141.28784661270703,2475.7009294341597,2828.9020912715264,3626191.4393446213,4057632.682087199,1515723.2369466433,0.032972005372147284,0.0017781154098222072,9099977.528079927,95.35583687469781,0.03860595081924031,0.2718061491026239,0.11112315268548657,0.7098076533537899,False,35.47877508417264,False
13.216515302745881,1440.4244065402047,0.4039564760695985,11.687912649845437,4.894539017080884,1.130530006085356,0.23576232699798172,345.889203672464,2.9273279447779563,43.96692934314294,0.49070743266811456,0.7787329709021193,27140.999999999978,19.088377576078933,0.13145579929034582,2.7880344531726067,248.660000000516,550.2476253411717,1263.1214603726273,814.1043610689972,193.20017592290284,2643.6144663897476,2959.8129196675704,2741793.6602547895,2992114.034656786,1031863.4754151725,0.01990638074291743,0.001229210820336975,9203420.251994275,214.9358602545178,0.0623400715870118,0.16366023183151376,0.22005494863302805,0.42651487395776155,False,43.200175922902844,False
20.99428241601455,1098.8299952674076,0.01776440241518168,7.096871996333431,4.423612539360654,0.9402896347606251,0.008216505039312039,354.4646659084823,0.7863002856434835,28.969178199453825,0.5546945387872594,1.3175264972169465,27140.999999982065,18.005753780526778,0.16736040128357074,0.7730163072272086,248.660000000516,654.2882575964159,1339.210887324271,1086.5287129464452,194.6507651882725,2673.858668602025,3060.8392949330696,5129670.486804299,5532136.910188848,2168701.160754783,0.03566317427641821,9.581238452331022e-05,8868465.75584674,100.3666075085213,0.0,0.33401763906407506,0.004867054406283099,0.9856380223124217,False,44.65076518827249,False
21.85471916821673,1331.4848820621314,0.4010841360477665,11.863828308145475,2.6391804489870987,1.257647697628616,0.7780741808327621,358.3247251032614,1.512636165332902,76.22568601822059,0.5117244842486894,0.43221946127682304,27140.999999999935,20.105740991774674,0.17727162619738784,0.29804307778677,248.660000000516,569.6168957867093,1059.2679287012102,981.967563552399,194.914172061714,1696.4910416958328,2683.6611565182457,3048121.554107063,3586586.681361459,1612423.52670829,0.009864788407812925,0.0018660799907013004,8928117.952912932,85.02391725275304,0.0372321334370638,0.245114794987548,0.12190317974085309,0.6678550149183748,False,44.914172061714,False
17.972045819517312,1500.68723149736,0.43452919315283495,13.59095398080584,4.152909306240046,0.9880086095801256,0.29857942813439897,359.4368822394989,2.7727401524060356,69.97240476425083,0.486011044935435,0.5250387986402812,27141.000000000444,20.26387420083226,0.14351958894963862,1.3552666648043614,248.660000000516,593.1954747762352,1327.5996859105724,979.8486464577076,195.70093557259133,2149.355124490944,2633.5654673099816,2734990.339044137,3110137.38739465,1274350.8184560211,0.011661679344740413,0.0025883986891556956,9164855.507290201,164.47161376227461,0.07952213350638782,0.2109891475231167,0.17602080478888635,0.5451775755705105,False,45.700935572591334,False
11.526165787479144,1467.9512753440688,0.21920461572044675,11.958116956140353,4.933968535989808,1.3846462833693902,0.5011204636599379,342.88204533439045,1.7079754104584204,49.9929500495336,0.501676248059128,0.8501893576029748,27140.99999999986,21.317136203818325,0.1484646831001524,2.040164782522247,248.660000000516,524.233123328173,1254.298922862777,871.6808625989755,196.3498448066427,2630.642614519,2968.5192831063805,3001940.735925879,3287105.0422466304,1230730.9046438374,0.021584419816143924,0.0014905695385582956,9187529.752559843,148.9457681623027,0.07032813589960131,0.1850337446813039,0.190566671836512,0.49263455668326495,False,46.34984480664269,False
27.12016326611914,1125.6632115045709,0.43690026974920876,10.311048564236115,3.0993332871059325,1.2017206233414721,0.9817807971796761,377.8831937619664,2.9552150532806767,40.78212426826772,0.5193424948761333,0.8224460061653895,27141.00000000005,16.24089691239569,0.1707622146780429,0.3820285089266168,248.660000000516,561.776335745698,1199.068662603787,1055.2473459152907,198.79746047063855,1939.4113846245739,2627.3511917776495,3689087.2494093273,4242504.531631108,1827005.5736855865,0.02170850025049782,0.0006135068028370616,8721829.447820429,92.92469210629594,0.0,0.3309646226948254,0.030538895112265516,0.9155225506586577,False,48.797460470638555,False
14.334839805803458,1338.0890516281706,0.11181937997299035,10.32416946091697,4.8080738642185645,1.6638083779802275,0.09926346308256806,348.2761919348171,2.3573715901879977,58.767654599554845,0.548155777469188,1.1865933381935512,27140.999999984,22.422796665780492,0.17343554912118536,0.8817924505921653,248.660000000516,580.2362687741731,1399.5749720118506,1133.2453291751815,135.8785051686317,2451.338780305068,2803.3334713149275,3689611.7251142673,4091586.809249958,1782813.0159813613,0.030053273680066283,0.002152056111825903,9015703.31069294,91.68201069460311,0.04412661967023957,0.2775561220179472,0.06575484998910276,0.8084685449908882,False,49.574972011850605,False
18.998300998371256,1311.3990177596538,0.09712722251505812,7.454268197554494,4.1885364785597625,1.763107000350948,0.15210286842093013,342.02574110932807,0.8035370335383129,46.12830612931807,0.544886681319581,1.3466133392776234,27140.999999999993,23.939121125085602,0.18869948535812592,0.2726575541838584,248.660000000516,631.7843430059914,1370.5634437660392,1281.781795899576,180.31489856065323,2564.975655620745,3003.1181848839974,3807755.3826709692,4267953.9248015275,2632687.390992677,0.035824535775468895,0.0007238968658650756,8858130.500618754,69.94051146852601,0.041555581549830516,0.3357838065609417,0.009182485476365236,0.9733814993281367,False,50.87834232669243,False
16.02939626372032,1378.001627330947,0.028571572034337522,14.886658490980961,3.6085672668003026,1.1700646678772337,0.8337872434508156,345.4986072507903,1.9488378738322498,76.22900047831148,0.5098713234341756,0.7353236098018477,27141.000000000036,22.135100231689016,0.18402093075056855,0.5749988762373157,248.660000000516,603.0323234966097,1155.4647482448936,1009.6318733279519,201.14724027178121,2057.749875501684,2795.4205973175403,3752587.2116844,4295762.571644702,1800270.772453255,0.018093248813433337,0.0018641692801986362,9070501.68833471,77.21977227166819,0.05183952608601326,0.25198420669791416,0.11750280004732236,0.6819839455725673,False,51.147240271781214,False
18.34339294109876,1452.0893175991216,0.2191759940050867,14.677307065262841,3.6019544434106816,1.1798576380085692,0.8920842569859896,356.8887812887056,2.957835742352212,58.4824505308776,0.5078428554376033,0.6580809516492385,27140.99999998486,22.474351248949375,0.1622043930493793,0.6794425399666223,248.660000000516,575.5898106711306,1187.1543242131488,1008.2665931660183,212.77561930116093,2071.4974096029273,2675.6019066051563,3206732.3758685477,3680191.7972725737,1497296.8766983156,0.015447815867068984,0.002413159241633033,9098294.519980494,113.10219449156736,0.06906521150687982,0.23247144634146885,0.13809860177817884,0.6273346902187025,False,62.77561930116093,False
24.595348453466354,1531.0842479872026,0.23559109450170113,11.65509506712149,2.4164412631862704,1.356686356682862,0.43484114327295664,357.2641703988682,1.3462009811719082,57.36686266319298,0.5100046283142312,0.89913104857256,27140.999999999964,25.951954200775358,0.19178344194634156,-0.13355812894214472,248.660000000516,655.4500732314118,1060.9840768902636,1142.2200640222643,214.79186042341283,1871.552927076945,2802.0591775235243,3144404.9732804713,3812832.8907377617,2228448.7671291707,0.01977082787254224,0.004632487916765579,9024759.515617887,67.87364755052766,0.10880713875851836,0.263291417009062,0.10517827217839486,0.7145538011272183,False,64.92541855235497,False
23.441446190269417,1381.7942889800502,0.3713781595541276,9.040456370462604,4.557798471496013,1.4140909796064798,0.8818100041174853,356.4061901274916,3.6506237866457933,31.80830184449318,0.5436798737305686,1.0631496480661853,27141.000000000095,21.700601754238033,0.12900813403171157,1.2126232909468582,248.660000000516,573.9309074325893,1342.1045501962922,1026.2727842126549,219.83206809120472,2577.877286373422,2942.954858002152,3326832.1847718954,3625339.2398516703,1375769.7820291426,0.02639625236440658,0.002458692233757856,9036620.461528303,223.28196124373792,0.05337088235966878,0.2308874989019486,0.1149285238332524,0.6676599223938917,False,69.83206809120472,False
21.120016020732685,1283.6263766196707,0.48803722390647103,13.285339533520382,2.384456236376222,1.1235551931208527,0.41936396242579976,342.8609360350181,3.9116388340619563,66.09042961750778,0.49971365770146875,0.62575381998631,27140.99999999992,17.841492508583592,0.18329790870147442,0.42507102951204406,248.660000000516,600.0248169348398,986.2086433944493,895.6054308434495,223.25610476705876,1795.095862863874,2796.2937003579395,3113865.6724151564,3715358.075175764,1716304.4518951578,0.015635880458951045,0.001347703969297341,8899430.422418918,76.66348521574797,0.024191074561269264,0.22595798479365833,0.14985238440715032,0.6012553226622681,False,73.25610476705876,False
23.35023664655457,1487.5644529754227,0.43176407560992797,12.584419574469774,2.3967662993814525,1.383500669864604,0.7732961489681285,370.9761536907372,4.671776086488495,44.954434822798376,0.4959400913615141,0.5934640072195254,27141.000000016655,23.19795369083416,0.19242121838745874,-0.0887166811382633,248.660000000516,573.301301555709,1082.1089415410347,1154.5791698123935,224.45153149912468,1741.1564264914098,2681.9286011753397,2468587.4593345285,3144631.0476336265,1889462.8667316632,0.011546713516866676,0.0045604931030883466,8943122.382858785,66.59309046649237,0.08202836963089696,0.27655644118351713,0.10205180704894808,0.7304554046950178,False,74.54024818026295,False
11.483753494645166,1140.4118286791484,0.39938135562580473,11.548392238683626,4.09563991503978,0.9714220892377323,0.16398227758722628,340.8633657628347,0.9388153710951312,26.073128145686987,0.4734091725068634,0.8004419416705301,27140.99999999397,13.548767280063716,0.16368217802104085,2.705563776265831,248.660000000516,534.0424527714288,1105.6572046872543,720.8979618992454,235.1899043402437,2732.125623700217,3157.923670144864,3191401.2540164078,3518620.7085016808,1506817.483169769,0.021227034889816733,0.0004977598490582963,8991769.500416983,108.77769614685045,0.0,0.1932998102805401,0.20355656438697836,0.48707749861013167,False,85.18990434024369,False
24.812934617195783,1016.9622357144996,0.2562735017206935,12.720963408923028,4.20421072337758,0.9973654482902768,0.8329401087337758,349.51362920468296,4.135044340475741,49.82772991174675,0.550415860371781,1.237818993313877,27140.999999981337,14.795197010323285,0.1543525549858652,1.15230743067693,248.660000000516,619.2375584341116,1257.0813991145396,958.7028581283142,237.5298136864836,2434.111013779212,2864.986747611824,5047751.80352064,5558032.097829493,1943606.1539137578,0.033330174692902476,0.0002654706046063566,8829740.637276554,127.38120580843359,0.0,0.3146627063514022,0.026690907585395097,0.9218086274887454,False,87.5298136864836,False
12.697292627937937,1576.8362280627541,0.26510269304578116,4.474869291572736,4.792864033220599,1.2224029900132098,0.7314212789001067,360.94832059198995,0.9166181141523075,26.36355308123352,0.4807293306762992,1.1693715980405281,27140.99999998851,22.24672749798085,0.16132014445878198,1.336099244797709,248.660000000516,520.8875497601335,1445.4398166524104,1041.3814636567092,71.57571790329065,2502.9071199075797,2841.50768411333,2633743.1175370365,2876741.02425606,1291207.1938156202,0.028387323288223607,0.00335059125418093,9215578.629470687,116.45434021487532,0.09315097624453444,0.2245598684840613,0.16726417874741872,0.5731140548180721,False,95.4398166524104,False
24.00331430668695,1484.3203123059466,0.44298084973369767,7.5873121357773625,4.481927914692703,1.3679803670430013,0.25942786622237113,346.9229481760507,3.9400205296182813,58.19796971113484,0.5330988864708637,1.307477795289086,27140.99999999906,22.50316461111513,0.14324714243777448,0.8271889370460425,248.660000000516,649.9479883880738,1447.4654022650243,1204.402819446157,139.02958170802688,2442.883899113349,2824.1548106962723,3266027.51828619,3603198.5898448927,1699967.4801898515,0.03034002748175261,0.005146227360187242,9127575.448694494,164.73899294781785,0.09323093490482236,0.2655493349527569,0.08724370234028796,0.7527057137813646,False,97.4654022650243,False
14.078485428545076,1135.1822476746959,0.13019908668515268,12.065374172598268,3.582740579581955,1.6744747831483537,0.07604177754206787,342.0621644721434,4.308182618813195,26.53799001274714,0.5492850823984313,1.1369768739192079,27141.0000000011,18.888461473007833,0.20541250656231066,0.579652716676694,248.660000000516,577.3865691889242,1139.9363028468913,996.4763636442261,249.64581862445527,2561.8227789471903,3103.753952836142,4095725.5364411315,4652754.451422939,2277027.9343334073,0.030153732308877523,0.0007049570261649467,8804097.961056639,53.889368792457766,0.0,0.29016344971658126,0.05201982581194761,0.8479767144329338,False,99.65123113101758,False
25.85342554633826,1134.9263620236093,0.23856603569759233,9.669424020298191,4.513107194231506,1.047629886285045,0.0147186060807597,360.2662012930257,2.098606625512703,37.52992255140716,0.5633496995772994,1.3258127950238525,27140.999999979125,18.001428922348097,0.1541769816434452,0.8318636643502246,248.660000000516,699.5515129569415,1386.073295245136,1125.4974017845852,216.53906063817882,2610.569250812226,2974.26008438704,4958997.170790278,5424178.7019449305,2186434.6709105894,0.03587855120281405,0.00010533386690065338,8855574.152577562,128.1908370875273,0.0,0.32990309452880856,0.0037611932001850594,0.9887276123381835,False,102.61235588331485,False
13.112696002799673,1387.7632055534211,0.34861240263909454,12.071554314602553,4.626005576453234,1.2718495044467815,0.14248297349124084,350.4124372156458,2.2535843064919376,23.274654210597966,0.5078226762599536,0.8307005661723948,27141.000000000124,19.502591828495042,0.1451775650840033,2.1192747213781176,248.660000000516,558.4725250288485,1209.760816909175,851.7797142719241,255.11654392798891,2794.754744889285,3134.102343760548,3072434.158527743,3370440.345796926,1295432.7531388951,0.021269706852922125,0.0012763372135629453,9135425.885433068,158.39050776531056,0.05165928577669287,0.18404919012210183,0.18661837250168206,0.49653438466345134,False,105.11654392798891,False
25.120216148337782,1403.8699740366708,0.27705957870231185,13.431963402258619,2.677885992351038,1.4985087563707422,0.7921084522507646,370.98935695663073,1.0832763924054596,38.83163241340213,0.5219742990442349,0.9910011213827356,27140.999999999964,24.026854473065423,0.18331644107338357,-0.021566011943761138,248.660000000516,619.4606461376836,1098.4756480811097,1129.4213960702891,257.99069321295167,1934.7536615032527,2758.0195806472047,3171220.8971158885,3856366.500591733,2163024.104886986,0.023701650192353624,0.003195111243095167,8917612.042495497,76.79681341030671,0.06695978911259688,0.27825593417536393,0.08167700816260401,0.773077152560514,False,108.01225922489543,False
22.233711610047834,1146.6089573424465,0.4860053367468099,6.744377482015132,4.965651330871141,1.045234927909423,0.9499036926124411,342.50939304780786,0.5334119251082938,25.849055696052794,0.5072942824365994,0.9249521346607668,27140.99999999963,14.96927771070753,0.11877803880299383,2.512630612329537,248.660000000516,527.8493731555217,1358.921272773655,825.7053263219634,250.62807519122242,2811.7776265025723,3091.8228806322923,3267856.859455945,3498246.0173907736,1409704.7806455866,0.02431465946171265,0.0007894664251148751,8824353.387390438,279.36585124633393,0.0,0.22524160673803262,0.1446883975747468,0.608876285005497,False,109.54934796487731,False
21.391197734508665,1481.435622244148,0.4752227026690682,14.909895739414111,2.8436951206466756,1.0731272169067656,0.48772515266748817,362.3025560373627,3.455171061769737,26.45546793886019,0.4955240993805607,0.7732396515433461,27141.000000000065,20.660809586188353,0.14509150854686523,0.9362702564181327,248.660000000516,593.5263972751892,1001.0264308912203,846.0724328732006,260.0644683240145,2154.1180016646613,2858.3496872674928,2756561.0321155814,3189015.681094461,1293084.762424698,0.019352269432871962,0.0016342279496660412,9100397.475451801,158.06410248592996,0.07638937733439807,0.17251724901839685,0.20677436557233006,0.4548406618600068,False,110.06446832401451,False
23.563315201966425,1460.5476854503947,0.19005270244126726,14.534830323795456,3.4483827946120185,1.1410379146955034,0.992848235333601,351.18083392276833,2.4833632517784694,61.86428237756557,0.5189206350273224,0.7863096737801318,27141.00000000267,23.801885246535768,0.1534927655101815,0.488945310888163,248.660000000516,619.0543882754695,1153.492072368915,1036.5450375147534,266.2488428704555,2089.186354648138,2748.4268290224636,3506262.420492124,4010682.216974684,1684057.4792476846,0.018589508140180077,0.0027517227158885818,9080309.411236959,133.2096819743401,0.07595165183001773,0.23759767121135114,0.12501418509051915,0.6552396648981983,False,116.24884287045552,False
24.505436447795653,1309.2689534429203,0.4103331672692654,5.245315885670753,3.810958921573736,1.7906420675749182,0.1490790498675565,359.80144265583107,3.3356537799878465,40.251765212707944,0.5227877555752524,1.086007164645335,27140.99999999995,21.981858249959362,0.20801427815048537,-0.010162131043901717,248.660000000516,671.0917283930519,1472.4627363346337,1503.170511066039,94.9003013991117,2258.389465710268,2762.725754243811,3209410.351919909,3740665.770845863,3157135.7554696193,0.04791452005092522,-0.018439199595286233,8776651.058001095,51.73068994652778,0.04558503479597436,0.42626061892494593,-0.06678258757478085,1.1857765475235074,False,122.48091274382813,False
17.347112169279065,1292.9310151433842,0.49275812084768467,12.629113540440228,4.483100877955231,1.0119346662817637,0.504273983084654,354.6760376160825,0.9000813682739488,43.716621574180884,0.4961443914234845,0.6849916552458104,27140.999999999978,16.543027695553196,0.12014824635551073,3.037997895674798,248.660000000516,556.4937364602924,1182.6294301159958,754.2720452630778,272.7050487492518,2517.734907909889,2951.5595743193676,2834060.53360362,3092594.504399876,1029818.3659999026,0.017749254201500014,0.0008421043135265096,9060148.025247747,277.1289275355676,0.02417743127988087,0.1610267487627889,0.21775429965580195,0.42511828254099526,False,122.70504874925177,False
18.980383918799404,1513.3357523901398,0.0003456763160242793,14.916332530999318,3.6978006019564393,1.063818069111261,0.8001928057605164,343.0478075210972,2.345000357164401,54.38793579609083,0.5073442649279829,0.9584430024893734,27141.000000000036,24.618082916116208,0.1624964067645112,0.6223895240952295,248.660000000516,642.515912488932,1124.959011935302,998.7373383867874,274.35644041212663,2373.483385411901,2976.9653791669266,3772406.5396818807,4262325.233650958,1789743.460634361,0.023555445137827643,0.002457656392736474,9160157.31117612,113.25842632102825,0.09180692991390017,0.22637678025466626,0.14515321388850735,0.6093095680652615,False,124.35644041212663,False
25.816632624771465,1098.373668461967,0.4429514698619372,9.638965037590516,2.3774244948536105,1.6044269725063527,0.8875867114180028,345.8024467437077,1.0283716414035733,35.08330790750546,0.5307758566482951,1.0399388017739106,27141.00000000014,16.654505089263715,0.19290620724858754,0.15525538338028616,248.660000000516,568.0352419147837,1000.1211722694852,960.5959037656137,275.95033227642045,2049.3565103932506,2898.8808206392187,3616857.621766695,4230003.028734179,2270006.4012483796,0.027473462506707343,0.0007515165122385099,8643946.237825189,63.88109131117135,0.0,0.2965946649316605,0.057337738425428914,0.837998053070095,False,125.95033227642045,False
15.654923436139317,1207.1601238507747,0.44735179812899684,14.971217406759648,2.305267827436137,1.601326882793864,0.5561485778409028,340.1819515466784,3.2744756538987385,36.79569124966268,0.5134551415294465,0.870411699395893,27140.999999999935,17.87606750299934,0.20901537480708593,0.383505801937348,248.660000000516,540.1849613393551,911.6824806092443,842.6626648825446,277.1270437417329,2091.1384801168388,2963.2121307450852,2972324.2537718117,3630923.198025999,1891655.4887229488,0.022702893542048835,0.0009209503912550384,8798179.285564747,51.11601451920422,0.0018596340150965971,0.22460479983567755,0.14116032777536755,0.6140683812660306,False,127.13605911654,False
12.984499013821736,1096.7200055301082,0.026377896562251646,4.5171448153619025,4.845284888176156,0.9821626109906529,0.5083516758883896,344.74519281494304,1.4665453304391975,65.78432436686504,0.5144633175545692,1.5001866068140026,27141.000000012085,15.776478657472142,0.20059636841613415,1.0546735082838172,248.660000000516,565.2552008624322,1481.169591049047,1078.5215364305297,64.18506507100874,2440.889360499779,2778.636437885423,4365841.51850589,4727633.738867141,1969158.3240900785,0.04058805971670421,0.00012850497885276261,8965813.364931695,58.92768394340293,0.0,0.3576562654415532,0.008122344764198994,0.9777943692234214,False,131.1701874174632,False
25.03907122284415,1036.9991981019211,0.3724118368409048,14.409035198896706,3.8106786550864595,1.1588219479079103,0.6723692184292864,368.4819514712558,3.4540262894237093,28.815818941612612,0.5417446985227691,1.2869145041838992,27140.9999999996,14.71787201338288,0.16125810291725678,0.9328127753925538,248.660000000516,610.2536809377226,1223.7454568433218,977.5024032774601,285.0658500973838,2370.33623051912,2871.8547385865627,4688457.189649365,5287237.428967404,2051515.9470382044,0.03459996650734846,0.0003281800507062357,8749147.905433586,110.68786134306194,0.0,0.31916035682819793,0.027536793352712544,0.9205739264417272,False,135.06585009738382,False
24.776366774406497,1034.9642099659277,0.33738909760685964,12.956730690531401,4.377563627386863,1.294741243762226,0.8227704352972897,361.8830673555855,1.340262899370078,37.14421034029289,0.5616231159911842,1.173375260874677,27140.999999999935,15.303964136463792,0.1482519036062091,1.2346864792571894,248.660000000516,598.2536382589481,1268.8484329051146,970.5364829894326,287.8408594153059,2484.192888987311,2913.1530494001254,4824907.563549173,5308039.560614357,1924300.0992582887,0.031506122012815524,0.0003404559425840093,8781554.363415971,142.97807166144236,0.0,0.3057122241873901,0.028718228537267007,0.9141279500616791,False,137.84085941530589,False
13.310028009315749,1248.9410635439513,0.22406032875136167,12.523904133954188,4.389172102347645,1.3701511152014507,0.4606302961632769,371.12854406175586,4.492800283337306,60.49512619200726,0.5080002144237177,1.0244391976753358,27140.999999999978,19.08921791386734,0.211396774785542,0.49715544996447253,248.660000000516,547.8906145760408,1488.4694965806468,1252.3445286782503,130.00953451686348,2242.0786707739803,2618.038111686152,3319191.9107175586,3911088.170397532,1997868.2123817327,0.027871490326968874,-6.718606286260514e-05,8897991.889682086,49.968442300658396,0.013811534096240205,0.37131529182966744,-0.0013173485568172597,1.0035604212963039,False,138.48089335543236,False
25.336603547078532,1453.8078607931272,0.2165514502900856,14.082603283694091,2.452625866616646,1.297369397440326,0.36928715524795175,361.84744101922627,1.3696801783376356,28.82737349572261,0.5128068225747809,1.0636104695551831,27140.999999999905,24.95897958377318,0.18583812592019205,-0.06365633742695957,248.660000000516,668.7982823329446,1023.1674615899088,1064.0234537549845,289.49498154962663,2125.2301489402407,2934.9711401298177,3472587.361686396,4209911.3183554355,2370217.34002397,0.02582891655063632,0.0030385352035608047,8951508.658624455,73.99300435880636,0.08586063074187444,0.2567429708069922,0.10967468014426007,0.7006839603399699,False,139.55863788705358,False
22.01097834928245,1570.0777002481873,0.1151514395104824,10.033389111596335,4.727385124660193,1.0198525011833253,0.5234125806737658,370.0163943640814,3.510559583977612,48.065171584698845,0.5116559368907441,1.4968921994540165,27140.999999999935,25.21270106027514,0.15138945696389,0.5565653288259896,248.660000000516,648.2337745571253,1508.4553568015674,1313.8133743643953,155.83717742917432,2473.356011854651,2794.066165618655,3543180.9153231485,3949003.3734137197,1718764.2256174064,0.03364848684006334,0.0069786643453180275,9177168.751444126,140.3203635112136,0.10639321909252215,0.29480307362071595,0.0732621867630208,0.800953269301647,False,164.29253423074172,False
26.14110638144226,1290.681371223198,0.17585083837016496,8.138721555125198,4.9435860727872285,1.0009915066185295,0.8890238955692091,374.30435493706796,1.5097478267178246,40.96152405007875,0.542218135668547,1.3621280889199092,27141.000000000036,20.999567017131334,0.14335794221425624,0.7889074207990232,248.660000000516,648.6160430283128,1521.4490722797339,1212.0772695725914,137.1411511755206,2541.663949126015,2850.1532974953107,4158467.524336417,4530927.570504172,1787623.7984161815,0.035646700371443366,0.0013228180899319411,9004546.520630708,162.14197092121375,0.027482492914368228,0.3196172800194052,0.02741100255971508,0.9210121942914968,False,171.44907227973385,False
29.055027895906964,1291.740083878512,0.32871319258092885,12.148086058876329,2.329783929611636,1.6549161822998801,0.9139199387225516,346.21682609397635,2.9580729300264803,37.01030739123555,0.5316692714431298,1.0608186837852709,27140.99999999992,22.53175987274811,0.18362223178368067,-0.08882644400836918,248.660000000516,615.0105688254419,1017.6408898530518,1050.588552326072,329.1530320747645,2070.019820623448,2929.413900727166,3194262.523818316,3897929.4538429566,2375858.6594764125,0.026791887724331047,0.0019997921722849053,8767666.42023369,75.12891384033631,0.03197967505158773,0.276471443635271,0.07682407060059629,0.7825501103042397,False,179.24185851877286,False
25.444741949131675,1410.0802428283132,0.04196857384003111,10.029136989990034,4.393533857331786,1.7187159037276856,0.00018491902993955645,372.3020039474321,0.6946156744726517,60.92723482463453,0.540265985180076,0.8242843970559135,27141.000000000022,27.16562549661576,0.17483275923089708,0.03030230413174712,248.660000000516,694.9742935267631,1510.9418171440102,1544.8718167862503,183.27636586797234,2313.752556175906,2782.878908473441,3870694.5385648594,4453691.425594214,2753137.3811857775,0.03622837462191976,-0.013856471801425192,8923785.21596011,88.5889492614887,0.0889855290607385,0.3852299605755561,-0.037387678760232336,1.1074845719304538,False,194.21818301198255,False
27.695468894998083,1256.8786082827846,0.27794640559504197,13.829520309647618,4.4174715974083565,1.5410666589044548,0.6194570963506738,363.8352798561964,1.357373798237336,28.108303826108646,0.5653521766950323,1.1928266702257513,27141.000000000022,21.737806646111387,0.1417851468343079,0.7041356357556,248.660000000516,653.608442938268,1321.1657247333515,1130.1177093732854,351.3956082338562,2631.941166968841,3030.3334969617504,4234738.725741128,4738341.246687921,2093753.124610085,0.030807352707887398,0.00156715594870974,8861752.521151558,164.94011101115663,0.02103039088907904,0.29007559301250496,0.04236003268044319,0.8725767354442068,False,201.3956082338562,False
25.93223262071151,1215.795934921107,0.2884755585627763,11.905676676579692,4.619565172135584,1.3424645577849004,0.875500114706912,352.70915519582377,1.4866346356049216,37.64739688466619,0.5627734021917191,1.0573317729282938,27140.999999999935,19.93614919786065,0.1319480904288336,1.1699255565786766,248.660000000516,613.2836536045937,1291.0214183141668,1005.7881079929759,358.66438401237036,2662.802274561047,3034.7937725240217,4146656.5710112457,4531472.402722274,1740927.4041937897,0.027400532485086383,0.0012965091639603693,8888272.363046603,205.26121856707937,0.004834833322853439,0.2587316804820293,0.07525723724421837,0.7746714539016453,False,208.66438401237036,False
29.202893832422,1536.3707580828004,0.10212698927671504,6.791942501783812,4.88263354740738,1.4129978824129727,0.3685232926897146,358.6617716590043,1.724944769050373,55.01463679936372,0.5404070157022468,1.4072639541123375,27140.999999997883,27.794966962144585,0.15064532155351817,0.2389737795016606,248.660000000516,713.7136341489512,1581.4703649156606,1536.9230880359946,150.36756811833592,2540.034983704784,2856.3231896932557,3964020.8481361116,4364273.4891237365,2335203.2108041467,0.03824916185492838,-5.461087636841038e-05,9118970.704057435,141.50694372207386,0.1280033613453674,0.3482295173507546,-0.00014542802100909457,1.0004177956576215,False,231.83793303399656,False
27.82142206029334,1464.5877359154322,0.31925345891930684,9.719301798811085,4.932814836191936,1.1327284455769295,0.7055165103930264,343.4497592256245,3.297294479280929,31.719642473852936,0.5391776152997191,0.977560816266916,27140.99999999992,23.095681915726885,0.11336625824120147,1.4024119624092104,248.660000000516,635.6613550232757,1346.6747379203014,1024.9393263241036,382.8938112834468,2906.643840893329,3189.217971210374,3504841.4731079633,3785986.46175263,1468854.0903998846,0.02359809256384261,0.0029338855504576784,9120246.244842572,332.08862769815244,0.07890187171717514,0.2168194610869363,0.1321114841281893,0.6213821504230905,False,232.89381128344678,False
28.178472184012705,1338.7979447905968,0.345961016468432,4.661075579651584,4.527908181646597,1.5148468697127677,0.5784223532075059,363.2492732039498,1.2197060127954846,70.83806705761157,0.5315024130938134,0.7254205785599579,27140.99999997719,22.668816011181818,0.17222314811321962,0.17693089692311603,248.660000000516,647.8183176111578,1589.3033813633153,1518.3100871789575,87.82774433952099,2258.4719330691755,2667.3930553323166,3531913.1840454405,3944754.8275482133,2632269.781581996,0.03767405863687505,-0.01798541871419578,8848842.02990636,91.89899211766439,0.04951527709353327,0.41358069995483254,-0.06015080276635152,1.1701916087033057,False,239.30338136331534,False
13.014340400792328,1421.7852828601344,0.4198429443332002,5.554729767358857,4.882049701088468,1.756608048989109,0.31887178827844587,378.2141112408117,4.722997639802516,26.993099880547668,0.5109600842750224,1.6650354414397146,27141.00000000024,21.328623060921505,0.20002922457704223,0.6929037700248452,248.660000000516,539.3714636588529,1594.8050848115777,1306.5826073680023,56.197603241040404,2484.3952017197944,2801.4596489024807,2704362.591592598,3080643.983915449,1904906.9414464496,0.041889366695679865,0.003301360220435825,9019907.03356501,59.7889028649076,0.06515282847884621,0.32862313332052473,0.03926182885633517,0.8932768857307624,False,244.80511403615472,False
28.65509282867476,1464.7428454798317,0.07734252058073221,9.316072343446368,4.432454385308677,1.6735708631869846,0.5199861667462341,344.0578634293031,1.4870781365036714,21.466644353390063,0.5375125302690876,1.3664953948306982,27140.999999969914,27.817514338907973,0.1556648013235572,0.1945212370706414,248.660000000516,709.7702899812299,1404.2356709163814,1379.733643350417,364.1838672860378,2917.8774505193355,3270.0828304038873,4028405.2753295824,4507210.876989103,2850857.696395668,0.033412803945798264,0.0036752475652606044,8995465.133516708,126.51768492487099,0.11282291138841506,0.3276302791662621,0.02213954111742633,0.9367025402607075,False,268.41953820241923,False
22.927120387103066,1552.827448407003,0.4576005339147707,14.381513992300828,4.7670187925956515,1.7647000447343781,0.048692537116349466,376.64072762809064,1.720457635514465,39.23994412796933,0.525777984351158,1.5831686644972438,27140.99999999995,24.52951614766415,0.1558102337218965,0.5145857551238089,248.660000000516,670.9313721413616,1539.487211905037,1400.0797404517723,264.213836968853,2491.175035017967,2824.837818791158,3162165.9907934633,3712314.7081828876,2250258.3474909705,0.03482128751594856,0.008147493207171057,9124204.514932426,127.9693461805399,0.13473067666374017,0.3136899192901148,0.043787319978453955,0.8775101875911125,False,303.70104887388993,False
29.66716669903679,1181.2757064501968,0.249850945299266,14.078951870890128,2.90795559120276,1.2299364182643158,0.5631551261598782,342.7224950044591,0.6051971008844685,57.96551508833237,0.5302582150933,1.016890586236845,27140.999999999236,20.346161984653293,0.172003425981768,0.16252196461497478,248.660000000516,678.1074826543686,1062.1108904975981,1022.6376066549205,485.0550576208823,2398.234039914339,3128.5610183251442,4414015.3156424835,5144070.5197747005,2843635.144472285,0.026543955655562577,0.001055471745490854,8676910.5166713,90.45919188215635,0.0,0.2981651988517141,0.056272472456072954,0.8412345046494593,False,335.0550576208823,False
11.385041400196709,1214.2423770117273,0.40641477508185314,8.704753163303057,3.799563312630339,1.5553451548324204,0.8212276083065595,370.42060479921133,0.5321447387554932,45.21541002035211,0.5096862939359458,0.7469273603283482,27140.999999999935,16.82755933976889,0.1845276915921713,1.4091357263267346,248.660000000516,478.1986819133101,1204.7730029330514,863.773820565906,85.57620614922394,2084.7458593388055,2685.996134550335,2967224.116108785,3310683.369479029,1202473.1602739808,0.019353411680880152,0.0009189438057914956,8978968.63315079,75.81247671757352,0.003517195770688873,0.22509750283637592,0.14367491815650912,0.6103967922284483,False,0.0,True
13.382021267307668,1526.0205581089813,0.45459123188042433,6.172861784138726,3.3245892281079192,1.547308927523103,0.8453451587639734,346.73101221468977,3.492360333071425,68.47012755776417,0.49205404449082707,0.44152459509868275,27140.999999999978,21.731667766716924,0.18101335437858937,0.7499215144334095,248.660000000516,487.1630805651634,1203.8343890294318,992.7764369557269,56.57074293286752,1889.7136029629128,2552.1193659471446,2249903.6482814425,2558479.0589615717,1142917.0561889093,0.009154642743736877,0.0028287762918364624,9128192.12312622,81.64917481140145,0.08200135188608719,0.21265630962437682,0.16954378514569418,0.5564004628316731,False,0.0,True
14.943886965639557,1531.1396904625353,0.3484470192882737,5.78010952786385,2.457798505186265,0.955739877762163,0.5714985141123747,347.4906804052925,2.9434220424302135,69.16834868739298,0.4640053995949962,0.417895381961029,27141.00000000011,20.399394713012743,0.19353250145287004,0.44193804155153715,248.660000000516,544.0064391788446,1029.9314845345075,924.8162461378951,55.530907511169154,1686.8143301431503,2573.970485331772,2623931.9095649836,2966899.7585515096,1108545.4132067026,0.009250320001993207,0.002091778559811126,9197902.972787922,67.31718872768599,0.08110582772860142,0.20266947240728658,0.20284890972863856,0.4997787556258154,False,0.0,True
13.651668495538672,1526.0205581089813,0.432147612207352,6.172861784138726,3.3245892281079192,1.547308927523103,0.8453451587639734,346.73101221468977,3.460284577968349,68.47012755776417,0.4946633042085613,0.4742244273830743,27140.99999999989,21.994924063127293,0.18280669322957818,0.6826397865401342,248.660000000516,493.405625945581,1208.3506435266997,1013.3183563568821,57.45320373055473,1894.8918775618263,2556.6058665385053,2304617.4744122056,2621336.44248252,1187869.1985739274,0.00984749459856694,0.003023430585037027,9128706.613118552,79.27419634887127,0.08287231686344709,0.21862761150746254,0.16159650922153374,0.5749966916572576,False,0.0,True
19.056858650928007,1211.787019566637,0.3239605425202674,8.073861912868388,3.3772789336742943,1.2277504110125583,0.10068349752297878,366.4520642810694,1.3120322864120673,64.46713237479585,0.5306776838127998,0.8809216678507843,27140.999999990796,18.502904074770917,0.1986218420881971,0.35304987705327656,248.660000000516,629.4398006361993,1270.7059868177107,1139.1428619816543,105.2319581875498,1982.9883006474213,2648.0043087138247,3799485.6539655933,4312268.471315211,2055480.6034090025,0.02304404162574408,0.0008650533613859514,8875499.831743458,60.091172894219234,0.003516163768074282,0.3256446821353503,0.028504448053252977,0.919512867254332,False,0.0,True
11.385041400196709,1218.0861282350604,0.40584255806259284,8.704753163303057,3.7966810074365043,1.5553451548324204,0.8212276083065595,370.89446736556613,0.5321447387554932,45.21541002035211,0.5093428320068318,0.7397902674962944,27141.000000000022,16.892187213935873,0.18476938460638925,1.3946070092399974,248.660000000516,478.2866294667579,1206.7180323293514,866.6871029799017,84.39983588848453,2080.881902506838,2682.5081840658845,2956598.116494367,3300785.040556243,1202200.386512538,0.019143472669065322,0.0009351749810516218,8981516.321466312,75.53678619904385,0.0045350514919919324,0.22547405575945045,0.1435526158547936,0.6109966381919029,False,0.0,True
10.211598138766915,1487.4157806737405,0.07723394672364023,14.612221000899133,4.314327033691047,1.6795791306759522,0.6096147983345592,374.90508732576745,0.6170348154933637,66.7245231027621,0.5018765629268134,0.6623067173240547,27140.999999996588,23.0295510980892,0.19912521527140264,0.7906908077024203,248.660000000516,519.1483500004268,1333.3690052060958,1095.2321999048784,121.8111162690862,2090.6330997435757,2614.3529223606056,2992017.478399896,3467754.05504078,1529501.0438748715,0.014840646989746329,0.00313501962514358,9143483.70599387,61.43725414676844,0.07906651161963762,0.25511556158770954,0.12032958869213448,0.6795015500867572,False,0.0,True
14.75533996256392,1483.2410124403277,0.22955726997139142,9.8911421520209,2.9393031742604543,1.1689454952235994,0.5534854923200385,369.83156052953285,1.3131057479802868,46.07896699540391,0.492653622918397,0.6595222633040022,27141.000000000007,21.83009582266208,0.19052161380525287,0.48019563346655886,248.660000000516,558.8108769948668,1094.6987938750376,976.3483867018538,105.5365369162557,1889.8632293533583,2652.770807241441,2952215.7778943353,3383809.616878745,1352625.8395855557,0.015645055944978104,0.002255037803355825,9150026.879887873,70.19214144702165,0.07476895101864096,0.22131338503048556,0.1608122864386276,0.5791638760610568,False,0.0,True
12.352765295934638,1310.8361509492786,0.4904397117742134,8.066086422715271,2.66478882554936,1.2465914185431144,0.6264074396443214,346.9003040469263,2.5349545871152506,49.76018764274606,0.4799511659813152,0.5459923232611219,27141.000000000065,16.842636508548136,0.18419373927294164,1.1957071509185788,248.660000000516,495.28064021957687,980.794158724198,762.4623890436552,92.17308961059949,1853.7085494525625,2680.296879462074,2504558.875379936,2834085.2643447784,992872.2256092089,0.013969874862266614,0.0008489027833635304,9060079.721841678,76.91416022397816,0.027701424931962308,0.17306908769606594,0.2184779300932278,0.44201355094779693,False,0.0,True
14.65017890640807,1468.514076454651,0.21920461572044675,11.958116956140353,2.9475699581188435,1.153263346112467,0.49977520982406226,369.93328208933264,1.7079754104584204,46.12697672200958,0.4902294893962168,0.6141216455749982,27141.00000000046,21.674793456925013,0.19286302056724702,0.46132070989020607,248.660000000516,561.8375036950914,1090.6840473856778,976.4840903967255,134.67554265406574,1890.2760339355177,2632.579146640233,2995576.503941455,3483028.017993817,1434928.8019968336,0.014492679150609058,0.0021751964319422514,9122460.159777602,67.46273741515895,0.07118271195391071,0.22634212700324413,0.15753693758111761,0.5896183144249142,False,0.0,True
12.217981452280462,1190.2642764365717,0.17839734518367295,14.517972595503386,4.754527383716622,1.4259137707769383,0.9333677049373144,374.5484961337786,2.1907521550243665,27.646226752538325,0.5261327913242146,1.1971566495069186,27141.00000000021,17.807929732444368,0.17773838395896505,1.436013841490007,248.660000000516,522.1259434024248,1344.0314741744648,953.2407912109994,141.45032948683777,2496.2465568268904,2835.6333932062207,3672521.4207127364,4110018.285171209,1505717.0508375838,0.03156304586543511,0.0009289827588324245,8992311.922226155,84.96235830707731,0.0,0.26404427652405266,0.093756020987646,0.7379655029924044,False,0.0,True
24.88065938500497,1449.0701461745448,0.41180350517071646,5.459755785566997,3.234897949526589,1.409152886906445,0.5316258168847506,355.1265118877653,0.933849078884573,59.03464204966856,0.5238885304525631,1.091972202877924,27141.000000000022,22.771778919976427,0.17014643771581922,0.2374630496681687,248.660000000516,621.0420638520428,1253.8341140338305,1196.371502816286,112.49555925235967,2024.1924271676512,2717.351790064429,3055650.751694369,3427709.752017081,1895485.519565126,0.025207151208657446,0.004430066349652307,9022958.692810329,97.18053003483719,0.0788441738901664,0.2798058642844075,0.07886914472453739,0.7801097295781472,False,0.0,True
14.79866164714366,1439.7351563172056,0.04046519125401171,9.857220995265788,3.974333318589421,1.088750740817701,0.32763012154924287,362.02036306923765,3.1549323133097293,29.25305336751969,0.5086916177127049,1.0902364008012393,27141.000000000022,22.171644740027684,0.16850313420270552,0.9039819458690986,248.660000000516,586.6736318062779,1225.4102132729752,991.3110411880901,134.02135823392226,2418.459465662626,2892.1225031003046,3505641.8648198545,3871773.4822951807,1413226.5592777273,0.02755107955237085,0.002039026601775606,9161238.843040487,101.58489426502402,0.06541215234805615,0.22921062768998607,0.1412347770539548,0.6187433418115174,False,0.0,True
14.79866164714366,1443.6341845560178,0.04046519125401171,9.857220995265788,3.1740971019870425,1.0877154666750506,0.29865850047145254,362.02036306923765,1.310396029612635,29.25305336751969,0.5034214912805127,0.9791400905820103,27141.000000000022,22.301638566999664,0.18466491484186226,0.5714850757460583,248.660000000516,586.7258819844192,1081.4676668747616,950.2371184928812,141.01387411821437,2193.5857896710545,2853.9323268146936,3466302.6573372907,3881893.03308019,1470157.939901481,0.02477929322390335,0.001795547974583014,9141690.84047762,77.0144532556899,0.06644224186817485,0.2205533386046495,0.15361359866765364,0.5894517035965151,False,0.0,True
12.443723195625688,1544.109979559935,0.31092062340124016,10.687472760209012,3.119335061654102,1.4455863998888303,0.0715082894697372,352.0482922206544,3.350199009414253,55.92277987113427,0.496390119688993,0.680498591744569,27141.00000002262,22.60013722182128,0.19623804274828166,0.5697903914015204,248.660000000516,555.2175564900708,1130.0401580379278,1001.1471055104244,101.82174558730948,1964.7116304314363,2648.532782278609,2674907.6165866186,3110552.3962037666,1392862.4921090351,0.01564913901765555,0.0028202732608991906,9178366.446716469,64.43393564184888,0.09497499037321495,0.21423774199976026,0.16500725454789647,0.564905915569116,False,0.0,True
14.75533996256392,1483.2410124403277,0.22955726997139142,9.8911421520209,2.9393031742604543,1.2610442445326142,0.5534854923200385,371.2446669757396,1.3131057479802868,40.885077733316294,0.49851892465809844,0.7419823752950241,27141.000000000065,22.26666659867393,0.19384799484112533,0.41435054214797445,248.660000000516,558.8108769948668,1102.4397492359096,1001.6331021211718,105.43020981277148,1914.561295068154,2669.4611513537993,2937197.333831257,3381932.964885574,1408651.1472371593,0.01766420590389708,0.0024739377439852153,9138440.906898241,66.5559743448072,0.07647543756517984,0.2272706248490377,0.1503403596484463,0.6018644429835224,False,0.0,True
11.385041400196709,1574.5572809415535,0.40641477508185314,8.704753163303057,3.799563312630339,1.5553451548324204,0.8016836379727622,368.72555673531224,0.5109515044344191,45.09841301474929,0.48741179184721733,0.640570254568213,27141.000000009917,22.031046042686352,0.16272844638823827,1.401861696665716,248.660000000516,479.82154677804834,1192.5049939048401,886.3134894702769,90.50989524308207,2097.611163096743,2698.1817957520684,2337118.5462185075,2612879.0248336084,970459.1609835583,0.015410743551950335,0.001974973727291887,9212508.95101953,113.41914402912572,0.09231085981922393,0.17476810447254315,0.21158988015379626,0.4523475932342064,False,0.0,True
10.788171163362358,1190.2642764365717,0.17839734518367295,14.517972595503386,4.750956124935772,1.4259137707769383,0.9333677049373144,374.5484961337786,2.1907521550243665,27.01801106334024,0.5160844158609079,1.155457009042618,27141.000000000022,17.251968274673548,0.18193560595549202,1.626588069785903,248.660000000516,504.5389630905409,1327.5684959965827,911.7762546404576,125.80777880989554,2485.7163238232306,2827.2491593086706,3550162.2252731873,3971309.222630221,1409868.7507630433,0.030501462083051715,0.000858796599374005,9019127.051994003,79.45299579843264,0.0,0.25215611080570716,0.1126768700263655,0.6911549230845743,False,0.0,True
24.88065938500497,1577.4705511577588,0.41180350517071646,5.459755785566997,3.223733601699455,1.4076049541485236,0.3713967502695277,355.43192909806453,0.933849078884573,20.426180244317358,0.5173969839423235,1.30083449874749,27141.00000000014,24.682949814906504,0.1657340354194157,0.23282932138372034,248.660000000516,643.3446464330417,1241.3088395022298,1207.8133734559522,145.44567429385083,2244.780052464084,2891.802082811881,2935230.46402697,3290030.8389589624,1931659.3708308223,0.028512029917041267,0.006793919213464537,9128444.385274934,106.38013468603295,0.12090574002738673,0.2590606423660829,0.10426413600630573,0.7130277310747011,False,0.0,True
21.960142073011376,1571.2097753439975,0.3159395461200982,4.769329704924875,4.011193949444495,1.129428374983805,0.8319439935347426,341.2584835964241,1.9586112069719706,60.586153218801456,0.5083204361500866,1.1286801856276858,27140.99999999992,23.87616601793566,0.14420964395774993,0.7233265491351497,248.660000000516,583.9017485593249,1342.5795228187362,1121.3593141429374,104.12877896087929,2260.1974384652995,2762.2026918314286,2922304.49716593,3181732.0099159065,1429163.2936332212,0.02588618040779702,0.004747328510323909,9165996.925223159,162.14205399835527,0.09910443595273961,0.23807444825220347,0.13211086228445293,0.6431223537937466,False,0.0,True
18.447480872862805,1255.8721436109654,0.3171899343169194,9.751968211311798,3.2446579353183296,0.9012841925064824,0.09226234584675208,368.37577574900854,2.8595551854433876,61.76962781101813,0.4942664195427653,0.6920149790057883,27140.999999991072,17.713718792024952,0.19937658761405175,0.38518669442094317,248.660000000516,624.1222630058683,1244.7218396273138,1103.2169858650077,131.15464816784922,1954.7624604118782,2617.7451355560947,3757386.0381445256,4315521.534153219,1908337.776750517,0.017364391651280113,0.0014175868939098094,8940724.654036779,59.847928260971074,0.01622663295688525,0.3184862287992882,0.06167411975087885,0.8377681418220287,False,0.0,True
12.443723195625688,1583.2336914885575,0.31092062340124016,10.687472760209012,3.119335061654102,1.4455863998888303,0.12804665892685985,352.0482922206544,2.7024608475895815,48.184437943594126,0.4955812846685929,0.7557693580199863,27140.99999999989,23.06599051370073,0.18689989997249584,0.6926133079885357,248.660000000516,551.4396466877462,1094.679301412691,954.703785722578,108.65761541795486,2031.2104171775452,2722.5443746691353,2643730.409761828,3042201.6013243785,1302099.4227062128,0.017969194204479625,0.002543141941540739,9214056.734892083,74.87253752064103,0.1041733852864091,0.1948456366345187,0.1851788031383393,0.5127186997525176,False,0.0,True
10.730305778264999,1192.2764798241064,0.18108293151764984,14.517972595503386,4.750956124935772,1.4259137707769383,0.9342393549549288,374.5484961337786,3.222860787828884,27.01801106334024,0.5142861916012436,1.2051709593219841,27141.00000000005,17.26540825996265,0.18464671145336567,1.556112643206448,248.660000000516,503.2433691982039,1346.8610414482068,928.04862882846,125.1699511293016,2499.6595744518218,2834.035130421225,3516877.0853815703,3948022.5816006325,1430671.7242172668,0.0318207431426516,0.0008888018643064392,9013638.42070078,75.9581322998084,0.0,0.25891773410464886,0.10715667564174526,0.707281708885414,False,0.0,True
24.88065938500497,1597.5421252235744,0.41180350517071646,5.459682888417394,3.223733601699455,1.4076049541485236,0.3713967502695277,355.43192909806453,0.8442232455221464,20.426180244317358,0.5163929352081463,1.3048024092992765,27140.999999981555,24.970036313161785,0.16487020543404007,0.23200762387277596,248.660000000516,643.3446464330417,1240.8504923048422,1210.333729471307,145.81499255668012,2245.460652049317,2892.686016642602,2904034.594525681,3255529.53747716,1916477.1783428285,0.02821349806431405,0.0072001441264535485,9142838.261225091,108.23142505854717,0.12667910524312553,0.2563677217682862,0.10768466637304007,0.7042055762281209,False,0.0,True
20.81194704406286,1563.0992925816668,0.2696627254118053,4.772696932190941,4.014086933549348,1.129428374983805,0.8319439935347426,341.2584835964241,1.9586112069719706,27.626853200404106,0.5047831473360281,1.1742439140785432,27141.000000000124,24.016274803246024,0.1500903219250677,0.6768584342147731,248.660000000516,587.018933994673,1325.1830352350296,1121.3311713935293,124.82148791783958,2447.050195855183,2927.6760577757295,3006108.7025220473,3274966.946593174,1601047.0673213648,0.0273392359830801,0.004530918088925785,9150843.393406235,143.58263942161443,0.09766728209620562,0.24347696831895094,0.129305240716751,0.6531346250368745,False,0.0,True
10.211598138766915,1498.3841955962828,0.4633064688850283,9.044638277447664,4.314327033691047,1.6795791306759522,0.6096147983345592,374.90508732576745,0.6075636176404888,36.29571321557383,0.4906140427112419,0.7866128384303951,27140.99999999385,20.61652260474009,0.16702805985550626,1.6821458765435562,248.660000000516,475.92146619206267,1300.2810295812144,910.4036965818352,79.54984564736299,2246.872428543842,2721.2379147317442,2387185.7621098775,2671099.679224079,1037079.3108969382,0.01940527870366375,0.001944180344170769,9171918.940083815,104.42170382639586,0.07559688267366066,0.18933677985633163,0.1943022872057973,0.4935284128028318,False,0.0,True
13.06447954710344,1560.9118802496644,0.38668539101103083,9.513637371379794,3.3025138860191023,1.4156781734060329,0.6611143269557697,361.4303428260761,3.6311772913298475,25.26086282864918,0.4921303750927936,0.8277267371048453,27140.999999989413,22.086979635779517,0.16465634694641373,1.1033450405732614,248.660000000516,512.1079619239337,1096.7587036446494,875.6455024813764,121.27336373402476,2172.433802062072,2806.220203786508,2471342.8150318754,2780426.1019629743,1035675.2870401996,0.020594104222776664,0.0018712271489771815,9207826.142921736,109.42600894397307,0.09166198201900648,0.17304424520941278,0.20958241824336452,0.45225349338669235,False,0.0,True
13.06447954710344,1560.9118802496644,0.37762670007593185,9.593298075240764,3.1201107738639458,1.4156781734060329,0.8216067247497074,362.31530649184214,3.5517402028730802,25.26086282864918,0.48978281708861415,0.774608774883301,27141.000000010063,22.12955116673207,0.1668855531867771,1.0191087515640704,248.660000000516,499.64339887776356,1061.4583152513972,858.2620550794273,116.75550339239676,2095.9609904968456,2776.5322906961483,2419371.0969196446,2732994.5963400854,994655.9683211176,0.019282734057069397,0.0017409227020460708,9201033.26150021,105.02174972800049,0.08988134195779414,0.16999386449317808,0.21443752933794782,0.44219558345397114,False,0.0,True
10.211598138766915,1494.539676589976,0.4638786831277592,9.044638277447664,4.317209338874167,1.6795791306759522,0.6096147983345592,374.43122475909286,0.6075636176404888,36.29571321557383,0.4909021357046953,0.7878645031007884,27141.000000000022,20.557404624219348,0.16670421996757687,1.699597740497047,248.660000000516,475.8646447075825,1297.869970342379,907.0104194388523,80.69907939768922,2250.415649846819,2724.042378317548,2394154.5662754206,2677159.5891374596,1035771.2569346661,0.019474814154702164,0.0019086163239563512,9170338.913866878,105.01334254062175,0.07467010461552255,0.1887546801648247,0.19465452618086337,0.4923060715308968,False,0.0,True
14.781212222266749,1260.6865583868894,0.3075060676732441,9.857653296271087,4.29350341545768,0.9069808537057811,0.32763012154924287,361.61043297655755,2.85767123597581,29.25305336751969,0.49271574746204033,0.9631880622424618,27141.00000000021,16.65382527168727,0.15120019458786532,1.9564404618567515,248.660000000516,565.9741981677722,1236.3564529693751,839.9444794395388,147.71406664440278,2498.9382445290257,2914.3272870138358,3410535.2257749867,3719705.4837777205,1207717.0565179233,0.025217326851537318,0.000924560345785538,9085643.997584859,139.44326484440924,0.01601035915095109,0.20931193938207882,0.17244492857632984,0.5482859823883581,False,0.0,True
13.06447954710344,1560.9118802496644,0.38668539101103083,9.513637371379794,3.3025138860191023,1.4156781734060329,0.6611143269557697,362.31530649184214,3.6311772913298475,25.26086282864918,0.49203557575620505,0.8306746673313088,27141.000000010412,22.08889794591061,0.16521644853751802,1.0889860633616368,248.660000000516,512.1079619239337,1100.5156844477106,879.6317093806271,118.19428715685902,2165.2905805593373,2800.504171017141,2468909.0623092274,2779845.301671069,1037653.3599700937,0.02064486720425273,0.0019004739417949705,9207219.203301433,108.30973981024253,0.09166303097695627,0.17421921631684198,0.2084769155584619,0.45524164423383523,False,0.0,True
17.011261331706038,1581.5673323974547,0.3713389567185022,4.599739144002806,4.042927391351279,0.9116960923810083,0.8861938563573561,363.867300662509,3.3386958955937445,20.98692519388247,0.4665048956448517,0.9877837972733444,27141.00000000008,21.077417506402213,0.13807049841597607,1.3897686851077926,248.660000000516,528.9491249918874,1310.3353969255215,938.4860347836324,89.85410053799961,2342.946402473864,2842.641353387989,2515306.3548926013,2727775.7575883977,1013168.4731339226,0.024373490911265703,0.002435949130530217,9215810.480453191,185.75038996860002,0.09064469635826654,0.19497635865509505,0.208338033645177,0.4834351621896324,False,0.0,True
29.47756993040922,1016.5443470952976,0.024834348066686756,14.788816300038208,3.821150699023417,1.2571733068591961,0.19182910455130386,378.8410448887263,4.22623872532803,30.972609947526998,0.0,999.0,0.0,0.0,0.0,0.0,0.0,0.0,0.0,0.0,0.0,0.0,0.0,0.0,0.0,0.0,0.0,0.0,0.0,0.0,0.0,0.0,0.0,0.0,0,0.0,False
15.826790215578681,1416.702489561968,0.4277371509432066,6.508361164838524,2.3814978130176003,1.764028213985906,0.4274403726711352,361.3996410072792,2.5562300604764374,69.67714072637298,0.0,999.0,0.0,0.0,0.0,0.0,0.0,0.0,0.0,0.0,0.0,0.0,0.0,0.0,0.0,0.0,0.0,0.0,0.0,0.0,0.0,0.0,0.0,0.0,0,0.0,False
20.646317974010678,1031.8572248403714,0.16083772669682228,14.8296763209878,4.829572316271903,1.6382071318977045,0.06376179297746498,342.939320905655,1.4570030977159198,69.42790199862642,0.0,999.0,0.0,0.0,0.0,0.0,0.0,0.0,0.0,0.0,0.0,0.0,0.0,0.0,0.0,0.0,0.0,0.0,0.0,0.0,0.0,0.0,0.0,0.0,0,0.0,False
23.58459992241881,1482.2434216626252,0.1904705665742692,4.725299815964956,2.8644367979239806,1.7186341749476524,0.2133853535799155,358.08495847270734,4.690427088600598,21.49395365302088,0.0,999.0,0.0,0.0,0.0,0.0,0.0,0.0,0.0,0.0,0.0,0.0,0.0,0.0,0.0,0.0,0.0,0.0,0.0,0.0,0.0,0.0,0.0,0.0,0,0.0,False
13.579100056277081,1573.073684695624,0.21314605019388497,12.935500120623932,2.1459785925180808,1.792790712863976,0.8187449926232988,365.4600936971867,3.707648625751202,26.602103628243665,0.0,999.0,0.0,0.0,0.0,0.0,0.0,0.0,0.0,0.0,0.0,0.0,0.0,0.0,0.0,0.0,0.0,0.0,0.0,0.0,0.0,0.0,0.0,0.0,0,0.0,False
18.57860307949465,1582.5494714442507,0.26137832350626256,4.876573390298167,3.2646455026069052,1.6684908823904008,0.370887895082856,355.7116404038181,0.615387053330669,23.961035204162428,0.0,999.0,0.0,0.0,0.0,0.0,0.0,0.0,0.0,0.0,0.0,0.0,0.0,0.0,0.0,0.0,0.0,0.0,0.0,0.0,0.0,0.0,0.0,0.0,0,0.0,False
19.262724360762945,1033.2997018676335,0.2707210660476098,10.685478265882539,4.485359584988376,1.7476283413723037,0.12814785400273287,349.21722697640877,3.466212786817524,27.948439329004913,0.0,999.0,0.0,0.0,0.0,0.0,0.0,0.0,0.0,0.0,0.0,0.0,0.0,0.0,0.0,0.0,0.0,0.0,0.0,0.0,0.0,0.0,0.0,0.0,0,0.0,False
12.013359604313141,1270.7854436414843,0.11777966073207091,10.00245982345613,2.4148413253316803,1.596569640242067,0.9239125658053686,352.7743687099295,2.0951535480058494,55.88511439833918,0.0,999.0,0.0,0.0,0.0,0.0,0.0,0.0,0.0,0.0,0.0,0.0,0.0,0.0,0.0,0.0,0.0,0.0,0.0,0.0,0.0,0.0,0.0,0.0,0,0.0,False
16.15309180185703,1147.8361865714326,0.2980245600625752,5.010953373801495,4.686829955644826,1.316048347917655,0.4448123649543787,344.18845214292975,3.582068166770512,69.01363966054689,0.0,999.0,0.0,0.0,0.0,0.0,0.0,0.0,0.0,0.0,0.0,0.0,0.0,0.0,0.0,0.0,0.0,0.0,0.0,0.0,0.0,0.0,0.0,0.0,0,0.0,False
11.661339965604295,1558.9014349273393,0.3840018423525984,5.605264463728306,3.855360537433607,1.4192297160635647,0.7534670047348521,379.48988452121415,4.708026173674318,56.13379392178635,0.0,999.0,0.0,0.0,0.0,0.0,0.0,0.0,0.0,0.0,0.0,0.0,0.0,0.0,0.0,0.0,0.0,0.0,0.0,0.0,0.0,0.0,0.0,0.0,0,0.0,False
18.621366429128564,1307.3129609150658,0.12498079163955,10.078869018300612,2.2858224539444105,1.4864006384677788,0.3926055704676572,373.840894106334,2.743786365692146,32.14951043476737,0.0,999.0,0.0,0.0,0.0,0.0,0.0,0.0,0.0,0.0,0.0,0.0,0.0,0.0,0.0,0.0,0.0,0.0,0.0,0.0,0.0,0.0,0.0,0.0,0,0.0,False
29.43561266143235,1069.6820543315662,0.1543668286489177,9.092960335698589,2.0206526364000563,1.7052509775871538,0.13687611879745087,355.16134677384963,1.9599177635259935,38.025134259082385,0.0,999.0,0.0,0.0,0.0,0.0,0.0,0.0,0.0,0.0,0.0,0.0,0.0,0.0,0.0,0.0,0.0,0.0,0.0,0.0,0.0,0.0,0.0,0.0,0,0.0,False
18.539978669584244,1342.0849531414178,0.08476186178310458,12.604531664561561,4.57092687833528,0.9949045794909787,0.5326448049436736,376.07916719086023,4.877976530335427,71.19594056481418,0.0,999.0,0.0,0.0,0.0,0.0,0.0,0.0,0.0,0.0,0.0,0.0,0.0,0.0,0.0,0.0,0.0,0.0,0.0,0.0,0.0,0.0,0.0,0.0,0,0.0,False
16.12299119555036,1189.618227477303,0.03721674851259038,14.508907551050779,2.268395731878581,1.5525397399196719,0.24452201288674674,372.82958971395016,3.9148669483078313,60.78065578179593,0.0,999.0,0.0,0.0,0.0,0.0,0.0,0.0,0.0,0.0,0.0,0.0,0.0,0.0,0.0,0.0,0.0,0.0,0.0,0.0,0.0,0.0,0.0,0.0,0,0.0,False
20.58249581805434,1364.7497051267146,0.08504096648750753,10.909409853270574,2.7150634640415703,1.586135481652359,0.02761896581849599,344.9768685752655,1.45010726946452,44.0568831176472,0.0,999.0,0.0,0.0,0.0,0.0,0.0,0.0,0.0,0.0,0.0,0.0,0.0,0.0,0.0,0.0,0.0,0.0,0.0,0.0,0.0,0.0,0.0,0.0,0,0.0,False
10.179305085400339,1436.3429397078394,0.1390817793245117,11.211677696355384,2.1469539718465955,1.2198365605992039,0.6331576700659197,345.04205748655664,1.9271053166558052,28.702430872096702,0.0,999.0,0.0,0.0,0.0,0.0,0.0,0.0,0.0,0.0,0.0,0.0,0.0,0.0,0.0,0.0,0.0,0.0,0.0,0.0,0.0,0.0,0.0,0.0,0,0.0,False
21.206077623927634,1172.737736419606,0.06232490842147098,7.171976472030028,4.273350491617537,1.0942115612312588,0.05210268620306746,355.20190980864714,2.0111444336005686,61.82237692384115,0.0,999.0,0.0,0.0,0.0,0.0,0.0,0.0,0.0,0.0,0.0,0.0,0.0,0.0,0.0,0.0,0.0,0.0,0.0,0.0,0.0,0.0,0.0,0.0,0,0.0,False
20.520470785888673,1031.8572248403714,0.1608142197737535,14.8296763209878,4.829572316271903,1.6382071318977045,0.06376179297746498,343.1002962410417,1.4502451529073004,44.32161130767658,0.0,999.0,0.0,0.0,0.0,0.0,0.0,0.0,0.0,0.0,0.0,0.0,0.0,0.0,0.0,0.0,0.0,0.0,0.0,0.0,0.0,0.0,0.0,0.0,0,0.0,False
22.88829792524881,1168.7759101339793,0.2354439983645341,14.665728057944566,3.0273803762034213,1.5411106642069647,0.8402191556813096,354.4276443086786,4.954613603239536,57.55215442865788,0.0,999.0,0.0,0.0,0.0,0.0,0.0,0.0,0.0,0.0,0.0,0.0,0.0,0.0,0.0,0.0,0.0,0.0,0.0,0.0,0.0,0.0,0.0,0.0,0,0.0,False
12.890267663071008,1032.6091363591954,0.12255467632027905,14.652545213385345,4.01603913721682,1.0450653894434458,0.3269848702786438,375.983031154453,3.0869343271928193,66.67160399403687,0.0,999.0,0.0,0.0,0.0,0.0,0.0,0.0,0.0,0.0,0.0,0.0,0.0,0.0,0.0,0.0,0.0,0.0,0.0,0.0,0.0,0.0,0.0,0.0,0,0.0,False
16.12299119555036,1254.0858603136953,0.25475658756692293,14.508907551050779,2.268395731878581,1.2124211133020404,0.8243505525071062,373.0275497216434,1.003769049363971,60.5478494010718,0.0,999.0,0.0,0.0,0.0,0.0,0.0,0.0,0.0,0.0,0.0,0.0,0.0,0.0,0.0,0.0,0.0,0.0,0.0,0.0,0.0,0.0,0.0,0.0,0,0.0,False
20.375655671267637,1411.605038515213,0.4277371509432066,6.492873118490768,2.398515761574129,1.764028213985906,0.5743195187633825,361.3996410072792,2.640613515095777,69.67714072637298,0.0,999.0,0.0,0.0,0.0,0.0,0.0,0.0,0.0,0.0,0.0,0.0,0.0,0.0,0.0,0.0,0.0,0.0,0.0,0.0,0.0,0.0,0.0,0.0,0,0.0,False
10.463807361987243,1314.831902061179,0.34834795109470645,8.697588423151004,2.403711375934063,1.1982214898661652,0.5903458543063351,377.62645573585553,4.9665097362768815,34.49617499923099,0.0,999.0,0.0,0.0,0.0,0.0,0.0,0.0,0.0,0.0,0.0,0.0,0.0,0.0,0.0,0.0,0.0,0.0,0.0,0.0,0.0,0.0,0.0,0.0,0,0.0,False
12.490121059783085,1189.9896259281838,0.017633752845509887,4.534284016151606,4.827209930443312,1.5566083046403993,0.26098443864982046,372.9068286182588,0.9105938091878034,73.55779727249045,0.0,999.0,0.0,0.0,0.0,0.0,0.0,0.0,0.0,0.0,0.0,0.0,0.0,0.0,0.0,0.0,0.0,0.0,0.0,0.0,0.0,0.0,0.0,0.0,0,0.0,False
15.87492282452482,1156.2141788837296,0.0016870292733425218,10.293078461251358,4.515708703659982,1.1022466251033434,0.47924309117227704,379.35584285837,2.2702430881337197,76.30680994471652,0.0,999.0,0.0,0.0,0.0,0.0,0.0,0.0,0.0,0.0,0.0,0.0,0.0,0.0,0.0,0.0,0.0,0.0,0.0,0.0,0.0,0.0,0.0,0.0,0,0.0,False
15.524055985232621,1035.71959264748,0.4621837895925761,14.652545213385345,3.215802920701865,1.0349119482589304,0.3600417068461812,375.983031154453,1.2423952197882595,67.21320531244075,0.0,999.0,0.0,0.0,0.0,0.0,0.0,0.0,0.0,0.0,0.0,0.0,0.0,0.0,0.0,0.0,0.0,0.0,0.0,0.0,0.0,0.0,0.0,0.0,0,0.0,False
29.109366460058517,1409.7483126252505,0.02656434533647878,7.397379533501768,3.777784061970119,1.1116083665317178,0.9649709995361269,377.8019289517118,4.317803963769599,48.339439777304136,0.0,999.0,0.0,0.0,0.0,0.0,0.0,0.0,0.0,0.0,0.0,0.0,0.0,0.0,0.0,0.0,0.0,0.0,0.0,0.0,0.0,0.0,0.0,0.0,0,0.0,False
12.443723195625688,1540.1177905867826,0.32417653268728286,10.687472760209012,2.77685817221195,1.4455863998888303,0.0715082894697372,352.0240019768031,3.457580615559332,55.92277987113427,0.0,999.0,0.0,0.0,0.0,0.0,0.0,0.0,0.0,0.0,0.0,0.0,0.0,0.0,0.0,0.0,0.0,0.0,0.0,0.0,0.0,0.0,0.0,0.0,0,0.0,False
20.019705411878448,1427.2625479161643,0.21052999842463377,11.968171231043478,2.8244071500038084,1.7344874829111196,0.5462928496317068,349.5272689458644,1.5553967686526904,79.20502372776343,0.0,999.0,0.0,0.0,0.0,0.0,0.0,0.0,0.0,0.0,0.0,0.0,0.0,0.0,0.0,0.0,0.0,0.0,0.0,0.0,0.0,0.0,0.0,0.0,0,0.0,False
19.177058254896814,1537.6841405629723,0.0991787479086812,11.397221240302938,2.8265515491857007,1.2556771282390211,0.20319881977075566,357.03426556981344,4.52172219800807,56.47926622710417,0.0,999.0,0.0,0.0,0.0,0.0,0.0,0.0,0.0,0.0,0.0,0.0,0.0,0.0,0.0,0.0,0.0,0.0,0.0,0.0,0.0,0.0,0.0,0.0,0,0.0,False
12.630249518596834,1473.9315754465943,0.0791963916371747,7.342935229253852,3.363446544833642,1.4578813281645329,0.2474242032804533,373.5666158483378,3.6463741470998903,71.4009827521599,0.0,999.0,0.0,0.0,0.0,0.0,0.0,0.0,0.0,0.0,0.0,0.0,0.0,0.0,0.0,0.0,0.0,0.0,0.0,0.0,0.0,0.0,0.0,0.0,0,0.0,False
17.41762620869079,1056.6282717686515,0.14042802137868537,11.628020695926793,2.2801036865425663,1.3532168403292546,0.22076415249817294,373.57984163517693,3.216371787903222,65.41493299133185,0.0,999.0,0.0,0.0,0.0,0.0,0.0,0.0,0.0,0.0,0.0,0.0,0.0,0.0,0.0,0.0,0.0,0.0,0.0,0.0,0.0,0.0,0.0,0.0,0,0.0,False
21.99264071841872,1041.0345559244515,0.31699788675590274,10.684411775909963,4.482466600813394,1.7476283413723037,0.12814785400273287,349.21722697640877,3.466212786817524,60.90931454322144,0.0,999.0,0.0,0.0,0.0,0.0,0.0,0.0,0.0,0.0,0.0,0.0,0.0,0.0,0.0,0.0,0.0,0.0,0.0,0.0,0.0,0.0,0.0,0.0,0,0.0,False
23.58459992241881,1482.2434216626252,0.1904705665742692,4.725299815964956,2.8644367979239806,1.716127295021413,0.8817515557744591,358.0487364333776,4.690427088600598,21.49395365302088,0.0,999.0,0.0,0.0,0.0,0.0,0.0,0.0,0.0,0.0,0.0,0.0,0.0,0.0,0.0,0.0,0.0,0.0,0.0,0.0,0.0,0.0,0.0,0.0,0,0.0,False
28.6950366577829,1004.0816375204018,0.14664889646848153,8.350629309952001,4.8064095014193216,1.1683473942462024,0.16414111956721533,359.1733675561917,2.0381944392976807,35.7119048593348,0.0,999.0,0.0,0.0,0.0,0.0,0.0,0.0,0.0,0.0,0.0,0.0,0.0,0.0,0.0,0.0,0.0,0.0,0.0,0.0,0.0,0.0,0.0,0.0,0,0.0,False
11.661339965604295,1558.9014349273393,0.20245410234597788,4.502683693631562,3.855360537433607,1.7399351028304166,0.7531949112030851,379.48988452121415,4.571150707816434,47.33200873904342,0.0,999.0,0.0,0.0,0.0,0.0,0.0,0.0,0.0,0.0,0.0,0.0,0.0,0.0,0.0,0.0,0.0,0.0,0.0,0.0,0.0,0.0,0.0,0.0,0,0.0,False
15.848493471157735,1543.2132511886525,0.2762420361879883,6.45975002227897,3.8644820672330935,1.5053124678147576,0.7175486678660921,378.8537446136538,4.61139647415144,44.79658288270835,0.0,999.0,0.0,0.0,0.0,0.0,0.0,0.0,0.0,0.0,0.0,0.0,0.0,0.0,0.0,0.0,0.0,0.0,0.0,0.0,0.0,0.0,0.0,0.0,0,0.0,False
29.109366460058517,1409.7483126252505,0.020323344939669807,7.397379533501768,3.777784061970119,1.1241860349542672,0.9649709995361269,377.8019289517118,4.4135140449802845,48.3030303763063,0.0,999.0,0.0,0.0,0.0,0.0,0.0,0.0,0.0,0.0,0.0,0.0,0.0,0.0,0.0,0.0,0.0,0.0,0.0,0.0,0.0,0.0,0.0,0.0,0,0.0,False
15.779773209385578,1566.8279550574111,0.0020748254445694114,11.973960137887408,3.5827906129367673,0.9000938181024243,0.6666083856015412,368.09831202094244,4.311443205932104,61.755850470393256,0.0,999.0,0.0,0.0,0.0,0.0,0.0,0.0,0.0,0.0,0.0,0.0,0.0,0.0,0.0,0.0,0.0,0.0,0.0,0.0,0.0,0.0,0.0,0.0,0,0.0,False
15.84258555932572,1074.5022597168506,0.3903652455823836,7.072467511032381,4.867029967716143,1.2648887198071705,0.15519449168211252,368.20851875973705,3.801011667163989,72.87917876140286,0.0,999.0,0.0,0.0,0.0,0.0,0.0,0.0,0.0,0.0,0.0,0.0,0.0,0.0,0.0,0.0,0.0,0.0,0.0,0.0,0.0,0.0,0.0,0.0,0,0.0,False
12.170027680152314,1072.3794569836948,0.4553567271441191,4.334831933321855,4.017667384221442,0.9642057185314866,0.36078049378522115,356.7239817071026,1.3163193007581513,51.26084619693058,0.0,999.0,0.0,0.0,0.0,0.0,0.0,0.0,0.0,0.0,0.0,0.0,0.0,0.0,0.0,0.0,0.0,0.0,0.0,0.0,0.0,0.0,0.0,0.0,0,0.0,False
12.727495282633022,1252.0988052060434,0.478246753958113,12.812487354752012,2.0464590188529623,1.4944169263804115,0.14237142443265227,356.5277349205447,4.528421381927908,41.734737796611356,0.0,999.0,0.0,0.0,0.0,0.0,0.0,0.0,0.0,0.0,0.0,0.0,0.0,0.0,0.0,0.0,0.0,0.0,0.0,0.0,0.0,0.0,0.0,0.0,0,0.0,False
27.4136575216122,1004.0816375204018,0.2753236866264426,4.144512147365742,3.1388557847831704,1.6075820071652391,0.8639104686427063,358.78797835983755,2.0381944392976807,35.05004629697244,0.0,999.0,0.0,0.0,0.0,0.0,0.0,0.0,0.0,0.0,0.0,0.0,0.0,0.0,0.0,0.0,0.0,0.0,0.0,0.0,0.0,0.0,0.0,0.0,0,0.0,False
12.137534885132828,1221.6915493962304,0.11633554781598687,8.961864632455967,2.8289515586323803,1.3516262020065812,0.9226031530779568,355.30044555719337,3.425577478828847,55.737266781222445,0.0,999.0,0.0,0.0,0.0,0.0,0.0,0.0,0.0,0.0,0.0,0.0,0.0,0.0,0.0,0.0,0.0,0.0,0.0,0.0,0.0,0.0,0.0,0.0,0,0.0,False
29.47756993040922,1009.8045796182569,0.024462626725404835,9.352675939124953,3.760973327299659,0.9058930412678896,0.18749488339901277,343.44818490657883,1.6241104918418805,30.972609947526998,0.0,999.0,0.0,0.0,0.0,0.0,0.0,0.0,0.0,0.0,0.0,0.0,0.0,0.0,0.0,0.0,0.0,0.0,0.0,0.0,0.0,0.0,0.0,0.0,0,0.0,False
29.29234638504961,1291.246244615273,0.23934934315886575,13.9293007486901,2.0477312337333196,1.681996643078995,0.12907340078775342,355.16673672905586,2.6980527669394196,48.593521814939514,0.0,999.0,0.0,0.0,0.0,0.0,0.0,0.0,0.0,0.0,0.0,0.0,0.0,0.0,0.0,0.0,0.0,0.0,0.0,0.0,0.0,0.0,0.0,0.0,0,0.0,False
24.369761080340744,1089.4893790554868,0.16121747156560895,12.623444299766932,2.604841770011204,1.3150745671082271,0.25623911473998157,344.4165340681367,3.7294383867355627,67.75462263248264,0.0,999.0,0.0,0.0,0.0,0.0,0.0,0.0,0.0,0.0,0.0,0.0,0.0,0.0,0.0,0.0,0.0,0.0,0.0,0.0,0.0,0.0,0.0,0.0,0,0.0,False
14.295726124829951,1364.7497051267146,0.08504096648750753,10.909409853270574,2.7150634640415703,1.586135481652359,0.24104210555362898,345.8808460527488,1.45010726946452,43.965998181954575,0.0,999.0,0.0,0.0,0.0,0.0,0.0,0.0,0.0,0.0,0.0,0.0,0.0,0.0,0.0,0.0,0.0,0.0,0.0,0.0,0.0,0.0,0.0,0.0,0,0.0,False
24.143527378459808,1139.5900695002401,0.13781425657000046,11.406546897472992,2.088499074520852,1.3862367974082321,0.40033891575361646,346.4543310097608,4.602810531847944,41.62261120233384,0.0,999.0,0.0,0.0,0.0,0.0,0.0,0.0,0.0,0.0,0.0,0.0,0.0,0.0,0.0,0.0,0.0,0.0,0.0,0.0,0.0,0.0,0.0,0.0,0,0.0,False
23.01381021911356,1433.964125166078,0.162377082602277,8.077017803586676,4.620808474534183,1.7154756233847648,0.4173996702627796,379.8619907463093,1.2882908529593307,69.39748736662787,0.0,999.0,0.0,0.0,0.0,0.0,0.0,0.0,0.0,0.0,0.0,0.0,0.0,0.0,0.0,0.0,0.0,0.0,0.0,0.0,0.0,0.0,0.0,0.0,0,0.0,False
16.580990877735243,1019.4386404737869,0.4962237167073545,9.465292317619152,3.215802920701865,1.0440301153007951,0.2980132492008535,375.983031154453,1.233014507033751,31.82756285187608,0.0,999.0,0.0,0.0,0.0,0.0,0.0,0.0,0.0,0.0,0.0,0.0,0.0,0.0,0.0,0.0,0.0,0.0,0.0,0.0,0.0,0.0,0.0,0.0,0,0.0,False
22.59100342924664,1145.2135644784796,0.19412735685175025,4.499893618621213,4.481828986938791,1.7432865442352092,0.3049146838479603,360.52973599374957,3.329831313790912,35.51536991555875,0.0,999.0,0.0,0.0,0.0,0.0,0.0,0.0,0.0,0.0,0.0,0.0,0.0,0.0,0.0,0.0,0.0,0.0,0.0,0.0,0.0,0.0,0.0,0.0,0,0.0,False
11.601339064760118,1150.6783241278483,0.23258157698304605,9.605045882001642,3.648293459752474,1.7444184600526904,0.05727987447901489,368.01785616702784,2.850743991055567,51.80858859570196,0.0,999.0,0.0,0.0,0.0,0.0,0.0,0.0,0.0,0.0,0.0,0.0,0.0,0.0,0.0,0.0,0.0,0.0,0.0,0.0,0.0,0.0,0.0,0.0,0,0.0,False
16.601326546388528,1057.7708588020826,0.1153813675032947,4.581706079075801,4.017683088566338,0.9733238857825696,0.29875203613989343,356.7239817071026,1.3163193007581513,50.719244744871304,0.0,999.0,0.0,0.0,0.0,0.0,0.0,0.0,0.0,0.0,0.0,0.0,0.0,0.0,0.0,0.0,0.0,0.0,0.0,0.0,0.0,0.0,0.0,0.0,0,0.0,False
18.636513008351727,1014.071578279898,0.20874949849860852,5.948635232320924,2.36050484031117,1.6342611951431745,0.033435329596478436,345.1623059566138,3.4896407357667636,54.03110135005388,0.0,999.0,0.0,0.0,0.0,0.0,0.0,0.0,0.0,0.0,0.0,0.0,0.0,0.0,0.0,0.0,0.0,0.0,0.0,0.0,0.0,0.0,0.0,0.0,0,0.0,False
17.41762620869079,1047.7007357658413,0.48778587992651723,11.634786715143216,4.278819927423088,1.354652961955089,0.21885309253555754,374.86746257210274,1.4346185731257841,65.41493299133185,0.0,999.0,0.0,0.0,0.0,0.0,0.0,0.0,0.0,0.0,0.0,0.0,0.0,0.0,0.0,0.0,0.0,0.0,0.0,0.0,0.0,0.0,0.0,0.0,0,0.0,False
18.156637985534786,1014.071578279898,0.20874949849860852,5.948635232320924,2.2324611548935076,1.6357257635146052,0.021813159702834595,345.1623059566138,3.4896407357667636,70.56434682601395,0.0,999.0,0.0,0.0,0.0,0.0,0.0,0.0,0.0,0.0,0.0,0.0,0.0,0.0,0.0,0.0,0.0,0.0,0.0,0.0,0.0,0.0,0.0,0.0,0,0.0,False
20.019705411878448,1428.9445105037503,0.20386082854228993,11.835593951279524,2.8244071500038084,1.7344874829111196,0.5419628379337594,344.62499305838,2.4673850079417603,73.7057924372537,0.0,999.0,0.0,0.0,0.0,0.0,0.0,0.0,0.0,0.0,0.0,0.0,0.0,0.0,0.0,0.0,0.0,0.0,0.0,0.0,0.0,0.0,0.0,0.0,0,0.0,False
16.12299119555036,1254.0858603136953,0.2894008762136314,14.508907551050779,2.268395731878581,1.2124211133020404,0.8701054982564199,373.0275497216434,1.003769049363971,60.5478494010718,0.0,999.0,0.0,0.0,0.0,0.0,0.0,0.0,0.0,0.0,0.0,0.0,0.0,0.0,0.0,0.0,0.0,0.0,0.0,0.0,0.0,0.0,0.0,0.0,0,0.0,False
22.88829792524881,1405.6969987533912,0.2354439983645341,14.665728057944566,3.862416770817583,1.5411106642069647,0.8402191556813096,378.0050562714306,4.312121575458874,57.48935090430247,0.0,999.0,0.0,0.0,0.0,0.0,0.0,0.0,0.0,0.0,0.0,0.0,0.0,0.0,0.0,0.0,0.0,0.0,0.0,0.0,0.0,0.0,0.0,0.0,0,0.0,False
21.610625588124563,1551.7782605502284,0.1269916486059271,9.940046158163865,2.793134659314974,1.5674830030764229,0.46709639060336605,355.1582539606048,3.452632591136768,51.885172443442116,0.0,999.0,0.0,0.0,0.0,0.0,0.0,0.0,0.0,0.0,0.0,0.0,0.0,0.0,0.0,0.0,0.0,0.0,0.0,0.0,0.0,0.0,0.0,0.0,0,0.0,False
23.58459992241881,1482.2434216626252,0.1992210925769175,4.6008470384475695,2.8644367979239806,1.447419798691075,0.2133853535799155,373.3431072304881,4.690427088600598,21.49395365302088,0.0,999.0,0.0,0.0,0.0,0.0,0.0,0.0,0.0,0.0,0.0,0.0,0.0,0.0,0.0,0.0,0.0,0.0,0.0,0.0,0.0,0.0,0.0,0.0,0,0.0,False
29.469511365394016,1160.4349268681437,0.006608477187703604,10.530010623497594,2.118885721600683,1.776558692086011,0.47439562864815243,362.5957729552289,3.880679441119139,31.28179571495517,0.0,999.0,0.0,0.0,0.0,0.0,0.0,0.0,0.0,0.0,0.0,0.0,0.0,0.0,0.0,0.0,0.0,0.0,0.0,0.0,0.0,0.0,0.0,0.0,0,0.0,False
12.287598270939341,1598.605237742739,0.21649912608811678,4.758481526243628,2.4950626015354493,1.3880333827137052,0.8702951184827348,350.2818787814086,2.2972068856776797,54.13806766521565,0.0,999.0,0.0,0.0,0.0,0.0,0.0,0.0,0.0,0.0,0.0,0.0,0.0,0.0,0.0,0.0,0.0,0.0,0.0,0.0,0.0,0.0,0.0,0.0,0,0.0,False
19.056858650928007,1563.8265260878093,0.26544415493778756,8.073861912868388,3.3772789336742943,1.5473917102581374,0.4135512933151889,376.25693076657353,1.3120322864120673,64.46713237479585,0.0,999.0,0.0,0.0,0.0,0.0,0.0,0.0,0.0,0.0,0.0,0.0,0.0,0.0,0.0,0.0,0.0,0.0,0.0,0.0,0.0,0.0,0.0,0.0,0,0.0,False
29.70439310759093,1069.4284303655832,0.02630087128939429,12.05884100397289,3.1126246978684526,1.2253185707656828,0.8765321564895722,353.09174586061545,4.500448685978491,58.63927875389734,0.0,999.0,0.0,0.0,0.0,0.0,0.0,0.0,0.0,0.0,0.0,0.0,0.0,0.0,0.0,0.0,0.0,0.0,0.0,0.0,0.0,0.0,0.0,0.0,0,0.0,False
10.18827384112653,1545.5250581473292,0.13967551111941834,14.893288889126271,4.039444667619679,1.5037799301377794,0.6734242712672651,379.69457331200243,1.5112553103539748,79.25834076549543,0.0,999.0,0.0,0.0,0.0,0.0,0.0,0.0,0.0,0.0,0.0,0.0,0.0,0.0,0.0,0.0,0.0,0.0,0.0,0.0,0.0,0.0,0.0,0.0,0,0.0,False
18.57860307949465,1454.2372602867617,0.26137832350626256,4.876573390298167,3.527991461382724,1.6700388819119314,0.5311169616980763,355.7116404038181,0.615387053330669,62.0776907487486,0.0,999.0,0.0,0.0,0.0,0.0,0.0,0.0,0.0,0.0,0.0,0.0,0.0,0.0,0.0,0.0,0.0,0.0,0.0,0.0,0.0,0.0,0.0,0.0,0,0.0,False
27.907335690741238,1068.5026755682077,0.27865881293398964,7.60702209226344,2.1058200089403885,1.578166666832626,0.5617406560688765,375.7658134782486,3.192175524073239,40.22205676581608,0.0,999.0,0.0,0.0,0.0,0.0,0.0,0.0,0.0,0.0,0.0,0.0,0.0,0.0,0.0,0.0,0.0,0.0,0.0,0.0,0.0,0.0,0.0,0.0,0,0.0,False
20.520470785888673,1031.8572248403714,0.1608142197737535,14.8296763209878,4.829572316271903,1.6382071318977045,0.06376179297746498,342.939320905655,1.4570030977159198,69.66541341529461,0.0,999.0,0.0,0.0,0.0,0.0,0.0,0.0,0.0,0.0,0.0,0.0,0.0,0.0,0.0,0.0,0.0,0.0,0.0,0.0,0.0,0.0,0.0,0.0,0,0.0,False
15.826790215578681,1424.5062155854675,0.42347722243441543,6.508361164838524,2.3814837915560663,1.764028213985906,0.7672627514842798,361.3996410072792,2.5562300604764374,69.67714072637298,0.0,999.0,0.0,0.0,0.0,0.0,0.0,0.0,0.0,0.0,0.0,0.0,0.0,0.0,0.0,0.0,0.0,0.0,0.0,0.0,0.0,0.0,0.0,0.0,0,0.0,False
12.485674046651638,1077.6754151079153,0.190435261100815,5.416111635030013,4.3202656266866555,1.5821457848245812,0.4291378747032112,375.8588378412422,4.046828215820951,41.57923017977183,0.0,999.0,0.0,0.0,0.0,0.0,0.0,0.0,0.0,0.0,0.0,0.0,0.0,0.0,0.0,0.0,0.0,0.0,0.0,0.0,0.0,0.0,0.0,0.0,0,0.0,False
11.661339965604295,1558.9014349273393,0.18541887244491212,4.502683693631562,3.855360537433607,1.7399351028304166,0.7690089987808818,379.48988452121415,4.708026173674318,47.33200873904342,0.0,999.0,0.0,0.0,0.0,0.0,0.0,0.0,0.0,0.0,0.0,0.0,0.0,0.0,0.0,0.0,0.0,0.0,0.0,0.0,0.0,0.0,0.0,0.0,0,0.0,False
13.287452490479067,1104.2542731049375,0.22406032875136167,12.638255818691313,4.389172102347645,1.3618628522112972,0.4606302961632769,369.76391322431243,4.473439577957407,56.10181516518119,0.0,999.0,0.0,0.0,0.0,0.0,0.0,0.0,0.0,0.0,0.0,0.0,0.0,0.0,0.0,0.0,0.0,0.0,0.0,0.0,0.0,0.0,0.0,0.0,0,0.0,False
16.43326496635276,1056.5586459833194,0.4611242961145199,5.070049633877885,3.4258766362211412,1.6506461923817972,0.27660584509331965,368.8094351898804,3.3885674864986592,61.46590859240818,0.0,999.0,0.0,0.0,0.0,0.0,0.0,0.0,0.0,0.0,0.0,0.0,0.0,0.0,0.0,0.0,0.0,0.0,0.0,0.0,0.0,0.0,0.0,0.0,0,0.0,False
17.133240974291468,1276.1827605591168,0.13727111396453678,4.046864154315658,3.4152520665542365,1.148296064857332,0.4497836089298881,377.15500456046374,1.3055243307562479,58.24901468040857,0.0,999.0,0.0,0.0,0.0,0.0,0.0,0.0,0.0,0.0,0.0,0.0,0.0,0.0,0.0,0.0,0.0,0.0,0.0,0.0,0.0,0.0,0.0,0.0,0,0.0,False
18.621366429128564,1307.04320912376,0.12498079163955,13.327348914772623,2.310106918074618,1.4927485645445517,0.3926055704676572,370.72292838082336,2.9620920540129605,48.67776763574913,0.0,999.0,0.0,0.0,0.0,0.0,0.0,0.0,0.0,0.0,0.0,0.0,0.0,0.0,0.0,0.0,0.0,0.0,0.0,0.0,0.0,0.0,0.0,0.0,0,0.0,False
24.170976594986957,1037.8063886644734,0.02885437861423018,14.257494909439792,4.4187376350225245,1.1283129421322677,0.34170809180630035,373.03678799204874,3.286559590962586,35.89505697258052,0.0,999.0,0.0,0.0,0.0,0.0,0.0,0.0,0.0,0.0,0.0,0.0,0.0,0.0,0.0,0.0,0.0,0.0,0.0,0.0,0.0,0.0,0.0,0.0,0,0.0,False
22.59100342924664,1145.2135644784796,0.39271036079275484,5.602473767217774,4.481828986938791,1.4226348335506973,0.2893728115784362,360.52973599374957,3.329831313790912,35.51536991555875,0.0,999.0,0.0,0.0,0.0,0.0,0.0,0.0,0.0,0.0,0.0,0.0,0.0,0.0,0.0,0.0,0.0,0.0,0.0,0.0,0.0,0.0,0.0,0.0,0,0.0,False
27.859540081799963,1314.5818524913727,0.019516575737612674,12.722798505672424,2.1558706853974687,1.6442491755275905,0.0087991107002795,366.96445309386695,1.2457126613575285,40.57251428756481,0.0,999.0,0.0,0.0,0.0,0.0,0.0,0.0,0.0,0.0,0.0,0.0,0.0,0.0,0.0,0.0,0.0,0.0,0.0,0.0,0.0,0.0,0.0,0.0,0,0.0,False
17.80489470069437,1090.731079113485,0.31518671657224645,8.402706253131033,4.748457727129265,1.6392742877500237,0.2301799038896999,349.6925588876484,4.020217661738064,53.59321732165276,0.0,999.0,0.0,0.0,0.0,0.0,0.0,0.0,0.0,0.0,0.0,0.0,0.0,0.0,0.0,0.0,0.0,0.0,0.0,0.0,0.0,0.0,0.0,0.0,0,0.0,False
27.4136575216122,1004.0816375204018,0.2779692421329261,4.396063266771289,3.1388557847831704,1.1683473942462024,0.16414111956721533,359.1733675561917,2.0381944392976807,35.7119048593348,0.0,999.0,0.0,0.0,0.0,0.0,0.0,0.0,0.0,0.0,0.0,0.0,0.0,0.0,0.0,0.0,0.0,0.0,0.0,0.0,0.0,0.0,0.0,0.0,0,0.0,False
20.019705411878448,1428.9445105037503,0.21191496693327955,11.835593951279524,2.8244071500038084,1.7344874829111196,0.5419628379337594,349.6659797434902,2.4673850079417603,73.7057924372537,0.0,999.0,0.0,0.0,0.0,0.0,0.0,0.0,0.0,0.0,0.0,0.0,0.0,0.0,0.0,0.0,0.0,0.0,0.0,0.0,0.0,0.0,0.0,0.0,0,0.0,False
16.43326496635276,1432.9864682847485,0.4611242961145199,5.070049633877885,3.4258766362211412,1.6506461923817972,0.27660584509331965,366.5866553106709,2.9382562065593,61.46590859240818,0.0,999.0,0.0,0.0,0.0,0.0,0.0,0.0,0.0,0.0,0.0,0.0,0.0,0.0,0.0,0.0,0.0,0.0,0.0,0.0,0.0,0.0,0.0,0.0,0,0.0,False
22.142750938003303,1193.805663518935,0.00487125145581524,14.792972873369909,4.907828286346998,1.383125801201168,0.6181857022194579,366.7546720704415,4.669424190698228,48.05052068175666,0.0,999.0,0.0,0.0,0.0,0.0,0.0,0.0,0.0,0.0,0.0,0.0,0.0,0.0,0.0,0.0,0.0,0.0,0.0,0.0,0.0,0.0,0.0,0.0,0,0.0,False
10.166582128359455,1549.2116760633346,0.1276397980076026,9.044638277447664,2.802458229784106,1.6795791306759522,0.47230313520460687,374.90508732576745,3.384941105679018,36.48274383015155,0.0,999.0,0.0,0.0,0.0,0.0,0.0,0.0,0.0,0.0,0.0,0.0,0.0,0.0,0.0,0.0,0.0,0.0,0.0,0.0,0.0,0.0,0.0,0.0,0,0.0,False
12.485674046651638,1077.6754151079153,0.18569607223522205,5.416111635030013,4.3202656266866555,1.2625045142805473,0.11682512398539147,366.0539934153686,4.046828215820951,41.57923017977183,0.0,999.0,0.0,0.0,0.0,0.0,0.0,0.0,0.0,0.0,0.0,0.0,0.0,0.0,0.0,0.0,0.0,0.0,0.0,0.0,0.0,0.0,0.0,0.0,0,0.0,False
15.511898975802787,1221.6915493962304,0.11633554781598687,8.961864632455967,2.828967275770823,1.3749335469924735,0.9097132372356002,355.30044555719337,3.425577478828847,55.737266781222445,0.0,999.0,0.0,0.0,0.0,0.0,0.0,0.0,0.0,0.0,0.0,0.0,0.0,0.0,0.0,0.0,0.0,0.0,0.0,0.0,0.0,0.0,0.0,0.0,0,0.0,False
10.046384005649653,1065.8563442162263,0.278318134589556,4.325095250438573,3.0630958060119795,1.29275803149566,0.12384907739358952,350.89394988602936,0.5286957264557717,21.682964173771378,0.0,999.0,0.0,0.0,0.0,0.0,0.0,0.0,0.0,0.0,0.0,0.0,0.0,0.0,0.0,0.0,0.0,0.0,0.0,0.0,0.0,0.0,0.0,0.0,0,0.0,False
19.264439063677248,1176.9530102623723,0.16121747156560895,12.593413516217602,4.819790726955569,1.3149215194847537,0.518169554085777,363.84073159704116,3.7294383867355627,67.74381402430025,0.0,999.0,0.0,0.0,0.0,0.0,0.0,0.0,0.0,0.0,0.0,0.0,0.0,0.0,0.0,0.0,0.0,0.0,0.0,0.0,0.0,0.0,0.0,0.0,0,0.0,False
26.829534297967946,1078.6663854087483,0.1543668286489177,9.092960335698589,4.2255416020504,1.337242705838007,0.13687611879745087,353.74146118817436,1.9599177635259935,38.025134259082385,0.0,999.0,0.0,0.0,0.0,0.0,0.0,0.0,0.0,0.0,0.0,0.0,0.0,0.0,0.0,0.0,0.0,0.0,0.0,0.0,0.0,0.0,0.0,0.0,0,0.0,False
16.580990877735243,1035.71959264748,0.12255467632027905,14.652545213385345,3.215802920701865,1.0440301153007951,0.2980132492008535,375.983031154453,1.2423952197882595,66.67160399403687,0.0,999.0,0.0,0.0,0.0,0.0,0.0,0.0,0.0,0.0,0.0,0.0,0.0,0.0,0.0,0.0,0.0,0.0,0.0,0.0,0.0,0.0,0.0,0.0,0,0.0,False
15.750103413833422,1575.1037415583173,0.40876573333662874,7.586373775780297,2.0947657513657596,1.4361370760080576,0.42788292769342334,349.6615096854601,3.2160229722764493,76.88901935442703,0.0,999.0,0.0,0.0,0.0,0.0,0.0,0.0,0.0,0.0,0.0,0.0,0.0,0.0,0.0,0.0,0.0,0.0,0.0,0.0,0.0,0.0,0.0,0.0,0,0.0,False
10.18827384112653,1547.206915893595,0.14106047962807505,14.744558128610354,4.039444667619679,1.5037799301377794,0.6936901738231077,379.3959569086619,2.4232435498153255,73.75717166830998,0.0,999.0,0.0,0.0,0.0,0.0,0.0,0.0,0.0,0.0,0.0,0.0,0.0,0.0,0.0,0.0,0.0,0.0,0.0,0.0,0.0,0.0,0.0,0.0,0,0.0,False
29.469511365394016,1573.2300710925274,0.21231276639782065,10.530010623497594,2.118885721600683,1.7897709011057448,0.8187449926232988,365.4600936971867,3.9248813489975864,31.28179571495517,0.0,999.0,0.0,0.0,0.0,0.0,0.0,0.0,0.0,0.0,0.0,0.0,0.0,0.0,0.0,0.0,0.0,0.0,0.0,0.0,0.0,0.0,0.0,0.0,0,0.0,False
20.58249581805434,1364.7497051267146,0.08504096648750753,11.03543057815641,2.7150634640415703,1.586135481652359,0.02761896581849599,344.8158932398887,0.977942865658433,69.400654949678,0.0,999.0,0.0,0.0,0.0,0.0,0.0,0.0,0.0,0.0,0.0,0.0,0.0,0.0,0.0,0.0,0.0,0.0,0.0,0.0,0.0,0.0,0.0,0.0,0,0.0,False
17.80489470069437,1090.731079113485,0.2982233470771814,8.402706253131033,4.626055391645256,1.6392742877500237,0.2301799038896999,349.6925588876484,4.020217661738064,53.59321732165276,0.0,999.0,0.0,0.0,0.0,0.0,0.0,0.0,0.0,0.0,0.0,0.0,0.0,0.0,0.0,0.0,0.0,0.0,0.0,0.0,0.0,0.0,0.0,0.0,0,0.0,False
26.215980521934718,1063.1762303755809,0.4825178956680764,9.18091783612199,2.9949495747792327,1.5835189797266551,0.2508263714321559,341.06978342100905,3.2848249400445138,60.35185218745091,0.0,999.0,0.0,0.0,0.0,0.0,0.0,0.0,0.0,0.0,0.0,0.0,0.0,0.0,0.0,0.0,0.0,0.0,0.0,0.0,0.0,0.0,0.0,0.0,0,0.0,False
19.00089334133424,1507.0988778704716,0.09325379049765484,11.140243772837405,2.6768328748592873,1.253229719720745,0.8716800988542341,379.6343867245653,4.52172219800807,55.97356260127173,0.0,999.0,0.0,0.0,0.0,0.0,0.0,0.0,0.0,0.0,0.0,0.0,0.0,0.0,0.0,0.0,0.0,0.0,0.0,0.0,0.0,0.0,0.0,0.0,0,0.0,False
18.621366429128564,1307.3129609150658,0.12498079163955,8.178816583617051,2.310106918074618,1.4929394055970158,0.3926055704676572,346.46102397898636,2.7382713407879886,32.50249038517639,0.0,999.0,0.0,0.0,0.0,0.0,0.0,0.0,0.0,0.0,0.0,0.0,0.0,0.0,0.0,0.0,0.0,0.0,0.0,0.0,0.0,0.0,0.0,0.0,0,0.0,False
11.675717401439664,1315.6917452537039,0.024367924358150522,13.00125023663904,2.8535192172613137,1.2597453123224027,0.8091594479492752,369.0235154112774,4.793774655554477,35.95381239972767,0.0,999.0,0.0,0.0,0.0,0.0,0.0,0.0,0.0,0.0,0.0,0.0,0.0,0.0,0.0,0.0,0.0,0.0,0.0,0.0,0.0,0.0,0.0,0.0,0,0.0,False
27.583700415367343,1069.8102019621351,0.16611871313891013,8.591132891499093,3.150252429670399,1.2769460617087722,0.45998748135344514,370.2620118189866,1.8748210516054982,40.60545967560808,0.0,999.0,0.0,0.0,0.0,0.0,0.0,0.0,0.0,0.0,0.0,0.0,0.0,0.0,0.0,0.0,0.0,0.0,0.0,0.0,0.0,0.0,0.0,0.0,0,0.0,False
18.580579377353843,1484.549222760581,0.11906313736020341,6.272814428803098,3.5410484611572475,0.9959879366983245,0.6890782878350389,377.4004838312936,4.151408374070531,72.87251642960753,0.0,999.0,0.0,0.0,0.0,0.0,0.0,0.0,0.0,0.0,0.0,0.0,0.0,0.0,0.0,0.0,0.0,0.0,0.0,0.0,0.0,0.0,0.0,0.0,0,0.0,False
21.65600559125471,1037.8063886644734,0.028265253606806644,10.011199181940565,2.70118245908087,1.1283129421322677,0.34170809180630035,367.14395127391424,3.286559590962586,71.50887316398381,0.0,999.0,0.0,0.0,0.0,0.0,0.0,0.0,0.0,0.0,0.0,0.0,0.0,0.0,0.0,0.0,0.0,0.0,0.0,0.0,0.0,0.0,0.0,0.0,0,0.0,False
15.544391653885905,1072.3794569836948,0.4553567271441191,4.334831933321855,4.017683088566338,0.9642057185314866,0.36078049378522115,356.7239817071026,1.3163193007581513,51.26084619693058,0.0,999.0,0.0,0.0,0.0,0.0,0.0,0.0,0.0,0.0,0.0,0.0,0.0,0.0,0.0,0.0,0.0,0.0,0.0,0.0,0.0,0.0,0.0,0.0,0,0.0,False
27.583700415367343,1108.464789885774,0.16611871313891013,8.591132891499093,3.164206226311194,1.2788345133743764,0.4565652587604417,370.2620118189866,2.225015754833892,40.73190974424926,0.0,999.0,0.0,0.0,0.0,0.0,0.0,0.0,0.0,0.0,0.0,0.0,0.0,0.0,0.0,0.0,0.0,0.0,0.0,0.0,0.0,0.0,0.0,0.0,0,0.0,False
16.137690265491514,1098.8539106690184,0.2980245600625752,5.00757668526912,3.7226743679172904,1.3157774702325513,0.4566951303484421,344.14817163120426,3.571858417779499,69.01363966054689,0.0,999.0,0.0,0.0,0.0,0.0,0.0,0.0,0.0,0.0,0.0,0.0,0.0,0.0,0.0,0.0,0.0,0.0,0.0,0.0,0.0,0.0,0.0,0.0,0,0.0,False
10.857788198276678,1598.605237742739,0.21649912608811678,4.758481526243628,2.489954463808383,1.3880333827137052,0.8702951184827348,350.2818787814086,2.2972068856776797,53.5103628899057,0.0,999.0,0.0,0.0,0.0,0.0,0.0,0.0,0.0,0.0,0.0,0.0,0.0,0.0,0.0,0.0,0.0,0.0,0.0,0.0,0.0,0.0,0.0,0.0,0,0.0,False
20.29896886930768,1570.0662084347605,0.43029958965071713,7.570885729432512,2.111779946247915,1.4361370760080576,0.5747620737856707,349.6615096854601,3.2160229722764493,78.89565822822082,0.0,999.0,0.0,0.0,0.0,0.0,0.0,0.0,0.0,0.0,0.0,0.0,0.0,0.0,0.0,0.0,0.0,0.0,0.0,0.0,0.0,0.0,0.0,0.0,0,0.0,False
18.636513008351727,1014.071578279898,0.20874949849860852,5.948635232320924,2.36050484031117,1.6342611951431745,0.021813159702834595,345.1623059566138,3.4896407357667636,54.03110135005388,0.0,999.0,0.0,0.0,0.0,0.0,0.0,0.0,0.0,0.0,0.0,0.0,0.0,0.0,0.0,0.0,0.0,0.0,0.0,0.0,0.0,0.0,0.0,0.0,0,0.0,False
26.187106408484823,1063.1762303755809,0.47562280441337673,9.112415675544824,2.9949495747792327,1.6006904052632396,0.2564726238372458,345.8574651373135,1.6615475731424616,60.35185218745091,0.0,999.0,0.0,0.0,0.0,0.0,0.0,0.0,0.0,0.0,0.0,0.0,0.0,0.0,0.0,0.0,0.0,0.0,0.0,0.0,0.0,0.0,0.0,0.0,0,0.0,False
16.49428270509388,1054.5467046002482,0.4583494375560276,5.070049633877885,3.4258766362211412,1.6506461923817972,0.2751281890709438,368.8094351898804,2.356458853689215,61.46590859240818,0.0,999.0,0.0,0.0,0.0,0.0,0.0,0.0,0.0,0.0,0.0,0.0,0.0,0.0,0.0,0.0,0.0,0.0,0.0,0.0,0.0,0.0,0.0,0.0,0,0.0,False
22.541412833308456,1168.7759101339793,0.2354439983645341,14.665728057944566,3.0273803762034213,1.5411106642069647,0.8402191556813096,354.4276443086786,4.954613603239536,57.55215442865788,0.0,999.0,0.0,0.0,0.0,0.0,0.0,0.0,0.0,0.0,0.0,0.0,0.0,0.0,0.0,0.0,0.0,0.0,0.0,0.0,0.0,0.0,0.0,0.0,0,0.0,False
17.41762620869079,1047.7007357658413,0.14331886926488652,11.628020695926793,4.278819927423088,1.3548565269819017,0.22076415249817294,373.57984163517693,1.4346185731257841,65.41493299133185,0.0,999.0,0.0,0.0,0.0,0.0,0.0,0.0,0.0,0.0,0.0,0.0,0.0,0.0,0.0,0.0,0.0,0.0,0.0,0.0,0.0,0.0,0.0,0.0,0,0.0,False
12.630249518596834,1473.9315754465943,0.42987954373082526,7.349701247154716,3.363446544833642,1.45767776313772,0.2455131433178379,374.85423678526365,3.6463741470998903,71.4009827521599,0.0,999.0,0.0,0.0,0.0,0.0,0.0,0.0,0.0,0.0,0.0,0.0,0.0,0.0,0.0,0.0,0.0,0.0,0.0,0.0,0.0,0.0,0.0,0.0,0,0.0,False
21.610625588124563,1551.6721932156383,0.11373578850655423,9.940046158163865,3.13561154875715,1.5674830030764229,0.46709639060336605,355.1825442044561,3.3452509849916887,51.885172443442116,0.0,999.0,0.0,0.0,0.0,0.0,0.0,0.0,0.0,0.0,0.0,0.0,0.0,0.0,0.0,0.0,0.0,0.0,0.0,0.0,0.0,0.0,0.0,0.0,0,0.0,False
16.15309180185703,1562.1254784624543,0.2980245600625752,5.059155343940955,2.4648708942953674,1.3162013955411285,0.4448123649543787,344.18845214292975,3.582068166770512,69.02444826872927,0.0,999.0,0.0,0.0,0.0,0.0,0.0,0.0,0.0,0.0,0.0,0.0,0.0,0.0,0.0,0.0,0.0,0.0,0.0,0.0,0.0,0.0,0.0,0.0,0,0.0,False
17.731327256697703,1126.8900521079452,0.172329518564369,6.113244313278383,4.536975401768933,1.525540024447367,0.3890662470975612,367.0482887752961,2.422059854738687,68.50147195200745,0.0,999.0,0.0,0.0,0.0,0.0,0.0,0.0,0.0,0.0,0.0,0.0,0.0,0.0,0.0,0.0,0.0,0.0,0.0,0.0,0.0,0.0,0.0,0.0,0,0.0,False
11.385041400196709,1214.2423770117273,0.40641477508185314,8.704753163303057,3.799563312630339,1.5553451548324204,0.8212276083065595,370.42060479921133,0.5321447387554932,45.21541002035211,0.5096862939359458,0.7469273603283482,27140.999999999935,16.82755933976889,0.1845276915921713,1.4091357263267346,248.660000000516,478.1986819133101,1204.7730029330514,863.773820565906,85.57620614922394,2084.7458593388055,2685.996134550335,2967224.116108785,3310683.369479029,1202473.1602739808,0.019353411680880152,0.0009189438057914956,8978968.63315079,75.81247671757352,0.003517195770688873,0.22509750283637592,0.14367491815650912,0.6103967922284483,False,0.0,True
13.382021267307668,1526.0205581089813,0.45459123188042433,6.172861784138726,3.3245892281079192,1.547308927523103,0.8453451587639734,346.73101221468977,3.492360333071425,68.47012755776417,0.49205404449082707,0.44152459509868275,27140.999999999978,21.731667766716924,0.18101335437858937,0.7499215144334095,248.660000000516,487.1630805651634,1203.8343890294318,992.7764369557269,56.57074293286752,1889.7136029629128,2552.1193659471446,2249903.6482814425,2558479.0589615717,1142917.0561889093,0.009154642743736877,0.0028287762918364624,9128192.12312622,81.64917481140145,0.08200135188608719,0.21265630962437682,0.16954378514569418,0.5564004628316731,False,0.0,True
13.651668495538672,1526.0205581089813,0.432147612207352,6.172861784138726,3.3245892281079192,1.547308927523103,0.8453451587639734,346.73101221468977,3.460284577968349,68.47012755776417,0.4946633042085613,0.4742244273830743,27140.99999999989,21.994924063127293,0.18280669322957818,0.6826397865401342,248.660000000516,493.405625945581,1208.3506435266997,1013.3183563568821,57.45320373055473,1894.8918775618263,2556.6058665385053,2304617.4744122056,2621336.44248252,1187869.1985739274,0.00984749459856694,0.003023430585037027,9128706.613118552,79.27419634887127,0.08287231686344709,0.21862761150746254,0.16159650922153374,0.5749966916572576,False,0.0,True
19.056858650928007,1211.787019566637,0.3239605425202674,8.073861912868388,3.3772789336742943,1.2277504110125583,0.10068349752297878,366.4520642810694,1.3120322864120673,64.46713237479585,0.5306776838127998,0.8809216678507843,27140.999999990796,18.502904074770917,0.1986218420881971,0.35304987705327656,248.660000000516,629.4398006361993,1270.7059868177107,1139.1428619816543,105.2319581875498,1982.9883006474213,2648.0043087138247,3799485.6539655933,4312268.471315211,2055480.6034090025,0.02304404162574408,0.0008650533613859514,8875499.831743458,60.091172894219234,0.003516163768074282,0.3256446821353503,0.028504448053252977,0.919512867254332,False,0.0,True
11.385041400196709,1218.0861282350604,0.40584255806259284,8.704753163303057,3.7966810074365043,1.5553451548324204,0.8212276083065595,370.89446736556613,0.5321447387554932,45.21541002035211,0.5093428320068318,0.7397902674962944,27141.000000000022,16.892187213935873,0.18476938460638925,1.3946070092399974,248.660000000516,478.2866294667579,1206.7180323293514,866.6871029799017,84.39983588848453,2080.881902506838,2682.5081840658845,2956598.116494367,3300785.040556243,1202200.386512538,0.019143472669065322,0.0009351749810516218,8981516.321466312,75.53678619904385,0.0045350514919919324,0.22547405575945045,0.1435526158547936,0.6109966381919029,False,0.0,True
10.211598138766915,1487.4157806737405,0.07723394672364023,14.612221000899133,4.314327033691047,1.6795791306759522,0.6096147983345592,374.90508732576745,0.6170348154933637,66.7245231027621,0.5018765629268134,0.6623067173240547,27140.999999996588,23.0295510980892,0.19912521527140264,0.7906908077024203,248.660000000516,519.1483500004268,1333.3690052060958,1095.2321999048784,121.8111162690862,2090.6330997435757,2614.3529223606056,2992017.478399896,3467754.05504078,1529501.0438748715,0.014840646989746329,0.00313501962514358,9143483.70599387,61.43725414676844,0.07906651161963762,0.25511556158770954,0.12032958869213448,0.6795015500867572,False,0.0,True
11.385041400196709,1214.2423770117273,0.41756833213923616,8.736468600669848,3.725747076184133,1.5553451548324204,0.821222450419721,370.42060479921133,0.5321447387554932,45.22773456964851,0.5084132698656646,0.7212459174333419,27141.000000000036,16.748068004715737,0.18497144941667715,1.3990647714701199,248.660000000516,476.4910412872735,1191.1785981037328,856.749935475035,85.30238408877595,2062.4956511087657,2680.9285334935735,2934043.0357972896,3278385.254957866,1187404.2751496788,0.018668830382175657,0.0009065050628827022,8976543.100100221,75.24781581923345,0.003506493509182147,0.22264372626055026,0.14702036166531213,0.6022865989222149,False,0.0,True
14.13011563511606,1211.787019566637,0.32459133463549833,10.818171985525202,3.3772789336742943,1.2277504110125583,0.10068349752297878,366.4520642810694,1.3120322864120673,43.8946860969134,0.5190150479682674,0.875752901004408,27141.000000011984,17.314784087337678,0.19243788801259484,0.8852701602743432,248.660000000516,574.8596065773519,1154.1579183706792,930.8311446866552,116.48656137030797,2073.689360031793,2723.5132795588866,3497657.0768784187,3962594.577632008,1573403.087937762,0.022729771212587728,0.0010390382735834022,8965943.055586943,66.74567161576921,0.003167223123147945,0.24887523577736315,0.11339048009048378,0.6869963810435538,False,0.0,True
15.617013959580348,1531.1396904625353,0.3484470192882737,5.78010952786385,2.457798505186265,0.955739877762163,0.5714985141123747,350.3589414547462,2.9434220424302135,69.16834868739298,0.4668449532329157,0.41065178859740253,27141.00000000011,20.627049968597078,0.19464747452813913,0.3652819666142889,248.660000000516,550.6258602389848,1043.336967173283,956.0105028332706,55.393850081573376,1678.6130320134112,2560.575792168864,2664810.0404814035,3019466.310394498,1159071.1651712712,0.008787119430700444,0.0023583807636217025,9187721.948976973,66.09375109093624,0.08188288452972461,0.2117955292544423,0.19120911096017748,0.5255411678179457,False,0.0,True
12.45947542497635,1560.8893739750301,0.31092062340124016,9.446328801581293,3.128871298762642,1.4455863998888303,0.6653096900480489,360.55635823901173,3.350199009414253,55.92277987113427,0.48810336451361314,0.45561797626742306,27141.00000000005,22.671811741814903,0.19657892459575496,0.524051295797257,248.660000000516,515.5687171064639,1157.7530398539052,1020.5048158421483,84.15519844363237,1880.273305668446,2557.1881436443387,2472198.2803711724,2877235.9641070873,1249047.2145325677,0.009259335773949584,0.0031065917199245697,9179411.849647079,64.10661829419783,0.09283585581403564,0.2206717641090612,0.16504165896897802,0.5721132605343991,False,0.0,True
13.651668495538672,1599.1358574040446,0.432147612207352,6.172861784138726,3.4154800060797705,1.3766416887158694,0.8453451587639734,346.73101221468977,3.460284577968349,68.47012755776417,0.48284711178391143,0.4420412506529314,27140.999999999833,22.31499780197166,0.16783463960834147,0.9168477635274133,248.660000000516,493.405625945581,1205.9986300325343,962.6263605793723,59.074200249034554,1927.6086401274893,2567.0693016584987,2223176.693819751,2499376.2411937937,1025943.4419786176,0.009182986314382911,0.002814455269588225,9192392.872554425,103.15318767357604,0.09701731240756375,0.1944549022351914,0.19527349697001198,0.49894978819032687,False,0.0,True
14.75533996256392,1483.2410124403277,0.22955726997139142,9.8911421520209,2.9393031742604543,1.1689454952235994,0.5534854923200385,369.83156052953285,1.3131057479802868,46.07896699540391,0.492653622918397,0.6595222633040022,27141.000000000007,21.83009582266208,0.19052161380525287,0.48019563346655886,248.660000000516,558.8108769948668,1094.6987938750376,976.3483867018538,105.5365369162557,1889.8632293533583,2652.770807241441,2952215.7778943353,3383809.616878745,1352625.8395855557,0.015645055944978104,0.002255037803355825,9150026.879887873,70.19214144702165,0.07476895101864096,0.22131338503048556,0.1608122864386276,0.5791638760610568,False,0.0,True
14.65017890640807,1468.514076454651,0.21920461572044675,11.958116956140353,2.9475699581188435,1.153263346112467,0.49977520982406226,369.93328208933264,1.7079754104584204,46.12697672200958,0.4902294893962168,0.6141216455749982,27141.00000000046,21.674793456925013,0.19286302056724702,0.46132070989020607,248.660000000516,561.8375036950914,1090.6840473856778,976.4840903967255,134.67554265406574,1890.2760339355177,2632.579146640233,2995576.503941455,3483028.017993817,1434928.8019968336,0.014492679150609058,0.0021751964319422514,9122460.159777602,67.46273741515895,0.07118271195391071,0.22634212700324413,0.15753693758111761,0.5896183144249142,False,0.0,True
13.097066706591804,1560.9118802496644,0.37762670007593185,9.593298075240764,3.1201107738639458,1.4156781734060329,0.5394030200279692,362.31530649184214,3.5517402028730802,41.203123939173445,0.4907817437995254,0.6512817309228371,27140.999999999964,22.26147931550292,0.1818828889961062,0.7278860348335827,248.660000000516,524.0368038795336,1124.5715745199889,954.6379215290094,90.9748191750248,1980.531896276112,2654.646703066889,2461520.138756298,2829395.1871567126,1166166.8131750533,0.015157428782533023,0.0025190086764436776,9191166.474386983,81.03898215821977,0.09349779442845776,0.19751848167223973,0.18605481603760013,0.5149432529624514,False,0.0,True
12.217981452280462,1190.2642764365717,0.17839734518367295,14.517972595503386,4.754527383716622,1.4259137707769383,0.9333677049373144,374.5484961337786,2.1907521550243665,27.646226752538325,0.5261327913242146,1.1971566495069186,27141.00000000021,17.807929732444368,0.17773838395896505,1.436013841490007,248.660000000516,522.1259434024248,1344.0314741744648,953.2407912109994,141.45032948683777,2496.2465568268904,2835.6333932062207,3672521.4207127364,4110018.285171209,1505717.0508375838,0.03156304586543511,0.0009289827588324245,8992311.922226155,84.96235830707731,0.0,0.26404427652405266,0.093756020987646,0.7379655029924044,False,0.0,True
24.88065938500497,1449.0701461745448,0.41180350517071646,5.459755785566997,3.234897949526589,1.409152886906445,0.5316258168847506,355.1265118877653,0.933849078884573,59.03464204966856,0.5238885304525631,1.091972202877924,27141.000000000022,22.771778919976427,0.17014643771581922,0.2374630496681687,248.660000000516,621.0420638520428,1253.8341140338305,1196.371502816286,112.49555925235967,2024.1924271676512,2717.351790064429,3055650.751694369,3427709.752017081,1895485.519565126,0.025207151208657446,0.004430066349652307,9022958.692810329,97.18053003483719,0.0788441738901664,0.2798058642844075,0.07886914472453739,0.7801097295781472,False,0.0,True
12.217981452280462,1190.2642764365717,0.19133925825758302,14.517972595503386,4.754527383716622,1.4259137707769383,0.9333677049373144,374.5484961337786,2.1907521550243665,27.646226752538325,0.5254711330662468,1.1839247499723287,27141.000000000036,17.72099477092601,0.17633819005810028,1.4739999371667705,248.660000000516,519.377473263316,1342.0319099160529,945.7798659868448,141.6350517488703,2493.7416832456634,2833.5532434190677,3640137.7232452845,4071783.386046566,1482753.3503430597,0.031208307844868076,0.0009245937941309412,8991954.2595893,86.99891359801813,0.0,0.2611974285450659,0.09701705354848693,0.7291649042733299,False,0.0,True
24.634835858005097,1527.4764801405802,0.4132464774846719,6.1584086014083494,3.3245892281079192,1.547234400665481,0.8453451587639734,346.7499066495666,3.460284577968349,68.47012755776417,0.5225885900359781,0.8934597729564192,27140.99999998282,24.381852769218685,0.1629656155106493,0.2301891483734215,248.660000000516,575.2331383682993,1274.4749227357183,1223.5512172434508,95.19090684866984,1965.0132318383323,2617.367910936239,2690607.127896572,3053100.718404781,1661560.3936127769,0.018064000771182406,0.006185390926612418,9053793.822064506,110.97918556495881,0.09640357205699396,0.27091492489135527,0.08864918183435772,0.7534537508717961,False,0.0,True
12.443723195625688,1544.109979559935,0.31092062340124016,10.687472760209012,3.119335061654102,1.4455863998888303,0.0715082894697372,352.0482922206544,3.350199009414253,55.92277987113427,0.496390119688993,0.680498591744569,27141.00000002262,22.60013722182128,0.19623804274828166,0.5697903914015204,248.660000000516,555.2175564900708,1130.0401580379278,1001.1471055104244,101.82174558730948,1964.7116304314363,2648.532782278609,2674907.6165866186,3110552.3962037666,1392862.4921090351,0.01564913901765555,0.0028202732608991906,9178366.446716469,64.43393564184888,0.09497499037321495,0.21423774199976026,0.16500725454789647,0.564905915569116,False,0.0,True
14.75533996256392,1483.2410124403277,0.22955726997139142,9.8911421520209,2.9393031742604543,1.2610442445326142,0.5534854923200385,371.2446669757396,1.3131057479802868,40.885077733316294,0.49851892465809844,0.7419823752950241,27141.000000000065,22.26666659867393,0.19384799484112533,0.41435054214797445,248.660000000516,558.8108769948668,1102.4397492359096,1001.6331021211718,105.43020981277148,1914.561295068154,2669.4611513537993,2937197.333831257,3381932.964885574,1408651.1472371593,0.01766420590389708,0.0024739377439852153,9138440.906898241,66.5559743448072,0.07647543756517984,0.2272706248490377,0.1503403596484463,0.6018644429835224,False,0.0,True
12.660813223081178,1544.109979559935,0.30615069401782524,10.687472760209012,3.119335061654102,1.4455863998888303,0.06523742643276437,352.0482922206544,0.8435886573958995,55.92277987113427,0.49966583244987584,0.7464689845534291,27141.00000000014,22.687745917278964,0.1857480755068956,0.7243031716472932,248.660000000516,558.5878702685675,1073.6276102950112,934.9071153482648,142.9367760473394,2065.9465559043892,2810.4395427558147,2751694.930001963,3150684.638378894,1388237.9996039234,0.018037635655203648,0.0022222790545610733,9185761.036679419,76.03981501842534,0.09552952038908821,0.19431879735125193,0.1824956641318531,0.515688268933289,False,0.0,True
14.943886965639557,1531.1396904625353,0.3484470192882737,5.78010952786385,2.457798505186265,0.955739877762163,0.5714985141123747,347.4906804052925,2.9434220424302135,69.16834868739298,0.4640053995949962,0.417895381961029,27141.00000000011,20.399394713012743,0.19353250145287004,0.44193804155153715,248.660000000516,544.0064391788446,1029.9314845345075,924.8162461378951,55.530907511169154,1686.8143301431503,2573.970485331772,2623931.9095649836,2966899.7585515096,1108545.4132067026,0.009250320001993207,0.002091778559811126,9197902.972787922,67.31718872768599,0.08110582772860142,0.20266947240728658,0.20284890972863856,0.4997787556258154,False,0.0,True
13.382021267307668,1526.0205581089813,0.45439167030398825,6.172861784138726,4.255079931832345,1.3436436775956426,0.8169268225970353,346.6106377618286,3.4195744193593574,68.47012755776417,0.48468518309675906,0.5997694409245993,27140.99999999439,20.87856413010965,0.1517318655811611,1.524638080664539,248.660000000516,490.155015436055,1346.214252575511,940.4304896676642,65.00664410209824,2167.6996789472614,2618.9649691461204,2319878.928936102,2562069.4863130096,1008831.9392960141,0.013961510484965769,0.0023168319111654162,9162810.831468027,139.15448379901213,0.0794132293507972,0.19601076697867895,0.19209967620508392,0.5050386311967173,False,0.0,True
12.352765295934638,1310.8361509492786,0.4904397117742134,8.066086422715271,2.66478882554936,1.2465914185431144,0.6264074396443214,346.9003040469263,2.5349545871152506,49.76018764274606,0.4799511659813152,0.5459923232611219,27141.000000000065,16.842636508548136,0.18419373927294164,1.1957071509185788,248.660000000516,495.28064021957687,980.794158724198,762.4623890436552,92.17308961059949,1853.7085494525625,2680.296879462074,2504558.875379936,2834085.2643447784,992872.2256092089,0.013969874862266614,0.0008489027833635304,9060079.721841678,76.91416022397816,0.027701424931962308,0.17306908769606594,0.2184779300932278,0.44201355094779693,False,0.0,True
11.385041400196709,1574.5572809415535,0.40641477508185314,8.704753163303057,3.799563312630339,1.5553451548324204,0.8016836379727622,368.72555673531224,0.5109515044344191,45.09841301474929,0.48741179184721733,0.640570254568213,27141.000000009917,22.031046042686352,0.16272844638823827,1.401861696665716,248.660000000516,479.82154677804834,1192.5049939048401,886.3134894702769,90.50989524308207,2097.611163096743,2698.1817957520684,2337118.5462185075,2612879.0248336084,970459.1609835583,0.015410743551950335,0.001974973727291887,9212508.95101953,113.41914402912572,0.09231085981922393,0.17476810447254315,0.21158988015379626,0.4523475932342064,False,0.0,True
11.385041400196709,1574.5572809415535,0.42678856271854176,8.872331685727273,3.799563312630339,1.5553451548324204,0.8016836379727622,368.72555673531224,0.5109515044344191,45.09841301474929,0.48625503798920117,0.6178118976983918,27141.000000009844,21.885334189054138,0.16017172138487368,1.4769480675922564,248.660000000516,476.790963353021,1187.1161653650418,872.8359438722174,92.44169071139964,2095.4906188596656,2697.438097631664,2299543.150741912,2570215.3559729224,943718.8595121233,0.014882913750755672,0.0018851189646824605,9210024.505834088,118.90555206339614,0.09184627649222862,0.17054919583641198,0.21667604051605038,0.44043925815096857,False,0.0,True
21.960142073011376,1571.2097753439975,0.3159395461200982,4.769329704924875,3.2248162745348172,1.129839140462997,0.9228440996509134,341.2584835964241,1.9586112069719706,60.586153218801456,0.5038151277827173,0.9657701481546154,27141.00000000014,23.896009543236584,0.15771181846090152,0.42346069642909095,248.660000000516,574.69035383047,1199.0419791176116,1086.0992647275546,95.05601430911695,2021.093674339669,2703.781789619615,2846302.309034063,3132964.882875909,1409632.3171766764,0.02197997977695868,0.004231987814105864,9154879.264447529,123.81087137935715,0.097728534383548,0.23153673514663137,0.1418926128016135,0.620028223327324,False,0.0,True
12.99720096216804,1243.0194976042003,0.3075060676732441,9.844973896393057,3.3241613582394467,1.4663774946206358,0.6594908133080486,354.07735857595827,2.940734346902642,29.25305336751969,0.5202543129592662,0.9702627387950781,27141.000000000502,18.259824470852504,0.18799450158018496,0.9867081877951092,248.660000000516,522.3912520319344,1089.8153851962097,872.7407088983998,141.56644885873482,2221.7920449087565,2844.9995756716303,3246648.4723565704,3641666.490549477,1386517.5352686923,0.02533914155171915,0.0009947594419185528,8996670.736478815,71.83651599826375,0.011801354788638125,0.2210476186253812,0.14047052725455725,0.6114426651734155,False,0.0,True
14.849844049524211,1411.4612300083816,0.22955726997139142,9.8911421520209,3.2440869866093998,1.1689454952235994,0.5534854923200385,378.03902733621095,1.4083030739225753,46.07896699540391,0.49571360222340916,0.6895640617060996,27141.00000000222,20.90292458347609,0.19573621115569478,0.45588080298772576,248.660000000516,559.8309901883008,1194.6465687208174,1053.72936499908,106.00769909752647,1935.9884793977885,2616.316798150938,3078185.1012648754,3540547.351602805,1493464.5883546965,0.016297948387299647,0.00241750981146713,9088210.729922561,64.29300622258073,0.056734187236017225,0.2588539006481967,0.1207019227185314,0.6819916457930121,False,0.0,True
14.722752803076137,1483.2410124403277,0.22955726997139142,9.8911421520209,2.9393031742604543,1.2610442445326142,0.8356891427690026,371.2446669757396,1.3131057479802868,24.943003835578338,0.4984007137679335,0.8855596817586735,27141.000000000022,22.086624684199958,0.1841900166943008,0.5717925802447168,248.660000000516,542.9260574815485,1061.8801451367708,932.1772397470902,110.79083624381221,2025.4039032794942,2764.494323093382,2909232.696201373,3310411.0729598133,1268264.5854449617,0.022084116788020643,0.0019508585345915331,9162229.933114804,77.78606491244354,0.07449233356387715,0.20610041051560246,0.17178429257332428,0.5454055399196758,False,0.0,True
14.79866164714366,1443.6341845560178,0.04046519125401171,9.857220995265788,3.1740971019870425,1.0877154666750506,0.29865850047145254,362.02036306923765,1.310396029612635,29.25305336751969,0.5034214912805127,0.9791400905820103,27141.000000000022,22.301638566999664,0.18466491484186226,0.5714850757460583,248.660000000516,586.7258819844192,1081.4676668747616,950.2371184928812,141.01387411821437,2193.5857896710545,2853.9323268146936,3466302.6573372907,3881893.03308019,1470157.939901481,0.02477929322390335,0.001795547974583014,9141690.84047762,77.0144532556899,0.06644224186817485,0.2205533386046495,0.15361359866765364,0.5894517035965151,False,0.0,True
10.788171163362358,1190.2642764365717,0.17839734518367295,14.517972595503386,4.750956124935772,1.4259137707769383,0.9333677049373144,374.5484961337786,2.1907521550243665,27.01801106334024,0.5160844158609079,1.155457009042618,27141.000000000022,17.251968274673548,0.18193560595549202,1.626588069785903,248.660000000516,504.5389630905409,1327.5684959965827,911.7762546404576,125.80777880989554,2485.7163238232306,2827.2491593086706,3550162.2252731873,3971309.222630221,1409868.7507630433,0.030501462083051715,0.000858796599374005,9019127.051994003,79.45299579843264,0.0,0.25215611080570716,0.1126768700263655,0.6911549230845743,False,0.0,True
24.88065938500497,1577.4705511577588,0.41180350517071646,5.459755785566997,3.223733601699455,1.4076049541485236,0.3713967502695277,355.43192909806453,0.933849078884573,20.426180244317358,0.5173969839423235,1.30083449874749,27141.00000000014,24.682949814906504,0.1657340354194157,0.23282932138372034,248.660000000516,643.3446464330417,1241.3088395022298,1207.8133734559522,145.44567429385083,2244.780052464084,2891.802082811881,2935230.46402697,3290030.8389589624,1931659.3708308223,0.028512029917041267,0.006793919213464537,9128444.385274934,106.38013468603295,0.12090574002738673,0.2590606423660829,0.10426413600630573,0.7130277310747011,False,0.0,True
14.79866164714366,1438.266818340207,0.04079314325172709,9.857220995265788,3.974333318589421,1.088750740817701,0.32763012154924287,362.02036306923765,2.8593640653650296,29.25305336751969,0.5089096757601056,1.080821841182804,27140.999999987187,22.1471426890199,0.16810888055875922,0.9148369540963326,248.660000000516,586.6457175874416,1222.0709103388767,987.2448920833679,136.07474898741415,2417.2475179864737,2892.217610336169,3508809.120674244,3873409.5831791405,1411615.8775035078,0.02732767525576137,0.002006910335767269,9161013.579018032,102.29877548458492,0.06502714395822841,0.22815250882422927,0.1421357411158423,0.6161483894267616,False,0.0,True
28.302321703957432,1582.2230033228839,0.36883178483001045,5.808560107795875,3.150252429670399,1.2661980461161784,0.7473568677902879,370.2620118189866,1.8748210516054982,45.83938219960723,0.5154299326584509,1.1430677520511043,27141.000000000007,25.207341112085977,0.16047409051848713,0.09542732593333715,248.660000000516,621.3057832654418,1265.520976053936,1279.5570047585043,97.08025355380794,1972.7322728807376,2662.6819302332874,2917955.3519045203,3290233.1773559777,1731945.3345620064,0.022917789087560318,0.008106212770858712,9106238.632074447,116.90232127639335,0.1127017156767155,0.27920871735090025,0.08544209446326806,0.7656879082808387,False,0.0,True
14.79866164714366,1439.7351563172056,0.04046519125401171,9.857220995265788,3.974333318589421,1.1054502343018808,0.32763012154924287,362.02036306923765,3.238946156285876,29.25305336751969,0.5098880474403855,1.0991183920029322,27140.999999999978,22.25930405844826,0.1692045825695991,0.8839485444309246,248.660000000516,586.6736318062779,1228.1240650551033,997.7431204807125,133.36992181252907,2418.2755802458496,2891.617665418501,3507564.2403065455,3876329.134900436,1424520.1302734911,0.0277472692607711,0.0020839030165804616,9158692.593745446,100.29885997758606,0.06572082570672115,0.23077496027570774,0.13879567779540433,0.6244407333877603,False,0.0,True
18.447480872862805,1255.8721436109654,0.3171899343169194,9.751968211311798,3.2446579353183296,0.9012841925064824,0.09226234584675208,368.37577574900854,2.8595551854433876,61.76962781101813,0.4942664195427653,0.6920149790057883,27140.999999991072,17.713718792024952,0.19937658761405175,0.38518669442094317,248.660000000516,624.1222630058683,1244.7218396273138,1103.2169858650077,131.15464816784922,1954.7624604118782,2617.7451355560947,3757386.0381445256,4315521.534153219,1908337.776750517,0.017364391651280113,0.0014175868939098094,8940724.654036779,59.847928260971074,0.01622663295688525,0.3184862287992882,0.06167411975087885,0.8377681418220287,False,0.0,True
12.443723195625688,1583.2336914885575,0.31092062340124016,10.687472760209012,3.119335061654102,1.4455863998888303,0.12804665892685985,352.0482922206544,2.7024608475895815,48.184437943594126,0.4955812846685929,0.7557693580199863,27140.99999999989,23.06599051370073,0.18689989997249584,0.6926133079885357,248.660000000516,551.4396466877462,1094.679301412691,954.703785722578,108.65761541795486,2031.2104171775452,2722.5443746691353,2643730.409761828,3042201.6013243785,1302099.4227062128,0.017969194204479625,0.002543141941540739,9214056.734892083,74.87253752064103,0.1041733852864091,0.1948456366345187,0.1851788031383393,0.5127186997525176,False,0.0,True
14.665652362838888,1483.2410124403277,0.14716306893553477,9.8911421520209,2.9393031742604543,1.1689454952235994,0.5534854923200385,370.3482103786502,1.3131057479802868,45.81094301292731,0.4943053278601202,0.7294030062154928,27141.000000011474,22.427542754764577,0.19918294909828965,0.3508533197192509,248.660000000516,569.0792235789131,1104.7533010518455,1018.7757793429863,104.44799382931612,1898.6102001186523,2657.3154854813606,3111158.8907264424,3575707.611674036,1466959.1850606473,0.017271719956370207,0.0025250070353328496,9144853.50961292,61.39304230226869,0.0760808879501539,0.23631952244960108,0.1446345771353652,0.6203359478400716,False,0.0,True
12.443723195625688,1583.2336914885575,0.31092062340124016,10.687472760209012,3.119335061654102,1.4455863998888303,0.12804665892685985,353.4727432341972,2.7024608475895815,48.184437943594126,0.4953139435772074,0.7419802199408145,27140.999999999876,23.071225429396986,0.18800071644869917,0.6725371724861766,248.660000000516,551.4396466877462,1100.7801644879692,962.4605343804667,103.83709522008526,2018.0965479331778,2707.22632529546,2637847.704983913,3040533.0822542156,1307497.512365283,0.017519969528985494,0.002618115620428059,9212481.408166582,73.55242373789434,0.10417678851726234,0.1971415641760344,0.18307692092933017,0.5184954753617603,False,0.0,True
14.827405600949001,1443.6341845560178,0.08304875869522263,9.857220995265788,3.1740971019870425,1.0970498899046777,0.28724634562115003,362.02036306923765,3.556665630644518,29.82797180795486,0.5021802850190215,1.047794168568373,27141.000000000007,22.085343494615124,0.18680295964015012,0.5405103422669117,248.660000000516,584.0333057655944,1106.8749057499322,974.4183238143695,118.31244229687968,2172.9033316084806,2815.1350742603013,3386711.595459805,3812046.062134302,1455105.9026089255,0.026468516747096063,0.0019696647820181532,9137929.778407507,74.36959817956256,0.06630701759651068,0.22709595542857985,0.14791669580364353,0.6055687846326886,False,0.0,True
24.88065938500497,1597.5421252235744,0.41180350517071646,5.459682888417394,3.223733601699455,1.4076049541485236,0.3713967502695277,355.43192909806453,0.8442232455221464,20.426180244317358,0.5163929352081463,1.3048024092992765,27140.999999981555,24.970036313161785,0.16487020543404007,0.23200762387277596,248.660000000516,643.3446464330417,1240.8504923048422,1210.333729471307,145.81499255668012,2245.460652049317,2892.686016642602,2904034.594525681,3255529.53747716,1916477.1783428285,0.02821349806431405,0.0072001441264535485,9142838.261225091,108.23142505854717,0.12667910524312553,0.2563677217682862,0.10768466637304007,0.7042055762281209,False,0.0,True
24.88065938500497,1562.3507323647636,0.41180350517071646,5.660353746366587,3.215656616567855,1.4051568931896175,0.3713967502695277,375.1882981267417,0.933849078884573,20.426180244317358,0.5170976667422437,1.4655931381275331,27141.000000000153,24.459130690153653,0.17203473564313657,0.15059860806919712,248.660000000516,643.3446464330417,1277.3113721839031,1269.7914172824917,111.47330443779265,2137.5532379933625,2809.9386250773828,2914749.484522213,3300411.208526302,1920026.0556467418,0.03227369886033612,0.007503964501583482,9117577.955822458,95.00138326242589,0.11644080762007906,0.2793138055390399,0.08420399584494265,0.7683634872230143,False,0.0,True
14.79866164714366,1439.7351563172056,0.04046519125401171,9.857220995265788,3.974333318589421,1.088750740817701,0.32763012154924287,362.02036306923765,3.1549323133097293,29.25305336751969,0.5086916177127049,1.0902364008012393,27141.000000000022,22.171644740027684,0.16850313420270552,0.9039819458690986,248.660000000516,586.6736318062779,1225.4102132729752,991.3110411880901,134.02135823392226,2418.459465662626,2892.1225031003046,3505641.8648198545,3871773.4822951807,1413226.5592777273,0.02755107955237085,0.002039026601775606,9161238.843040487,101.58489426502402,0.06541215234805615,0.22921062768998607,0.1412347770539548,0.6187433418115174,False,0.0,True
10.730305778264999,1192.2764798241064,0.18108293151764984,14.517972595503386,4.750956124935772,1.4259137707769383,0.9342393549549288,374.5484961337786,3.222860787828884,27.01801106334024,0.5142861916012436,1.2051709593219841,27141.00000000005,17.26540825996265,0.18464671145336567,1.556112643206448,248.660000000516,503.2433691982039,1346.8610414482068,928.04862882846,125.1699511293016,2499.6595744518218,2834.035130421225,3516877.0853815703,3948022.5816006325,1430671.7242172668,0.0318207431426516,0.0008888018643064392,9013638.42070078,75.9581322998084,0.0,0.25891773410464886,0.10715667564174526,0.707281708885414,False,0.0,True
10.194277571197805,1186.4754167650167,0.1749741292088273,14.515666179918878,4.7515509739624475,1.4211674794902425,0.9340616273609562,374.8883763378522,2.1907521550243665,27.646226752538325,0.5110307618909524,1.146403682444036,27141.000000000022,16.933046945045522,0.18535544280446228,1.6884080779784734,248.660000000516,497.36730898124597,1327.32630754509,899.8886854080013,119.20302070445838,2470.8661762902384,2813.108448916756,3510648.1018458763,3930827.802228077,1384971.471470905,0.030292609453907902,0.0008219328913057037,9028486.925463166,75.2138501765407,0.0,0.25077039604727297,0.1176912701092593,0.6805874778320605,False,0.0,True
10.211598138766915,1498.3841955962828,0.4633064688850283,9.044638277447664,4.314327033691047,1.6795791306759522,0.6096147983345592,374.90508732576745,0.6075636176404888,36.29571321557383,0.4906140427112419,0.7866128384303951,27140.99999999385,20.61652260474009,0.16702805985550626,1.6821458765435562,248.660000000516,475.92146619206267,1300.2810295812144,910.4036965818352,79.54984564736299,2246.872428543842,2721.2379147317442,2387185.7621098775,2671099.679224079,1037079.3108969382,0.01940527870366375,0.001944180344170769,9171918.940083815,104.42170382639586,0.07559688267366066,0.18933677985633163,0.1943022872057973,0.4935284128028318,False,0.0,True
13.06447954710344,1560.9118802496644,0.38668539101103083,9.513637371379794,3.3025138860191023,1.4156781734060329,0.6611143269557697,361.4303428260761,3.6311772913298475,25.26086282864918,0.4921303750927936,0.8277267371048453,27140.999999989413,22.086979635779517,0.16465634694641373,1.1033450405732614,248.660000000516,512.1079619239337,1096.7587036446494,875.6455024813764,121.27336373402476,2172.433802062072,2806.220203786508,2471342.8150318754,2780426.1019629743,1035675.2870401996,0.020594104222776664,0.0018712271489771815,9207826.142921736,109.42600894397307,0.09166198201900648,0.17304424520941278,0.20958241824336452,0.45225349338669235,False,0.0,True
13.06447954710344,1560.9118802496644,0.37762670007593185,9.593298075240764,3.1201107738639458,1.4156781734060329,0.8216067247497074,362.31530649184214,3.5517402028730802,25.26086282864918,0.48978281708861415,0.774608774883301,27141.000000010063,22.12955116673207,0.1668855531867771,1.0191087515640704,248.660000000516,499.64339887776356,1061.4583152513972,858.2620550794273,116.75550339239676,2095.9609904968456,2776.5322906961483,2419371.0969196446,2732994.5963400854,994655.9683211176,0.019282734057069397,0.0017409227020460708,9201033.26150021,105.02174972800049,0.08988134195779414,0.16999386449317808,0.21443752933794782,0.44219558345397114,False,0.0,True
10.211598138766915,1494.539676589976,0.4638786831277592,9.044638277447664,4.317209338874167,1.6795791306759522,0.6096147983345592,374.43122475909286,0.6075636176404888,36.29571321557383,0.4909021357046953,0.7878645031007884,27141.000000000022,20.557404624219348,0.16670421996757687,1.699597740497047,248.660000000516,475.8646447075825,1297.869970342379,907.0104194388523,80.69907939768922,2250.415649846819,2724.042378317548,2394154.5662754206,2677159.5891374596,1035771.2569346661,0.019474814154702164,0.0019086163239563512,9170338.913866878,105.01334254062175,0.07467010461552255,0.1887546801648247,0.19465452618086337,0.4923060715308968,False,0.0,True
14.781212222266749,1260.6865583868894,0.3075060676732441,9.857653296271087,4.29350341545768,0.9069808537057811,0.32763012154924287,361.61043297655755,2.85767123597581,29.25305336751969,0.49271574746204033,0.9631880622424618,27141.00000000021,16.65382527168727,0.15120019458786532,1.9564404618567515,248.660000000516,565.9741981677722,1236.3564529693751,839.9444794395388,147.71406664440278,2498.9382445290257,2914.3272870138358,3410535.2257749867,3719705.4837777205,1207717.0565179233,0.025217326851537318,0.000924560345785538,9085643.997584859,139.44326484440924,0.01601035915095109,0.20931193938207882,0.17244492857632984,0.5482859823883581,False,0.0,True
13.06447954710344,1549.2177406298997,0.38668539101103083,9.608708057027382,3.3025138860191023,1.4156781734060329,0.6611143269557697,362.37395044785626,3.6311772913298475,25.786341092582056,0.4926279214282499,0.8297933264603903,27140.999999999993,21.929721914997646,0.16579072881247023,1.0880812808504268,248.660000000516,512.1079619239337,1100.8890858198376,879.1378808960976,117.51017958040732,2161.02459916037,2795.8404536074718,2484863.495287728,2799140.11679581,1044069.6780362148,0.020656032355877842,0.0018653883175836028,9200365.935818627,107.10833201791998,0.08889835685166007,0.1755046448159063,0.20670462261604122,0.45918469218477276,False,0.0,True
10.113373963803028,1498.3841955962828,0.4633064688850283,9.044638277447664,4.321782423799113,1.6795791306759522,0.6096147983345592,374.90508732576745,0.6075636176404888,36.29571321557383,0.48986963112968523,0.783379284522827,27141.00000000024,20.57719999067993,0.16723256081125343,1.7001737483786914,248.660000000516,474.72947180178875,1300.4633788604892,907.7344846170162,78.97667674969114,2247.8517234099018,2720.7372808936625,2381693.9803526844,2664855.41545093,1032169.2426720075,0.01933961623778153,0.0019220809234527043,9173078.483335387,104.0522476366572,0.07544331959783733,0.18874099994946894,0.19548538262803652,0.4912234258442585,False,0.0,True
22.426512157809846,1596.5308817627867,0.4131156757886441,5.622058361768779,3.1218982681604004,1.4424790270066132,0.36306613430606965,362.40787290212995,3.843010672234568,20.426180244317358,0.5146250832243218,1.3668762176211053,27140.99999999995,24.704703130443235,0.17421376278851103,0.20729777166263827,248.660000000516,625.5049812086145,1232.316226140989,1208.0251209120645,117.30925560268344,2161.995993455647,2842.19700977746,2772300.010837059,3138657.33273784,1791353.7609169772,0.030081665672257406,0.007016721750196946,9152830.394090889,91.8347205018282,0.12316385252849336,0.2559657782567807,0.10942365537961946,0.7005286817119425,False,0.0,True
21.960142073011376,1571.2097753439975,0.3159395461200982,4.769329704924875,4.011193949444495,1.129428374983805,0.8319439935347426,341.2584835964241,1.9586112069719706,60.586153218801456,0.5083204361500866,1.1286801856276858,27140.99999999992,23.87616601793566,0.14420964395774993,0.7233265491351497,248.660000000516,583.9017485593249,1342.5795228187362,1121.3593141429374,104.12877896087929,2260.1974384652995,2762.2026918314286,2922304.49716593,3181732.0099159065,1429163.2936332212,0.02588618040779702,0.004747328510323909,9165996.925223159,162.14205399835527,0.09910443595273961,0.23807444825220347,0.13211086228445293,0.6431223537937466,False,0.0,True
20.81194704406286,1563.0992925816668,0.27106637936141315,5.390409253820825,4.014086933549348,1.1314580889499735,0.8298625164109129,341.2584835964241,1.9586112069719706,27.626853200404106,0.5069175691957366,1.0935498969218034,27140.999999999876,23.972389188949,0.14571988044016526,0.7739190631987382,248.660000000516,586.8437430662509,1298.8017959238737,1080.0022589711743,145.8591163593604,2485.3916682007502,2961.235447829637,3016036.6538310237,3282886.0578103303,1530262.5513210413,0.025702628378082334,0.003977409374272196,9162503.429689769,157.09291858609356,0.09766710143798711,0.2305595036471614,0.14072244254731656,0.6209822643150928,False,0.0,True
22.16495537558592,1571.2675012062045,0.31745853900652166,4.769329704924875,4.011193949444495,1.129428374983805,0.8189455802461026,341.2584835964241,1.9586112069719706,55.91197045427664,0.5088214551636635,1.1511619160770612,27141.000000000022,23.907528543770407,0.14351615634167786,0.7266487775245184,248.660000000516,586.285244897882,1339.3823012159332,1119.2554719371146,109.39974484171137,2290.95679169032,2787.498086680873,2933191.3200843576,3191819.6140880557,1443510.68123753,0.026516614472336653,0.004727071091910887,9164532.683686018,164.47762172429717,0.09949495914706767,0.23731717481496883,0.13249075432832924,0.6417308989689349,False,0.0,True
13.06447954710344,1560.9118802496644,0.38668539101103083,9.513637371379794,3.3025138860191023,1.4156781734060329,0.6611143269557697,362.31530649184214,3.6311772913298475,25.26086282864918,0.49203557575620505,0.8306746673313088,27141.000000010412,22.08889794591061,0.16521644853751802,1.0889860633616368,248.660000000516,512.1079619239337,1100.5156844477106,879.6317093806271,118.19428715685902,2165.2905805593373,2800.504171017141,2468909.0623092274,2779845.301671069,1037653.3599700937,0.02064486720425273,0.0019004739417949705,9207219.203301433,108.30973981024253,0.09166303097695627,0.17421921631684198,0.2084769155584619,0.45524164423383523,False,0.0,True
14.781212222266749,1262.1548961608703,0.30723858506960444,9.857653296271087,4.29350341545768,0.9069808537057811,0.32763012154924287,361.61043297655755,3.1532394839205096,29.25305336751969,0.49256432295463864,0.9703566260090212,27141.000000000255,16.677705397640842,0.15151707040706988,1.9402312523369702,248.660000000516,565.9926518603315,1239.879231503289,842.8159178442124,145.55975369370645,2500.4831349931947,2914.6273294551097,3407202.244305207,3717523.47288182,1208116.968855491,0.02540093286422699,0.0009355163222841002,9086301.700152097,138.58024857593563,0.016399503038066848,0.21018154563432834,0.17169381559830837,0.5503930522144547,False,0.0,True
14.75533996256392,1575.767629572819,0.22955726997139142,5.483812583334213,2.9393031742604543,1.2610442445326142,0.5534854923200385,371.2446669757396,1.3131057479802868,20.871538578593615,0.49273247461511055,1.1079110280286484,27140.99999999992,23.531776286200326,0.19938389863763561,0.29619802964100805,248.660000000516,558.8108769948668,1145.5722503290265,1079.59203800543,70.26754849222858,1991.205770460501,2739.151001422164,2763760.439404513,3122360.92468151,1410683.274485386,0.026209425003465552,0.0038603882082599047,9195840.932152243,61.54886889746592,0.0995326952338897,0.2351983016405076,0.14702507995086722,0.6153425273494965,False,0.0,True
20.81194704406286,1563.0992925816668,0.2696627254118053,4.772696932190941,4.014086933549348,1.129428374983805,0.8319439935347426,341.2584835964241,1.9586112069719706,27.626853200404106,0.5047831473360281,1.1742439140785432,27141.000000000124,24.016274803246024,0.1500903219250677,0.6768584342147731,248.660000000516,587.018933994673,1325.1830352350296,1121.3311713935293,124.82148791783958,2447.050195855183,2927.6760577757295,3006108.7025220473,3274966.946593174,1601047.0673213648,0.0273392359830801,0.004530918088925785,9150843.393406235,143.58263942161443,0.09766728209620562,0.24347696831895094,0.129305240716751,0.6531346250368745,False,0.0,True
13.427087667221077,1595.682336179509,0.4307046398933966,5.4741360711478215,3.223733601699455,1.4076794810060946,0.3615836133127822,355.4130347062897,0.8442232455221464,20.426180244317358,0.48822130945982006,0.9805173489558157,27140.999999999935,22.439720176384455,0.18190720885669237,0.7552871767360153,248.660000000516,539.4091350222219,1158.9870418045305,982.5330326428951,87.65697343023506,2143.432822184974,2810.335382406461,2387905.487621308,2685727.823843942,1311774.9836832057,0.023596459117638455,0.003015762250371278,9203866.584695991,81.11841589460612,0.10417710888562508,0.19936489731102028,0.18615705473390232,0.5171298190765269,False,0.0,True
16.601326546388528,1560.9646965527454,0.1153813675032947,4.588296758430663,3.8521882112188095,0.9733238857825696,0.29875203613989343,356.7239817071026,1.3163193007581513,57.94904812300677,0.48959229080600497,1.190791965277392,27141.000000000095,23.402027867943143,0.17634941015389066,0.4860683798797627,248.660000000516,601.7329912589071,1341.467432156814,1183.9986120859048,66.59503086608328,2167.242303821316,2704.9463038920608,3265022.7925166814,3576608.150713264,1563875.6145050498,0.027417375982356416,0.004901908747237389,9196434.112434471,88.96031385351738,0.09588389873048037,0.27029184067429624,0.11438562177099121,0.7026453771326407,False,0.0,True
17.011261331706038,1581.5673323974547,0.3713389567185022,4.599739144002806,4.042927391351279,0.9116960923810083,0.8861938563573561,363.867300662509,3.3386958955937445,20.98692519388247,0.4665048956448517,0.9877837972733444,27141.00000000008,21.077417506402213,0.13807049841597607,1.3897686851077926,248.660000000516,528.9491249918874,1310.3353969255215,938.4860347836324,89.85410053799961,2342.946402473864,2842.641353387989,2515306.3548926013,2727775.7575883977,1013168.4731339226,0.024373490911265703,0.002435949130530217,9215810.480453191,185.75038996860002,0.09064469635826654,0.19497635865509505,0.208338033645177,0.4834351621896324,False,0.0,True
20.58249581805434,1364.7497051267146,0.08504096648750753,11.03543057815641,2.7150634640415703,1.586135481652359,0.02761896581849599,344.8158932398887,0.977942865658433,69.400654949678,0.0,999.0,0.0,0.0,0.0,0.0,0.0,0.0,0.0,0.0,0.0,0.0,0.0,0.0,0.0,0.0,0.0,0.0,0.0,0.0,0.0,0.0,0.0,0.0,0,0.0,False
23.01381021911356,1433.964125166078,0.162377082602277,8.077017803586676,4.620808474534183,1.7154756233847648,0.4173996702627796,379.8619907463093,1.2882908529593307,69.39748736662787,0.0,999.0,0.0,0.0,0.0,0.0,0.0,0.0,0.0,0.0,0.0,0.0,0.0,0.0,0.0,0.0,0.0,0.0,0.0,0.0,0.0,0.0,0.0,0.0,0,0.0,False
21.206077623927634,1172.737736419606,0.06232490842147098,7.171976472030028,4.273350491617537,1.0942115612312588,0.05210268620306746,355.20190980864714,2.0111444336005686,61.82237692384115,0.0,999.0,0.0,0.0,0.0,0.0,0.0,0.0,0.0,0.0,0.0,0.0,0.0,0.0,0.0,0.0,0.0,0.0,0.0,0.0,0.0,0.0,0.0,0.0,0,0.0,False
17.41762620869079,1047.7007357658413,0.14331886926488652,11.628020695926793,4.278819927423088,1.3548565269819017,0.22076415249817294,374.23530816829333,1.4346185731257841,65.41493299133185,0.0,999.0,0.0,0.0,0.0,0.0,0.0,0.0,0.0,0.0,0.0,0.0,0.0,0.0,0.0,0.0,0.0,0.0,0.0,0.0,0.0,0.0,0.0,0.0,0,0.0,False
15.511898975802787,1221.6915493962304,0.16164122534150555,8.961864632455967,2.6801752940076944,1.3749335469924735,0.9082820377010682,354.94195637484984,3.425577478828847,55.737266781222445,0.0,999.0,0.0,0.0,0.0,0.0,0.0,0.0,0.0,0.0,0.0,0.0,0.0,0.0,0.0,0.0,0.0,0.0,0.0,0.0,0.0,0.0,0.0,0.0,0,0.0,False
16.580990877735243,1019.4386404737869,0.4939702767691365,9.52144808842248,3.7976735314798864,1.1147981460380507,0.2980132492008535,370.01104712263196,0.5711585527362092,44.76819978225062,0.0,999.0,0.0,0.0,0.0,0.0,0.0,0.0,0.0,0.0,0.0,0.0,0.0,0.0,0.0,0.0,0.0,0.0,0.0,0.0,0.0,0.0,0.0,0.0,0,0.0,False
22.59100342924664,1145.2135644784796,0.19412735685175025,4.499893618621213,4.481828986938791,1.7432865442352092,0.3049146838479603,360.52973599374957,3.329831313790912,35.51536991555875,0.0,999.0,0.0,0.0,0.0,0.0,0.0,0.0,0.0,0.0,0.0,0.0,0.0,0.0,0.0,0.0,0.0,0.0,0.0,0.0,0.0,0.0,0.0,0.0,0,0.0,False
15.747408606663733,1562.6516957833528,0.4277924337733062,7.586373775780297,2.0947657513657596,1.4361370760080576,0.42788292769342334,349.6615096854601,3.2160229722764493,76.86782165224761,0.0,999.0,0.0,0.0,0.0,0.0,0.0,0.0,0.0,0.0,0.0,0.0,0.0,0.0,0.0,0.0,0.0,0.0,0.0,0.0,0.0,0.0,0.0,0.0,0,0.0,False
18.636513008351727,1014.071578279898,0.20874949849860852,5.948635232320924,2.36050484031117,1.6342611951431745,0.033435329596478436,345.1623059566138,3.4896407357667636,54.03110135005388,0.0,999.0,0.0,0.0,0.0,0.0,0.0,0.0,0.0,0.0,0.0,0.0,0.0,0.0,0.0,0.0,0.0,0.0,0.0,0.0,0.0,0.0,0.0,0.0,0,0.0,False
20.019705411878448,1428.9445105037503,0.20386082854228993,11.835593951279524,2.8244071500038084,1.7344874829111196,0.5419628379337594,344.62499305838,2.4673850079417603,73.7057924372537,0.0,999.0,0.0,0.0,0.0,0.0,0.0,0.0,0.0,0.0,0.0,0.0,0.0,0.0,0.0,0.0,0.0,0.0,0.0,0.0,0.0,0.0,0.0,0.0,0,0.0,False
16.580990877735243,1035.71959264748,0.12255467632027905,14.652545213385345,3.215802920701865,1.0440301153007951,0.2980132492008535,375.983031154453,1.2423952197882595,66.67160399403687,0.0,999.0,0.0,0.0,0.0,0.0,0.0,0.0,0.0,0.0,0.0,0.0,0.0,0.0,0.0,0.0,0.0,0.0,0.0,0.0,0.0,0.0,0.0,0.0,0,0.0,False
27.859540081799963,1314.5818524913727,0.019516575737612674,12.722798505672424,2.1558706853974687,1.6442491755275905,0.0087991107002795,366.96445309386695,1.2457126613575285,40.57251428756481,0.0,999.0,0.0,0.0,0.0,0.0,0.0,0.0,0.0,0.0,0.0,0.0,0.0,0.0,0.0,0.0,0.0,0.0,0.0,0.0,0.0,0.0,0.0,0.0,0,0.0,False
20.29896886930768,1570.0662084347605,0.43029958965071713,7.570885729432512,2.111779946247915,1.4361370760080576,0.5747620737856707,349.6615096854601,3.2160229722764493,78.89565822822082,0.0,999.0,0.0,0.0,0.0,0.0,0.0,0.0,0.0,0.0,0.0,0.0,0.0,0.0,0.0,0.0,0.0,0.0,0.0,0.0,0.0,0.0,0.0,0.0,0,0.0,False
12.485674046651638,1077.6754151079153,0.190435261100815,5.416111635030013,4.3202656266866555,1.5821457848245812,0.4291378747032112,375.8588378412422,4.046828215820951,41.57923017977183,0.0,999.0,0.0,0.0,0.0,0.0,0.0,0.0,0.0,0.0,0.0,0.0,0.0,0.0,0.0,0.0,0.0,0.0,0.0,0.0,0.0,0.0,0.0,0.0,0,0.0,False
29.469511365394016,1573.2300710925274,0.20115849362172822,10.498295186130793,2.1956701135108485,1.7897709011057448,0.8027339471489391,365.4600936971867,3.9248813489975864,31.269471212620363,0.0,999.0,0.0,0.0,0.0,0.0,0.0,0.0,0.0,0.0,0.0,0.0,0.0,0.0,0.0,0.0,0.0,0.0,0.0,0.0,0.0,0.0,0.0,0.0,0,0.0,False
12.170027680152314,1072.3794569836948,0.4553567271441191,4.047999439035942,4.017667384221442,0.9642057185314866,0.36078049378522115,356.7239817071026,1.3163193007581513,51.26084619693058,0.0,999.0,0.0,0.0,0.0,0.0,0.0,0.0,0.0,0.0,0.0,0.0,0.0,0.0,0.0,0.0,0.0,0.0,0.0,0.0,0.0,0.0,0.0,0.0,0,0.0,False
11.675717401439664,1315.6917452537039,0.031741869089096236,13.00125023663904,2.8535192172613137,1.2597453123224027,0.8831864837868973,369.0235154112774,4.793774655554477,35.95381239972767,0.0,999.0,0.0,0.0,0.0,0.0,0.0,0.0,0.0,0.0,0.0,0.0,0.0,0.0,0.0,0.0,0.0,0.0,0.0,0.0,0.0,0.0,0.0,0.0,0,0.0,False
17.133240974291468,1276.1827605591168,0.13727111396453678,4.046864154315658,3.4152520665542365,1.148296064857332,0.4497836089298881,377.15500456046374,1.3055243307562479,58.24901468040857,0.0,999.0,0.0,0.0,0.0,0.0,0.0,0.0,0.0,0.0,0.0,0.0,0.0,0.0,0.0,0.0,0.0,0.0,0.0,0.0,0.0,0.0,0.0,0.0,0,0.0,False
22.403702712943605,1562.1254784624543,0.2980245600625752,4.546141577068686,2.3615340437579904,1.2904006531922088,0.4448123649543787,344.18845214292975,3.338466910635373,37.11653909117839,0.0,999.0,0.0,0.0,0.0,0.0,0.0,0.0,0.0,0.0,0.0,0.0,0.0,0.0,0.0,0.0,0.0,0.0,0.0,0.0,0.0,0.0,0.0,0.0,0,0.0,False
22.741303271703977,1493.468246938498,0.160184170046974,4.6008470384475695,2.8334324310980414,1.4258165720771594,0.34966021527238933,373.3431072304881,4.690427088600598,21.88794997232343,0.0,999.0,0.0,0.0,0.0,0.0,0.0,0.0,0.0,0.0,0.0,0.0,0.0,0.0,0.0,0.0,0.0,0.0,0.0,0.0,0.0,0.0,0.0,0.0,0,0.0,False
24.179194493385502,1146.0600428038117,0.18728132432472525,11.406546897472992,2.088499074520852,1.3862367974082321,0.19251032140937702,346.4543310097608,4.602810531847944,21.407039685165856,0.0,999.0,0.0,0.0,0.0,0.0,0.0,0.0,0.0,0.0,0.0,0.0,0.0,0.0,0.0,0.0,0.0,0.0,0.0,0.0,0.0,0.0,0.0,0.0,0,0.0,False
17.80489470069437,1090.731079113485,0.2982233470771814,8.402706253131033,4.626055391645256,1.6392742877500237,0.2301799038896999,349.6925588876484,4.020217661738064,53.59321732165276,0.0,999.0,0.0,0.0,0.0,0.0,0.0,0.0,0.0,0.0,0.0,0.0,0.0,0.0,0.0,0.0,0.0,0.0,0.0,0.0,0.0,0.0,0.0,0.0,0,0.0,False
24.170976594986957,1037.8063886644734,0.02885437861423018,14.257494909439792,4.4187376350225245,1.1283129421322677,0.34170809180630035,373.03678799204874,3.286559590962586,35.89505697258052,0.0,999.0,0.0,0.0,0.0,0.0,0.0,0.0,0.0,0.0,0.0,0.0,0.0,0.0,0.0,0.0,0.0,0.0,0.0,0.0,0.0,0.0,0.0,0.0,0,0.0,False
11.601339064760118,1150.6783241278483,0.23258157698304605,9.605045882001642,3.648293459752474,1.7444184600526904,0.05727987447901489,368.01785616702784,2.850743991055567,51.80858859570196,0.0,999.0,0.0,0.0,0.0,0.0,0.0,0.0,0.0,0.0,0.0,0.0,0.0,0.0,0.0,0.0,0.0,0.0,0.0,0.0,0.0,0.0,0.0,0.0,0,0.0,False
18.539978669584244,1342.0849531414178,0.08476186178310458,12.604531664561561,4.57092687833528,0.9949045794909787,0.5326448049436736,376.07916719086023,4.877976530335427,71.19594056481418,0.0,999.0,0.0,0.0,0.0,0.0,0.0,0.0,0.0,0.0,0.0,0.0,0.0,0.0,0.0,0.0,0.0,0.0,0.0,0.0,0.0,0.0,0.0,0.0,0,0.0,False
17.41762620869079,1047.7007357658413,0.14331886926488652,11.628020695926793,4.278819927423088,1.3548565269819017,0.22076415249817294,373.57984163517693,1.4346185731257841,65.41493299133185,0.0,999.0,0.0,0.0,0.0,0.0,0.0,0.0,0.0,0.0,0.0,0.0,0.0,0.0,0.0,0.0,0.0,0.0,0.0,0.0,0.0,0.0,0.0,0.0,0,0.0,False
11.661339965604295,1558.9014349273393,0.18541887244491212,4.502683693631562,3.855360537433607,1.7399351028304166,0.7690089987808818,379.48988452121415,4.708026173674318,47.33200873904342,0.0,999.0,0.0,0.0,0.0,0.0,0.0,0.0,0.0,0.0,0.0,0.0,0.0,0.0,0.0,0.0,0.0,0.0,0.0,0.0,0.0,0.0,0.0,0.0,0,0.0,False
27.907335690741238,1068.5026755682077,0.27865881293398964,7.60702209226344,2.1058200089403885,1.578166666832626,0.5617406560688765,375.7658134782486,3.192175524073239,40.22205676581608,0.0,999.0,0.0,0.0,0.0,0.0,0.0,0.0,0.0,0.0,0.0,0.0,0.0,0.0,0.0,0.0,0.0,0.0,0.0,0.0,0.0,0.0,0.0,0.0,0,0.0,False
23.39792027454326,1482.2434216626252,0.19024130133265582,4.725299815964956,2.8644367979239806,1.7057306036466466,0.9322243531608239,358.0487364333776,2.9941999940622703,21.49395365302088,0.0,999.0,0.0,0.0,0.0,0.0,0.0,0.0,0.0,0.0,0.0,0.0,0.0,0.0,0.0,0.0,0.0,0.0,0.0,0.0,0.0,0.0,0.0,0.0,0,0.0,False
16.15309180185703,1147.8361865714326,0.2980245600625752,5.010953373801495,4.686829955644826,1.316048347917655,0.4448123649543787,344.18845214292975,3.582068166770512,69.01363966054689,0.0,999.0,0.0,0.0,0.0,0.0,0.0,0.0,0.0,0.0,0.0,0.0,0.0,0.0,0.0,0.0,0.0,0.0,0.0,0.0,0.0,0.0,0.0,0.0,0,0.0,False
29.109366460058517,1409.7483126252505,0.02656434533647878,7.397379533501768,3.777784061970119,1.1116083665317178,0.9649709995361269,377.8019289517118,4.317803963769599,48.339439777304136,0.0,999.0,0.0,0.0,0.0,0.0,0.0,0.0,0.0,0.0,0.0,0.0,0.0,0.0,0.0,0.0,0.0,0.0,0.0,0.0,0.0,0.0,0.0,0.0,0,0.0,False
19.056858650928007,1563.8265260878093,0.26544415493778756,8.073861912868388,3.3772789336742943,1.5473917102581374,0.4135512933151889,376.25693076657353,1.3120322864120673,64.46713237479585,0.0,999.0,0.0,0.0,0.0,0.0,0.0,0.0,0.0,0.0,0.0,0.0,0.0,0.0,0.0,0.0,0.0,0.0,0.0,0.0,0.0,0.0,0.0,0.0,0,0.0,False
21.610625588124563,1551.6721932156383,0.11373578850655423,9.940046158163865,3.13561154875715,1.5674830030764229,0.46709639060336605,355.1825442044561,3.3452509849916887,51.885172443442116,0.0,999.0,0.0,0.0,0.0,0.0,0.0,0.0,0.0,0.0,0.0,0.0,0.0,0.0,0.0,0.0,0.0,0.0,0.0,0.0,0.0,0.0,0.0,0.0,0,0.0,False
13.41346059221775,1281.4426761805544,0.478246753958113,12.812487354752012,2.0464590188529623,1.4944169263804115,0.14237142443265227,356.5277349205447,4.573880612370857,40.126686915935196,0.0,999.0,0.0,0.0,0.0,0.0,0.0,0.0,0.0,0.0,0.0,0.0,0.0,0.0,0.0,0.0,0.0,0.0,0.0,0.0,0.0,0.0,0.0,0.0,0,0.0,False
11.675717401439664,1315.6917452537039,0.024367924358150522,13.00125023663904,2.8535192172613137,1.2597453123224027,0.8091594479492752,369.0235154112774,4.793774655554477,35.95381239972767,0.0,999.0,0.0,0.0,0.0,0.0,0.0,0.0,0.0,0.0,0.0,0.0,0.0,0.0,0.0,0.0,0.0,0.0,0.0,0.0,0.0,0.0,0.0,0.0,0,0.0,False
24.0807235403599,1480.9872628892736,0.1276397980076026,9.044638277447664,2.802458229784106,1.6795791306759522,0.4849204926715812,374.1796889246742,3.35881615054719,36.48274383015155,0.0,999.0,0.0,0.0,0.0,0.0,0.0,0.0,0.0,0.0,0.0,0.0,0.0,0.0,0.0,0.0,0.0,0.0,0.0,0.0,0.0,0.0,0.0,0.0,0,0.0,False
29.43561266143235,1069.6820543315662,0.1543668286489177,9.092960335698589,2.0206526364000563,1.7052509775871538,0.13687611879745087,355.16134677384963,1.9599177635259935,38.025134259082385,0.0,999.0,0.0,0.0,0.0,0.0,0.0,0.0,0.0,0.0,0.0,0.0,0.0,0.0,0.0,0.0,0.0,0.0,0.0,0.0,0.0,0.0,0.0,0.0,0,0.0,False
27.4136575216122,1004.0816375204018,0.2753236866264426,4.144512147365742,3.1388557847831704,1.6075820071652391,0.8639104686427063,358.78797835983755,2.0381944392976807,35.05004629697244,0.0,999.0,0.0,0.0,0.0,0.0,0.0,0.0,0.0,0.0,0.0,0.0,0.0,0.0,0.0,0.0,0.0,0.0,0.0,0.0,0.0,0.0,0.0,0.0,0,0.0,False
26.187106408484823,1063.1762303755809,0.47562280441337673,9.112415675544824,2.9949495747792327,1.6006904052632396,0.2564726238372458,345.8574651373135,1.6615475731424616,60.35185218745091,0.0,999.0,0.0,0.0,0.0,0.0,0.0,0.0,0.0,0.0,0.0,0.0,0.0,0.0,0.0,0.0,0.0,0.0,0.0,0.0,0.0,0.0,0.0,0.0,0,0.0,False
16.12299119555036,1189.618227477303,0.03721674851259038,14.508907551050779,2.268395731878581,1.5525397399196719,0.24452201288674674,372.82958971395016,3.9148669483078313,60.78065578179593,0.0,999.0,0.0,0.0,0.0,0.0,0.0,0.0,0.0,0.0,0.0,0.0,0.0,0.0,0.0,0.0,0.0,0.0,0.0,0.0,0.0,0.0,0.0,0.0,0,0.0,False
12.013359604313141,1270.7854436414843,0.11777966073207091,10.00245982345613,2.4148413253316803,1.596569640242067,0.9239125658053686,352.7743687099295,2.0951535480058494,55.88511439833918,0.0,999.0,0.0,0.0,0.0,0.0,0.0,0.0,0.0,0.0,0.0,0.0,0.0,0.0,0.0,0.0,0.0,0.0,0.0,0.0,0.0,0.0,0.0,0.0,0,0.0,False
23.58459992241881,1482.2434216626252,0.1992210925769175,4.6008470384475695,2.8644367979239806,1.447419798691075,0.2133853535799155,373.3431072304881,4.690427088600598,21.49395365302088,0.0,999.0,0.0,0.0,0.0,0.0,0.0,0.0,0.0,0.0,0.0,0.0,0.0,0.0,0.0,0.0,0.0,0.0,0.0,0.0,0.0,0.0,0.0,0.0,0,0.0,False
17.731327256697703,1126.8900521079452,0.172329518564369,6.113244313278383,4.536975401768933,1.525540024447367,0.3890662470975612,367.0482887752961,2.422059854738687,68.50147195200745,0.0,999.0,0.0,0.0,0.0,0.0,0.0,0.0,0.0,0.0,0.0,0.0,0.0,0.0,0.0,0.0,0.0,0.0,0.0,0.0,0.0,0.0,0.0,0.0,0,0.0,False
15.84258555932572,1074.5022597168506,0.3903652455823836,7.072467511032381,4.867029967716143,1.2648887198071705,0.15519449168211252,368.20851875973705,3.801011667163989,72.87917876140286,0.0,999.0,0.0,0.0,0.0,0.0,0.0,0.0,0.0,0.0,0.0,0.0,0.0,0.0,0.0,0.0,0.0,0.0,0.0,0.0,0.0,0.0,0.0,0.0,0,0.0,False
10.046384005649653,1065.8563442162263,0.278318134589556,4.325095250438573,2.968979463039921,1.3188004766485013,0.10290152676453979,350.89394988602936,0.5286957264557717,21.682964173771378,0.0,999.0,0.0,0.0,0.0,0.0,0.0,0.0,0.0,0.0,0.0,0.0,0.0,0.0,0.0,0.0,0.0,0.0,0.0,0.0,0.0,0.0,0.0,0.0,0,0.0,False
19.982198300403237,1063.1762303755809,0.47562280441337673,9.112415675544824,2.8279731373552295,1.7345475342540437,0.2564726238372458,345.8574651373135,1.5480983147031897,60.35185218745091,0.0,999.0,0.0,0.0,0.0,0.0,0.0,0.0,0.0,0.0,0.0,0.0,0.0,0.0,0.0,0.0,0.0,0.0,0.0,0.0,0.0,0.0,0.0,0.0,0,0.0,False
20.019705411878448,1427.2625479161643,0.21052999842463377,11.968171231043478,2.8244071500038084,1.7344874829111196,0.5462928496317068,349.5272689458644,1.5553967686526904,79.20502372776343,0.0,999.0,0.0,0.0,0.0,0.0,0.0,0.0,0.0,0.0,0.0,0.0,0.0,0.0,0.0,0.0,0.0,0.0,0.0,0.0,0.0,0.0,0.0,0.0,0,0.0,False
29.469511365394016,1573.2300710925274,0.21231276639782065,10.530010623497594,2.118885721600683,1.7897709011057448,0.8187449926232988,365.4600936971867,3.9248813489975864,31.28179571495517,0.0,999.0,0.0,0.0,0.0,0.0,0.0,0.0,0.0,0.0,0.0,0.0,0.0,0.0,0.0,0.0,0.0,0.0,0.0,0.0,0.0,0.0,0.0,0.0,0,0.0,False
10.860957307363062,1202.9624994304554,0.18174110924816106,14.301966794568074,2.950727672964597,1.4261878323617105,0.2639427080351977,374.64216478985145,3.222860787828884,21.065813911897042,0.0,999.0,0.0,0.0,0.0,0.0,0.0,0.0,0.0,0.0,0.0,0.0,0.0,0.0,0.0,0.0,0.0,0.0,0.0,0.0,0.0,0.0,0.0,0.0,0,0.0,False
21.94076492265442,1041.0345559244515,0.3214281724594609,10.723312538282137,4.482466600813394,1.784303651421486,0.377864356114854,349.21722697640877,3.466212786817524,60.90931454322144,0.0,999.0,0.0,0.0,0.0,0.0,0.0,0.0,0.0,0.0,0.0,0.0,0.0,0.0,0.0,0.0,0.0,0.0,0.0,0.0,0.0,0.0,0.0,0.0,0,0.0,False
13.382021267307668,1282.6103239380752,0.011490647356841993,6.443753548215993,3.3245892281079192,1.5559239824984148,0.8277790853230114,346.73101221468977,3.492360333071425,68.6256192592973,0.0,999.0,0.0,0.0,0.0,0.0,0.0,0.0,0.0,0.0,0.0,0.0,0.0,0.0,0.0,0.0,0.0,0.0,0.0,0.0,0.0,0.0,0.0,0.0,0,0.0,False
10.116069082645684,1550.467833745262,0.1904705665742692,4.725299815964956,2.8644367979239806,1.716127295021413,0.8691301196791423,358.7740100757657,4.716435174597104,21.49395365302088,0.0,999.0,0.0,0.0,0.0,0.0,0.0,0.0,0.0,0.0,0.0,0.0,0.0,0.0,0.0,0.0,0.0,0.0,0.0,0.0,0.0,0.0,0.0,0.0,0,0.0,False
12.287598270939341,1523.4771356394838,0.21649912608811678,4.758481526243628,2.404174386999802,1.558700621515563,0.8702951184827348,350.2818787814086,2.2972068856776797,54.13806766521565,0.0,999.0,0.0,0.0,0.0,0.0,0.0,0.0,0.0,0.0,0.0,0.0,0.0,0.0,0.0,0.0,0.0,0.0,0.0,0.0,0.0,0.0,0.0,0.0,0,0.0,False
18.621366429128564,1307.3129609150658,0.12498079163955,10.078869018300612,2.2858224539444105,1.4864006384677788,0.3926055704676572,373.840894106334,2.743786365692146,32.14951043476737,0.0,999.0,0.0,0.0,0.0,0.0,0.0,0.0,0.0,0.0,0.0,0.0,0.0,0.0,0.0,0.0,0.0,0.0,0.0,0.0,0.0,0.0,0.0,0.0,0,0.0,False
20.58249581805434,1364.7497051267146,0.08504096648750753,10.680700669627882,2.7150634640415703,1.7592844613788916,0.02761896581849599,344.1771210783635,1.2981772006304153,44.51502475010448,0.0,999.0,0.0,0.0,0.0,0.0,0.0,0.0,0.0,0.0,0.0,0.0,0.0,0.0,0.0,0.0,0.0,0.0,0.0,0.0,0.0,0.0,0.0,0.0,0,0.0,False
21.65600559125471,1037.8063886644734,0.028265253606806644,10.011199181940565,2.70118245908087,1.1283129421322677,0.34170809180630035,367.14395127391424,3.286559590962586,71.50887316398381,0.0,999.0,0.0,0.0,0.0,0.0,0.0,0.0,0.0,0.0,0.0,0.0,0.0,0.0,0.0,0.0,0.0,0.0,0.0,0.0,0.0,0.0,0.0,0.0,0,0.0,False
18.156637985534786,1014.071578279898,0.20874949849860852,5.948635232320924,2.2324611548935076,1.6357257635146052,0.021813159702834595,345.1623059566138,3.4896407357667636,70.56434682601395,0.0,999.0,0.0,0.0,0.0,0.0,0.0,0.0,0.0,0.0,0.0,0.0,0.0,0.0,0.0,0.0,0.0,0.0,0.0,0.0,0.0,0.0,0.0,0.0,0,0.0,False
15.87492282452482,1156.2141788837296,0.0016870292733425218,10.293078461251358,4.515708703659982,1.1022466251033434,0.47924309117227704,379.35584285837,2.2702430881337197,76.30680994471652,0.0,999.0,0.0,0.0,0.0,0.0,0.0,0.0,0.0,0.0,0.0,0.0,0.0,0.0,0.0,0.0,0.0,0.0,0.0,0.0,0.0,0.0,0.0,0.0,0,0.0,False
11.601339064760118,1161.9962456618293,0.23258157698304605,9.509975196354052,3.648293459752474,1.7444184600526904,0.05727987447901489,367.9592122110134,2.850743991055567,53.293768359903005,0.0,999.0,0.0,0.0,0.0,0.0,0.0,0.0,0.0,0.0,0.0,0.0,0.0,0.0,0.0,0.0,0.0,0.0,0.0,0.0,0.0,0.0,0.0,0.0,0,0.0,False
15.826790215578681,1416.702489561968,0.4277371509432066,6.508361164838524,2.3814978130176003,1.764028213985906,0.4274403726711352,361.3996410072792,2.5562300604764374,69.67714072637298,0.0,999.0,0.0,0.0,0.0,0.0,0.0,0.0,0.0,0.0,0.0,0.0,0.0,0.0,0.0,0.0,0.0,0.0,0.0,0.0,0.0,0.0,0.0,0.0,0,0.0,False
22.59100342924664,1145.2135644784796,0.39271036079275484,5.602473767217774,4.481828986938791,1.4226348335506973,0.2893728115784362,360.52973599374957,3.329831313790912,35.51536991555875,0.0,999.0,0.0,0.0,0.0,0.0,0.0,0.0,0.0,0.0,0.0,0.0,0.0,0.0,0.0,0.0,0.0,0.0,0.0,0.0,0.0,0.0,0.0,0.0,0,0.0,False
18.607769054662494,1014.071578279898,0.20758723848437188,5.948635232320924,2.36050484031117,1.6249244989090157,0.044951899958949326,345.1623059566138,1.2433917612961913,53.45623200388671,0.0,999.0,0.0,0.0,0.0,0.0,0.0,0.0,0.0,0.0,0.0,0.0,0.0,0.0,0.0,0.0,0.0,0.0,0.0,0.0,0.0,0.0,0.0,0.0,0,0.0,False
19.222469167081034,1364.7497051267146,0.08441098329034968,8.165099780614527,2.7150634640415703,1.586135481652359,0.24104210555362898,347.0398542494691,1.45010726946452,64.53844430639721,0.0,999.0,0.0,0.0,0.0,0.0,0.0,0.0,0.0,0.0,0.0,0.0,0.0,0.0,0.0,0.0,0.0,0.0,0.0,0.0,0.0,0.0,0.0,0.0,0,0.0,False
15.524055985232621,1035.71959264748,0.4621837895925761,14.652545213385345,3.215802920701865,1.0349119482589304,0.3600417068461812,375.983031154453,1.2423952197882595,67.21320531244075,0.0,999.0,0.0,0.0,0.0,0.0,0.0,0.0,0.0,0.0,0.0,0.0,0.0,0.0,0.0,0.0,0.0,0.0,0.0,0.0,0.0,0.0,0.0,0.0,0,0.0,False
18.57860307949465,1454.2372602867617,0.26137832350626256,4.876573390298167,3.527991461382724,1.6700388819119314,0.5311169616980763,355.7116404038181,0.615387053330669,62.0776907487486,0.0,999.0,0.0,0.0,0.0,0.0,0.0,0.0,0.0,0.0,0.0,0.0,0.0,0.0,0.0,0.0,0.0,0.0,0.0,0.0,0.0,0.0,0.0,0.0,0,0.0,False
12.443723195625688,1540.1177905867826,0.32417653268728286,10.687472760209012,2.77685817221195,1.4455863998888303,0.0715082894697372,352.0240019768031,3.457580615559332,55.92277987113427,0.0,999.0,0.0,0.0,0.0,0.0,0.0,0.0,0.0,0.0,0.0,0.0,0.0,0.0,0.0,0.0,0.0,0.0,0.0,0.0,0.0,0.0,0.0,0.0,0,0.0,False
16.601326546388528,1057.7708588020826,0.1153813675032947,4.581706079075801,4.017683088566338,0.9733238857825696,0.29875203613989343,356.7239817071026,1.3163193007581513,50.719244744871304,0.0,999.0,0.0,0.0,0.0,0.0,0.0,0.0,0.0,0.0,0.0,0.0,0.0,0.0,0.0,0.0,0.0,0.0,0.0,0.0,0.0,0.0,0.0,0.0,0,0.0,False
16.340392521238165,1145.2135644784796,0.19412735685175025,5.012907386041767,4.665602365079886,1.7432865442352092,0.3049146838479603,360.52973599374957,3.5734325699260507,67.42314291805653,0.0,999.0,0.0,0.0,0.0,0.0,0.0,0.0,0.0,0.0,0.0,0.0,0.0,0.0,0.0,0.0,0.0,0.0,0.0,0.0,0.0,0.0,0.0,0.0,0,0.0,False
16.12299119555036,1254.0858603136953,0.2894008762136314,14.508907551050779,2.268395731878581,1.2124211133020404,0.8701054982564199,373.0275497216434,1.003769049363971,60.5478494010718,0.0,999.0,0.0,0.0,0.0,0.0,0.0,0.0,0.0,0.0,0.0,0.0,0.0,0.0,0.0,0.0,0.0,0.0,0.0,0.0,0.0,0.0,0.0,0.0,0,0.0,False
16.49428270509388,1054.5467046002482,0.4583494375560276,5.070049633877885,3.4258766362211412,1.6506461923817972,0.2751281890709438,368.8094351898804,2.356458853689215,61.46590859240818,0.0,999.0,0.0,0.0,0.0,0.0,0.0,0.0,0.0,0.0,0.0,0.0,0.0,0.0,0.0,0.0,0.0,0.0,0.0,0.0,0.0,0.0,0.0,0.0,0,0.0,False
18.718392070397577,1598.2047048387276,0.21947362366615938,4.876573390298167,3.2646455026069052,1.666191770996852,0.8984240549588391,350.29613759983926,0.615387053330669,20.362780439949184,0.0,999.0,0.0,0.0,0.0,0.0,0.0,0.0,0.0,0.0,0.0,0.0,0.0,0.0,0.0,0.0,0.0,0.0,0.0,0.0,0.0,0.0,0.0,0.0,0,0.0,False
10.085017607240987,1583.3773635176817,0.4060440050180121,4.758481526243628,2.549187321335155,1.4098582547043657,0.8661288043792701,350.3061968929342,2.267905583452187,53.5103628899057,0.0,999.0,0.0,0.0,0.0,0.0,0.0,0.0,0.0,0.0,0.0,0.0,0.0,0.0,0.0,0.0,0.0,0.0,0.0,0.0,0.0,0.0,0.0,0.0,0,0.0,False
16.12299119555036,1254.0858603136953,0.25475658756692293,14.508907551050779,2.268395731878581,1.2124211133020404,0.8243505525071062,373.0275497216434,1.003769049363971,60.5478494010718,0.0,999.0,0.0,0.0,0.0,0.0,0.0,0.0,0.0,0.0,0.0,0.0,0.0,0.0,0.0,0.0,0.0,0.0,0.0,0.0,0.0,0.0,0.0,0.0,0,0.0,False
27.4136575216122,1004.8256884618404,0.07627911877298063,4.396063266771289,4.154401087262491,1.181964685009893,0.16414111956721533,359.1733675561917,0.6319837472890494,66.97005459657372,0.0,999.0,0.0,0.0,0.0,0.0,0.0,0.0,0.0,0.0,0.0,0.0,0.0,0.0,0.0,0.0,0.0,0.0,0.0,0.0,0.0,0.0,0.0,0.0,0,0.0,False
18.621366429128564,1307.04320912376,0.12498079163955,13.327348914772623,2.310106918074618,1.4927485645445517,0.3926055704676572,370.72292838082336,2.9620920540129605,48.67776763574913,0.0,999.0,0.0,0.0,0.0,0.0,0.0,0.0,0.0,0.0,0.0,0.0,0.0,0.0,0.0,0.0,0.0,0.0,0.0,0.0,0.0,0.0,0.0,0.0,0,0.0,False
19.00089334133424,1507.0988778704716,0.09325379049765484,11.140243772837405,2.6768328748592873,1.253229719720745,0.8716800988542341,379.6343867245653,4.52172219800807,55.97356260127173,0.0,999.0,0.0,0.0,0.0,0.0,0.0,0.0,0.0,0.0,0.0,0.0,0.0,0.0,0.0,0.0,0.0,0.0,0.0,0.0,0.0,0.0,0.0,0.0,0,0.0,False
18.620706820186214,1014.071578279898,0.12236445051879033,5.948635232320924,2.36050484031117,1.6342611951431745,0.03604595238451663,375.89706589714564,3.4842543742125374,32.51933208866443,0.0,999.0,0.0,0.0,0.0,0.0,0.0,0.0,0.0,0.0,0.0,0.0,0.0,0.0,0.0,0.0,0.0,0.0,0.0,0.0,0.0,0.0,0.0,0.0,0,0.0,False
16.49428270509388,1054.5467046002482,0.4583494375560276,5.070049633877885,2.404222949423869,1.6506461923817972,0.2751281890709438,368.8094351898804,2.356458853689215,61.46590859240818,0.0,999.0,0.0,0.0,0.0,0.0,0.0,0.0,0.0,0.0,0.0,0.0,0.0,0.0,0.0,0.0,0.0,0.0,0.0,0.0,0.0,0.0,0.0,0.0,0,0.0,False
17.731327256697703,1126.8900521079452,0.172329518564369,5.9456659037038175,4.536975401768933,1.5371078654158112,0.3890662470975612,367.0482887752961,2.422059854738687,68.50147195200745,0.0,999.0,0.0,0.0,0.0,0.0,0.0,0.0,0.0,0.0,0.0,0.0,0.0,0.0,0.0,0.0,0.0,0.0,0.0,0.0,0.0,0.0,0.0,0.0,0,0.0,False
11.661339965604295,1558.9014349273393,0.18541887244491212,4.502683693631562,3.855360537433607,1.7225887407256442,0.7690089987808818,379.48988452121415,4.661022576601098,47.33200873904342,0.0,999.0,0.0,0.0,0.0,0.0,0.0,0.0,0.0,0.0,0.0,0.0,0.0,0.0,0.0,0.0,0.0,0.0,0.0,0.0,0.0,0.0,0.0,0.0,0,0.0,False
12.630249518596834,1473.9315754465943,0.0791963916371747,7.342935229253852,3.363446544833642,1.4578813281645329,0.2474242032804533,373.5666158483378,3.6463741470998903,71.4009827521599,0.0,999.0,0.0,0.0,0.0,0.0,0.0,0.0,0.0,0.0,0.0,0.0,0.0,0.0,0.0,0.0,0.0,0.0,0.0,0.0,0.0,0.0,0.0,0.0,0,0.0,False
23.01381021911356,1433.964125166078,0.08250708402741166,7.616807689355354,2.757325863191248,1.6342400610132373,0.03229306158226941,379.8619907463093,1.4512119186599004,68.80266805581053,0.0,999.0,0.0,0.0,0.0,0.0,0.0,0.0,0.0,0.0,0.0,0.0,0.0,0.0,0.0,0.0,0.0,0.0,0.0,0.0,0.0,0.0,0.0,0.0,0,0.0,False
20.375655671267637,1411.605038515213,0.4277371509432066,6.492873118490768,2.398515761574129,1.764028213985906,0.5743195187633825,361.3996410072792,2.640613515095777,69.67714072637298,0.0,999.0,0.0,0.0,0.0,0.0,0.0,0.0,0.0,0.0,0.0,0.0,0.0,0.0,0.0,0.0,0.0,0.0,0.0,0.0,0.0,0.0,0.0,0.0,0,0.0,False
26.829534297967946,1078.6663854087483,0.1543668286489177,9.092960335698589,4.2255416020504,1.337242705838007,0.13687611879745087,353.74146118817436,1.9599177635259935,38.025134259082385,0.0,999.0,0.0,0.0,0.0,0.0,0.0,0.0,0.0,0.0,0.0,0.0,0.0,0.0,0.0,0.0,0.0,0.0,0.0,0.0,0.0,0.0,0.0,0.0,0,0.0,False
12.485674046651638,1077.6754151079153,0.18569607223522205,5.416111635030013,4.3202656266866555,1.2625045142805473,0.11682512398539147,366.0539934153686,4.046828215820951,41.57923017977183,0.0,999.0,0.0,0.0,0.0,0.0,0.0,0.0,0.0,0.0,0.0,0.0,0.0,0.0,0.0,0.0,0.0,0.0,0.0,0.0,0.0,0.0,0.0,0.0,0,0.0,False
21.610625588124563,1551.7782605502284,0.1269916486059271,9.940046158163865,2.793134659314974,1.5674830030764229,0.46709639060336605,355.1582539606048,3.452632591136768,51.885172443442116,0.0,999.0,0.0,0.0,0.0,0.0,0.0,0.0,0.0,0.0,0.0,0.0,0.0,0.0,0.0,0.0,0.0,0.0,0.0,0.0,0.0,0.0,0.0,0.0,0,0.0,False
11.385041400196709,1214.2423770117273,0.40641477508185314,8.704753163303057,3.799563312630339,1.5553451548324204,0.8212276083065595,370.42060479921133,0.5321447387554932,45.21541002035211,0.5096862939359458,0.7469273603283482,27140.999999999935,16.82755933976889,0.1845276915921713,1.4091357263267346,248.660000000516,478.1986819133101,1204.7730029330514,863.773820565906,85.57620614922394,2084.7458593388055,2685.996134550335,2967224.116108785,3310683.369479029,1202473.1602739808,0.019353411680880152,0.0009189438057914956,8978968.63315079,75.81247671757352,0.003517195770688873,0.22509750283637592,0.14367491815650912,0.6103967922284483,False,0.0,True
13.382021267307668,1526.0205581089813,0.45459123188042433,6.172861784138726,3.3245892281079192,1.547308927523103,0.8453451587639734,346.73101221468977,3.492360333071425,68.47012755776417,0.49205404449082707,0.44152459509868275,27140.999999999978,21.731667766716924,0.18101335437858937,0.7499215144334095,248.660000000516,487.1630805651634,1203.8343890294318,992.7764369557269,56.57074293286752,1889.7136029629128,2552.1193659471446,2249903.6482814425,2558479.0589615717,1142917.0561889093,0.009154642743736877,0.0028287762918364624,9128192.12312622,81.64917481140145,0.08200135188608719,0.21265630962437682,0.16954378514569418,0.5564004628316731,False,0.0,True
19.056858650928007,1211.787019566637,0.3239605425202674,8.073861912868388,3.3772789336742943,1.2277504110125583,0.10068349752297878,366.4520642810694,1.3120322864120673,64.46713237479585,0.5306776838127998,0.8809216678507843,27140.999999990796,18.502904074770917,0.1986218420881971,0.35304987705327656,248.660000000516,629.4398006361993,1270.7059868177107,1139.1428619816543,105.2319581875498,1982.9883006474213,2648.0043087138247,3799485.6539655933,4312268.471315211,2055480.6034090025,0.02304404162574408,0.0008650533613859514,8875499.831743458,60.091172894219234,0.003516163768074282,0.3256446821353503,0.028504448053252977,0.919512867254332,False,0.0,True
11.385041400196709,1218.0861282350604,0.40584255806259284,8.704753163303057,3.7966810074365043,1.5553451548324204,0.8212276083065595,370.89446736556613,0.5321447387554932,45.21541002035211,0.5093428320068318,0.7397902674962944,27141.000000000022,16.892187213935873,0.18476938460638925,1.3946070092399974,248.660000000516,478.2866294667579,1206.7180323293514,866.6871029799017,84.39983588848453,2080.881902506838,2682.5081840658845,2956598.116494367,3300785.040556243,1202200.386512538,0.019143472669065322,0.0009351749810516218,8981516.321466312,75.53678619904385,0.0045350514919919324,0.22547405575945045,0.1435526158547936,0.6109966381919029,False,0.0,True
10.211598138766915,1487.4157806737405,0.07723394672364023,14.612221000899133,4.314327033691047,1.6795791306759522,0.6096147983345592,374.90508732576745,0.6170348154933637,66.7245231027621,0.5018765629268134,0.6623067173240547,27140.999999996588,23.0295510980892,0.19912521527140264,0.7906908077024203,248.660000000516,519.1483500004268,1333.3690052060958,1095.2321999048784,121.8111162690862,2090.6330997435757,2614.3529223606056,2992017.478399896,3467754.05504078,1529501.0438748715,0.014840646989746329,0.00313501962514358,9143483.70599387,61.43725414676844,0.07906651161963762,0.25511556158770954,0.12032958869213448,0.6795015500867572,False,0.0,True
11.385041400196709,1214.2423770117273,0.41756833213923616,8.736468600669848,3.725747076184133,1.5553451548324204,0.821222450419721,370.42060479921133,0.5321447387554932,45.22773456964851,0.5084132698656646,0.7212459174333419,27141.000000000036,16.748068004715737,0.18497144941667715,1.3990647714701199,248.660000000516,476.4910412872735,1191.1785981037328,856.749935475035,85.30238408877595,2062.4956511087657,2680.9285334935735,2934043.0357972896,3278385.254957866,1187404.2751496788,0.018668830382175657,0.0009065050628827022,8976543.100100221,75.24781581923345,0.003506493509182147,0.22264372626055026,0.14702036166531213,0.6022865989222149,False,0.0,True
14.13011563511606,1211.787019566637,0.32459133463549833,10.818171985525202,3.3772789336742943,1.2277504110125583,0.10068349752297878,366.4520642810694,1.3120322864120673,43.8946860969134,0.5190150479682674,0.875752901004408,27141.000000011984,17.314784087337678,0.19243788801259484,0.8852701602743432,248.660000000516,574.8596065773519,1154.1579183706792,930.8311446866552,116.48656137030797,2073.689360031793,2723.5132795588866,3497657.0768784187,3962594.577632008,1573403.087937762,0.022729771212587728,0.0010390382735834022,8965943.055586943,66.74567161576921,0.003167223123147945,0.24887523577736315,0.11339048009048378,0.6869963810435538,False,0.0,True
13.651668495538672,1526.0205581089813,0.432147612207352,7.192899244139449,3.411028193752675,1.547308927523103,0.8453451587639734,346.73101221468977,3.460284577968349,68.47012755776417,0.49654009700746654,0.4651204568805748,27141.000000000226,21.962214893244028,0.17470325669746561,0.8186230738165401,248.660000000516,493.405625945581,1202.6771467313454,981.4231341583564,65.83416617660777,1926.3763857597219,2568.513831707466,2345318.254157123,2657865.8851555726,1129417.3169478136,0.009914750533555785,0.002709083786640001,9138831.29959375,90.9256751980582,0.0828549788925695,0.20783514337213752,0.17101149031667048,0.5485996835934864,False,0.0,True
14.827405600949001,1223.3447318136039,0.08304875869522263,9.857220995265788,3.3712150171635638,1.227133497969461,0.28724634562115003,362.02036306923765,1.2284140131980876,29.29265746734638,0.5313406892079401,1.0976012797450856,27140.999999987114,19.454337909696463,0.19458299453377173,0.6211504897040516,248.660000000516,584.0333057655944,1126.352913682536,961.4938665534281,145.53586267826373,2248.412553458269,2866.5429795325467,3918341.9614286,4379990.248159316,1703620.6072230665,0.02874054824647963,0.0010494480870675957,8967737.200380366,64.57539950086692,0.006667276008334685,0.2586829738118692,0.09544941095849985,0.7304696913828077,False,0.0,True
10.578357242545437,1494.4494640057349,0.4740897008766825,9.8911421520209,2.7863174234572137,1.179877683404662,0.5534854923200385,374.49347142003154,1.2914812235735942,45.81094301292731,0.4514529428149621,0.26702175897369895,27141.000000000153,18.618368336036436,0.1859314954194768,1.205151308412745,248.660000000516,484.32375229787806,1033.7706743909575,790.0896051788164,77.88369609222292,1747.5289838162184,2564.4883186637735,2112656.767895697,2451759.0802400857,870761.3430669894,0.006048296730105135,0.0011989408302000685,9189582.187476352,75.84653696208032,0.06931318324917735,0.1638775499488788,0.25276395411139246,0.39332987316878615,False,0.0,True
12.011581637797608,1575.767629572819,0.4583351578142445,5.389430239351869,2.9605767753565564,1.2610442445326142,0.6123009811878473,371.2446669757396,1.1947264499498467,51.71009950484294,0.4646877133152099,0.3703968995506121,27140.99999999992,20.782172036301144,0.19110844661938856,0.7569734665180003,248.660000000516,496.7295151956306,1141.7090595464267,941.5588992151949,43.402236252534045,1774.6565343930472,2549.219913275774,2113850.872753872,2415822.2395428554,1022467.2007590071,0.007593091132983167,0.0024598511177199678,9200945.673235288,69.93453571569506,0.09018770445538486,0.19683398789282935,0.20805838985033187,0.4861390303022417,False,0.0,True
12.22702107970921,1526.3142523037245,0.4132464774846719,6.238022889657963,3.3245892281079192,1.4461515220254848,0.8453451587639734,346.7499066495666,3.5123236467533197,69.38229076035596,0.48296036169474127,0.4041318256804318,27141.00000000011,21.27964553116472,0.18440217901125713,0.8376111821713763,248.660000000516,483.4814144366842,1191.7732240469434,960.5954886273863,51.92028369032413,1885.7759551822796,2547.330638599158,2281146.2743584225,2586745.753172817,1080759.0341391056,0.008533769421501261,0.0024347724592913844,9158737.891233262,77.48834072721924,0.08017987969110844,0.20661709052222874,0.1829553724474901,0.5303688277841366,False,0.0,True
11.385041400196709,1214.2423770117273,0.37841280881145023,9.96930539422003,3.799563312630339,1.4321390775378822,0.8692727172948711,370.87445985052943,0.5321447387554932,45.39239608097604,0.5035306289318829,0.694265730792057,27141.000000000022,16.593520865819382,0.17788325902100866,1.5885208886475173,248.660000000516,478.824258926729,1176.0835395405811,824.0077795866532,94.64514683116552,2088.051169173606,2693.9485715859623,2992543.7795451144,3333601.0813892856,1129855.2186184684,0.018032177424923922,0.0008108887745033108,9002573.688071446,84.85165723739505,0.0034434393215860156,0.21228504562171868,0.16106246220266748,0.5685990696945339,False,0.0,True
12.45947542497635,1560.8893739750301,0.31092062340124016,9.446328801581293,3.128871298762642,1.4455863998888303,0.6653096900480489,360.55635823901173,3.350199009414253,55.92277987113427,0.48810336451361314,0.45561797626742306,27141.00000000005,22.671811741814903,0.19657892459575496,0.524051295797257,248.660000000516,515.5687171064639,1157.7530398539052,1020.5048158421483,84.15519844363237,1880.273305668446,2557.1881436443387,2472198.2803711724,2877235.9641070873,1249047.2145325677,0.009259335773949584,0.0031065917199245697,9179411.849647079,64.10661829419783,0.09283585581403564,0.2206717641090612,0.16504165896897802,0.5721132605343991,False,0.0,True
13.651668495538672,1573.4064982951456,0.4451674281144422,6.172861784138726,3.3245892281079192,1.547308927523103,0.8453451587639734,346.73101221468977,3.460284577968349,68.47012755776417,0.49168063139256957,0.4598095548820302,27140.999999999935,22.560779781537384,0.17878847709021184,0.7094699566779227,248.660000000516,491.13522402873963,1206.0258524028277,1009.411502456813,57.63334525132576,1892.6759095690609,2555.0231775415546,2217963.1050927914,2522937.3548356756,1140499.0879529477,0.009217984620343293,0.003261706508709858,9154386.33651635,84.97859342844653,0.09368055016067273,0.21002791013038163,0.17256343484224285,0.5489614778018822,False,0.0,True
24.634835858005097,1527.4764801405802,0.4132464774846719,6.1584086014083494,3.3245892281079192,1.547234400665481,0.8453451587639734,346.7499066495666,3.460284577968349,68.47012755776417,0.5225885900359781,0.8934597729564192,27140.99999998282,24.381852769218685,0.1629656155106493,0.2301891483734215,248.660000000516,575.2331383682993,1274.4749227357183,1223.5512172434508,95.19090684866984,1965.0132318383323,2617.367910936239,2690607.127896572,3053100.718404781,1661560.3936127769,0.018064000771182406,0.006185390926612418,9053793.822064506,110.97918556495881,0.09640357205699396,0.27091492489135527,0.08864918183435772,0.7534537508717961,False,0.0,True
14.625516945548059,1207.985158868443,0.40641477508185314,8.704753163303057,3.799563312630339,1.5675400917425988,0.8212276083065595,370.9090167132226,0.5768329646938506,29.25591938663935,0.5289296189866153,1.0035002097225934,27141.000000000022,17.59395180165011,0.17288915203225766,1.175079903151224,248.660000000516,508.8968043740608,1213.9333383110338,915.110074331371,120.43928798152284,2215.9460718128194,2786.777793995323,3205892.7526830174,3559413.2885665093,1354057.1037745448,0.0261724404231718,0.0010635587689091315,8927832.294343516,91.65194121290041,0.0019686471576200555,0.23904348914156165,0.11621787596119576,0.6728665501592599,False,0.0,True
14.75533996256392,1412.8235661920803,0.22955726997139142,9.8911421520209,2.969044748873352,1.1689454952235994,0.5534854923200385,369.73915712792956,1.2959194720876575,47.283635702462256,0.49722065761503376,0.6650669002720575,27141.000000011212,20.843895403046048,0.19380061533370954,0.49518411216735014,248.660000000516,558.8108769948668,1101.670678937419,972.0309951726953,105.51101187469304,1892.0451433153696,2649.6889974912133,3081059.224211362,3526861.3510479657,1402310.5056660725,0.01612828392998877,0.0019222968103025989,9106411.561469615,66.37135686177076,0.05697507834125374,0.23130346121821455,0.147194760026036,0.6111084497513424,False,0.0,True
13.51360199907304,1543.8082246718104,0.31092062340124016,11.194930842839034,3.119335061654102,1.4454474663457189,0.0715082894697372,355.08251794199924,3.3452382235705542,55.78431238384567,0.49963285428888726,0.6933637636688715,27141.000000024615,23.016493504537173,0.19636319005748268,0.45054359830522167,248.660000000516,569.3560580638558,1151.0210155179238,1048.206761572687,116.77374337846712,1959.3391101534844,2632.3366845957967,2721916.973287329,3192576.4150253716,1511883.309823261,0.015466875721750546,0.003351710188003363,9157012.748821868,64.16119721229558,0.09735805348561542,0.22783046216464814,0.14883093456626126,0.6048680967628134,False,0.0,True
12.95876109185869,1533.7566877428444,0.3086213069163475,10.687472760209012,3.101436498239151,1.6224680836253755,0.0715082894697372,345.2161811772341,3.350199009414253,55.92277987113427,0.5081588101300979,0.8537032453856727,27141.0000000067,23.309718601691678,0.19792472677257764,0.47648101671466436,248.660000000516,562.1339795873115,1123.7338096639462,1024.0922229219314,110.95519317817082,2020.661822809005,2726.7519653715517,2722871.4543826953,3175189.1512133107,1526305.2338428516,0.020118592437642257,0.0030517673453760055,9153617.392382447,62.63130635828822,0.09721882421769391,0.21985950427495934,0.15053181839458832,0.5935870816042621,False,0.0,True
11.385041400196709,1233.0931712163704,0.40584255806259284,8.704753163303057,3.7966810074365043,1.4021372451778003,0.42140280814642006,370.89446736556613,0.5321447387554932,45.15389002018104,0.5062295404390738,0.810334094136459,27141.000000000153,16.712791138767507,0.1862389568549644,1.4227082675979463,248.660000000516,511.35045013072653,1215.2843757574842,878.1199654062228,84.22971422483937,2115.49972523086,2710.4080945352907,3020359.00523685,3372358.284916446,1255851.286446936,0.02099688293168747,0.0009963947172702834,9018666.805775013,74.06783114457038,0.008728045205564217,0.22511588266214538,0.14631453670945693,0.6060782071727014,False,0.0,True
13.651668495538672,1526.0205581089813,0.432147612207352,6.172861784138726,3.3245892281079192,1.547308927523103,0.8453451587639734,346.73101221468977,3.460284577968349,68.47012755776417,0.4946633042085613,0.4742244273830743,27140.99999999989,21.994924063127293,0.18280669322957818,0.6826397865401342,248.660000000516,493.405625945581,1208.3506435266997,1013.3183563568821,57.45320373055473,1894.8918775618263,2556.6058665385053,2304617.4744122056,2621336.44248252,1187869.1985739274,0.00984749459856694,0.003023430585037027,9128706.613118552,79.27419634887127,0.08287231686344709,0.21862761150746254,0.16159650922153374,0.5749966916572576,False,0.0,True
15.617013959580348,1531.1396904625353,0.3484470192882737,5.78010952786385,2.457798505186265,0.955739877762163,0.5714985141123747,350.3589414547462,2.9434220424302135,69.16834868739298,0.4668449532329157,0.41065178859740253,27141.00000000011,20.627049968597078,0.19464747452813913,0.3652819666142889,248.660000000516,550.6258602389848,1043.336967173283,956.0105028332706,55.393850081573376,1678.6130320134112,2560.575792168864,2664810.0404814035,3019466.310394498,1159071.1651712712,0.008787119430700444,0.0023583807636217025,9187721.948976973,66.09375109093624,0.08188288452972461,0.2117955292544423,0.19120911096017748,0.5255411678179457,False,0.0,True
13.651668495538672,1599.1358574040446,0.432147612207352,6.172861784138726,3.4154800060797705,1.3766416887158694,0.8453451587639734,346.73101221468977,3.460284577968349,68.47012755776417,0.48284711178391143,0.4420412506529314,27140.999999999833,22.31499780197166,0.16783463960834147,0.9168477635274133,248.660000000516,493.405625945581,1205.9986300325343,962.6263605793723,59.074200249034554,1927.6086401274893,2567.0693016584987,2223176.693819751,2499376.2411937937,1025943.4419786176,0.009182986314382911,0.002814455269588225,9192392.872554425,103.15318767357604,0.09701731240756375,0.1944549022351914,0.19527349697001198,0.49894978819032687,False,0.0,True
13.651668495538672,1599.1358574040446,0.432147612207352,6.172861784138726,3.3290410404350146,1.3766416887158694,0.8453451587639734,346.73101221468977,3.460284577968349,68.47012755776417,0.4825137924303027,0.4272437822372607,27140.999999999978,22.31828740579157,0.16992630624436564,0.8689849540264815,248.660000000516,493.405625945581,1190.634086668063,961.2654102563695,58.43057041910235,1902.0062520300457,2562.495466351724,2214882.995819162,2495546.591250799,1026903.4323159363,0.008796164444056488,0.002799659049644997,9191505.02672857,99.38106688673794,0.09702044995449019,0.19435997896931256,0.19563108058781148,0.49837034518183265,False,0.0,True
12.660813223081178,1544.109979559935,0.30615069401782524,10.687472760209012,3.119335061654102,1.4455863998888303,0.06523742643276437,352.0482922206544,0.8435886573958995,55.92277987113427,0.49966583244987584,0.7464689845534291,27141.00000000014,22.687745917278964,0.1857480755068956,0.7243031716472932,248.660000000516,558.5878702685675,1073.6276102950112,934.9071153482648,142.9367760473394,2065.9465559043892,2810.4395427558147,2751694.930001963,3150684.638378894,1388237.9996039234,0.018037635655203648,0.0022222790545610733,9185761.036679419,76.03981501842534,0.09552952038908821,0.19431879735125193,0.1824956641318531,0.515688268933289,False,0.0,True
12.99720096216804,1243.0194976042003,0.3075060676732441,9.844973896393057,3.3241613582394467,1.4663774946206358,0.6594908133080486,354.07735857595827,2.940734346902642,29.25305336751969,0.5202543129592662,0.9702627387950781,27141.000000000502,18.259824470852504,0.18799450158018496,0.9867081877951092,248.660000000516,522.3912520319344,1089.8153851962097,872.7407088983998,141.56644885873482,2221.7920449087565,2844.9995756716303,3246648.4723565704,3641666.490549477,1386517.5352686923,0.02533914155171915,0.0009947594419185528,8996670.736478815,71.83651599826375,0.011801354788638125,0.2210476186253812,0.14047052725455725,0.6114426651734155,False,0.0,True
13.06447954710344,1233.5783347415447,0.3896114123342438,9.844242419880409,3.3240854513596156,1.4152957004371005,0.6611918677695123,362.37395044785626,2.934078034496573,30.54615527709813,0.5124545541221138,0.9013623082239707,27141.000000000167,17.322583000760318,0.18380507585075387,1.1224386921277196,248.660000000516,511.70904756618955,1110.713650891385,858.0235665857093,110.90263505177161,2124.0024099867064,2755.421863119985,3066541.402974971,3448746.011840759,1258607.254318526,0.023502827990954493,0.0009610464165524447,8988615.250467656,76.79256374068922,0.00889436453064692,0.21749059320420844,0.14933374428839363,0.5929012090387669,False,0.0,True
12.217981452280462,1190.2642764365717,0.17839734518367295,14.517972595503386,4.754527383716622,1.4259137707769383,0.9333677049373144,374.5484961337786,2.1907521550243665,27.646226752538325,0.5261327913242146,1.1971566495069186,27141.00000000021,17.807929732444368,0.17773838395896505,1.436013841490007,248.660000000516,522.1259434024248,1344.0314741744648,953.2407912109994,141.45032948683777,2496.2465568268904,2835.6333932062207,3672521.4207127364,4110018.285171209,1505717.0508375838,0.03156304586543511,0.0009289827588324245,8992311.922226155,84.96235830707731,0.0,0.26404427652405266,0.093756020987646,0.7379655029924044,False,0.0,True
12.217981452280462,1190.2642764365717,0.19133925825758302,14.517972595503386,4.754527383716622,1.4259137707769383,0.9333677049373144,374.5484961337786,2.1907521550243665,27.646226752538325,0.5254711330662468,1.1839247499723287,27141.000000000036,17.72099477092601,0.17633819005810028,1.4739999371667705,248.660000000516,519.377473263316,1342.0319099160529,945.7798659868448,141.6350517488703,2493.7416832456634,2833.5532434190677,3640137.7232452845,4071783.386046566,1482753.3503430597,0.031208307844868076,0.0009245937941309412,8991954.2595893,86.99891359801813,0.0,0.2611974285450659,0.09701705354848693,0.7291649042733299,False,0.0,True
14.887607626965531,1223.6162928969522,0.29829799700003556,8.046925088350578,3.3568338185618916,1.2313437187918184,0.11097390231806481,362.1793469030691,1.3120322864120673,28.756419473622145,0.5252680227272746,1.0888488784584207,27140.999999987856,17.892787249834228,0.19061968020095016,0.807468489508568,248.660000000516,583.6035857677273,1155.3888585020231,948.2857119587508,120.79514201371447,2215.7517267083103,2838.850061807279,3582627.0095713986,3989599.433669436,1600951.0653698454,0.02843664285595847,0.0011158045542683046,8978243.5215085,68.76810357573876,0.006735061547092826,0.2501227663213769,0.10789961510541292,0.6986232685358618,False,0.0,True
12.217981452280462,1190.2642764365717,0.17824949691541003,14.517972595503386,4.75070970319856,1.43818958684144,0.9333677049373144,374.5484961337786,2.1907521550243665,27.693729062810192,0.5268140521528396,1.2013642722349454,27141.000000000226,17.852345227514917,0.17825469778018763,1.418162310830132,248.660000000516,522.1574702321234,1344.8985212473708,956.8221632532914,141.42887880922012,2494.5007998742976,2834.6279337136434,3675329.106438133,4115010.572229755,1514024.5038326792,0.03167266552864155,0.0009335621840873767,8990055.905341264,84.20508464069712,0.0,0.26515377306714794,0.09218119336537103,0.742031421426039,False,0.0,True
14.567601609350199,1483.3312250245688,0.1360211842427071,9.044638277447664,4.2308062306252365,1.668631233789262,0.6096147983345592,370.28596371760597,0.6293350423670134,36.29571321557383,0.5282678503099869,1.2206424095469255,27140.999999999978,24.29441301067608,0.1796547347373298,0.6380019172992133,248.660000000516,567.8876853097646,1335.9263228044715,1151.7794323127957,114.34440939034103,2340.321513072489,2818.120706673594,3236203.8424246777,3623917.8848986393,1642681.101696616,0.029286061828733227,0.0038433938087798535,9135847.339344695,83.58564703665267,0.08544858588209951,0.2598210145105384,0.09679964138463455,0.7285641204891722,False,0.0,True
12.443723195625688,1544.109979559935,0.31092062340124016,10.687472760209012,3.119335061654102,1.4455863998888303,0.0715082894697372,352.0482922206544,3.350199009414253,55.92277987113427,0.496390119688993,0.680498591744569,27141.00000002262,22.60013722182128,0.19623804274828166,0.5697903914015204,248.660000000516,555.2175564900708,1130.0401580379278,1001.1471055104244,101.82174558730948,1964.7116304314363,2648.532782278609,2674907.6165866186,3110552.3962037666,1392862.4921090351,0.01564913901765555,0.0028202732608991906,9178366.446716469,64.43393564184888,0.09497499037321495,0.21423774199976026,0.16500725454789647,0.564905915569116,False,0.0,True
13.382021267307668,1536.9321040370346,0.45459123188042433,6.172861784138726,3.3208377063127963,1.667947508376841,0.8453451587639734,378.0121629217062,0.677883287171893,36.366818503223385,0.49635763644658754,0.6698983218659433,27141.00000000014,22.332780174154493,0.18765416520273717,0.617740011442198,248.660000000516,487.1630805651634,1218.0695265524403,1038.9442111945689,59.793616933366614,1928.593451247093,2621.398946434548,2216069.1174379867,2543210.271844096,1226385.9253745028,0.01477410873848295,0.003407601615280711,9118081.739769109,73.20280663965804,0.08631936667520404,0.2238528280213314,0.1550111639666493,0.5908527407071006,False,0.0,True
14.75533996256392,1483.2410124403277,0.22955726997139142,9.8911421520209,2.9393031742604543,1.2610442445326142,0.5534854923200385,371.2446669757396,1.3131057479802868,40.885077733316294,0.49851892465809844,0.7419823752950241,27141.000000000065,22.26666659867393,0.19384799484112533,0.41435054214797445,248.660000000516,558.8108769948668,1102.4397492359096,1001.6331021211718,105.43020981277148,1914.561295068154,2669.4611513537993,2937197.333831257,3381932.964885574,1408651.1472371593,0.01766420590389708,0.0024739377439852153,9138440.906898241,66.5559743448072,0.07647543756517984,0.2272706248490377,0.1503403596484463,0.6018644429835224,False,0.0,True
14.75533996256392,1483.2410124403277,0.22955726997139142,9.8911421520209,2.9393031742604543,1.1689454952235994,0.5534854923200385,369.83156052953285,1.3131057479802868,46.07896699540391,0.492653622918397,0.6595222633040022,27141.000000000007,21.83009582266208,0.19052161380525287,0.48019563346655886,248.660000000516,558.8108769948668,1094.6987938750376,976.3483867018538,105.5365369162557,1889.8632293533583,2652.770807241441,2952215.7778943353,3383809.616878745,1352625.8395855557,0.015645055944978104,0.002255037803355825,9150026.879887873,70.19214144702165,0.07476895101864096,0.22131338503048556,0.1608122864386276,0.5791638760610568,False,0.0,True
14.65017890640807,1468.514076454651,0.21920461572044675,11.958116956140353,2.9475699581188435,1.153263346112467,0.49977520982406226,369.93328208933264,1.7079754104584204,46.12697672200958,0.4902294893962168,0.6141216455749982,27141.00000000046,21.674793456925013,0.19286302056724702,0.46132070989020607,248.660000000516,561.8375036950914,1090.6840473856778,976.4840903967255,134.67554265406574,1890.2760339355177,2632.579146640233,2995576.503941455,3483028.017993817,1434928.8019968336,0.014492679150609058,0.0021751964319422514,9122460.159777602,67.46273741515895,0.07118271195391071,0.22634212700324413,0.15753693758111761,0.5896183144249142,False,0.0,True
13.097066706591804,1560.9118802496644,0.37762670007593185,9.593298075240764,3.1201107738639458,1.4156781734060329,0.5394030200279692,362.31530649184214,3.5517402028730802,41.203123939173445,0.4907817437995254,0.6512817309228371,27140.999999999964,22.26147931550292,0.1818828889961062,0.7278860348335827,248.660000000516,524.0368038795336,1124.5715745199889,954.6379215290094,90.9748191750248,1980.531896276112,2654.646703066889,2461520.138756298,2829395.1871567126,1166166.8131750533,0.015157428782533023,0.0025190086764436776,9191166.474386983,81.03898215821977,0.09349779442845776,0.19751848167223973,0.18605481603760013,0.5149432529624514,False,0.0,True
13.06447954710344,1560.9118802496644,0.37762670007593185,9.58031053283776,3.9658847853906236,1.4156781734060329,0.8216067247497074,361.7928975847266,3.5517402028730802,62.24755510947289,0.4878863853702003,0.48591133636319334,27141.00000000008,22.208668423201427,0.1682502290185843,0.9857500365104969,248.660000000516,499.64339887776356,1320.4356046600863,1026.6939603952458,89.33687630447511,2074.6806451602192,2561.464955912743,2406096.5296158427,2738128.219187198,1137226.404748912,0.009927379680574474,0.003260739899658996,9174670.09514451,102.19328070870415,0.0899113737576073,0.21895528898865296,0.1667977783796788,0.567604790500826,False,0.0,True
14.749014008979593,1599.1358574040446,0.432147612207352,6.172861784138726,3.4154800060797705,1.3766416887158694,0.8453451587639734,346.73101221468977,3.6375088309804084,62.465451409556444,0.4889572582957584,0.5485752382011361,27140.999999989588,22.633939644059204,0.16266217917118936,0.8966585065249034,248.660000000516,502.78897831418374,1201.2593784497658,967.7907133004601,68.49396254696137,1971.1855620919787,2606.042388391964,2281375.316964523,2553812.6413656287,1048446.3917938834,0.011979214360510314,0.00290966617950101,9187759.226762928,113.25274154140914,0.09843384231428991,0.19387268824916093,0.19097068652716734,0.5037703672613311,False,0.0,True
14.943886965639557,1531.1396904625353,0.3484470192882737,5.886496182434369,2.4640523109894907,0.955739877762163,0.5714985141123747,347.4906804052925,2.9434220424302135,69.2476001046833,0.46411672634737333,0.416253102343224,27141.00000000852,20.397646632340127,0.19276238796918327,0.4538484332739728,248.660000000516,544.0064391788446,1029.0787923636133,921.435915516753,56.44377438293708,1689.3628573002816,2575.3164779186523,2624134.017424465,2967324.170816341,1104511.715084387,0.009231788059794377,0.0020657373909066115,9198487.849743279,68.13157405808306,0.08110480550956055,0.20153706508629085,0.20388793109399184,0.49710073869414845,False,0.0,True
14.655854932021299,1481.2675086383515,0.22955726997139142,9.8911421520209,2.9393031742604543,1.2613724987496053,0.5520395439886017,369.91302915224105,1.2718220699936034,40.80703975561645,0.4988979959767474,0.7558071258586768,27140.999999999876,22.19501172383283,0.19246734786615982,0.4462956091829631,248.660000000516,557.8112271002573,1094.1547217595546,987.1375244991713,104.7804198042209,1924.24223341298,2681.7584352475824,2942704.7677015355,3379899.309389674,1388625.5649771094,0.018166208165120202,0.002347153037810051,9142069.410214726,68.02557249648392,0.07584635620966829,0.22293736812808743,0.1544116617929985,0.5907988372852311,False,0.0,True
14.79866164714366,1438.266818340207,0.04079314325172709,9.857220995265788,3.974333318589421,1.088750740817701,0.32763012154924287,362.02036306923765,2.8593640653650296,29.25305336751969,0.5089096757601056,1.080821841182804,27140.999999987187,22.1471426890199,0.16810888055875922,0.9148369540963326,248.660000000516,586.6457175874416,1222.0709103388767,987.2448920833679,136.07474898741415,2417.2475179864737,2892.217610336169,3508809.120674244,3873409.5831791405,1411615.8775035078,0.02732767525576137,0.002006910335767269,9161013.579018032,102.29877548458492,0.06502714395822841,0.22815250882422927,0.1421357411158423,0.6161483894267616,False,0.0,True
12.99720096216804,1558.4427851600747,0.3045800463471809,9.60943953354003,3.303451180331546,1.5587061360066896,0.5295835015519499,354.07735857595827,3.62086341698435,25.798350159983514,0.5045852237400529,0.9230355395620767,27140.999999999993,23.256151788910234,0.17686662257115265,0.8121877114581194,248.660000000516,531.6368433747873,1102.0489164752282,936.9524444502637,143.3871221862232,2250.861445170273,2874.9709586163867,2681100.1581319347,3031628.8640669696,1262685.6330052596,0.022732509966592488,0.0023195976126618315,9196623.727716876,88.18397007281072,0.09687294848346001,0.19121984440395776,0.18206815521226963,0.5122582151061604,False,0.0,True
24.88065938500497,1449.0701461745448,0.41180350517071646,5.459755785566997,3.234897949526589,1.409152886906445,0.5316258168847506,355.1265118877653,0.933849078884573,59.03464204966856,0.5238885304525631,1.091972202877924,27141.000000000022,22.771778919976427,0.17014643771581922,0.2374630496681687,248.660000000516,621.0420638520428,1253.8341140338305,1196.371502816286,112.49555925235967,2024.1924271676512,2717.351790064429,3055650.751694369,3427709.752017081,1895485.519565126,0.025207151208657446,0.004430066349652307,9022958.692810329,97.18053003483719,0.0788441738901664,0.2798058642844075,0.07886914472453739,0.7801097295781472,False,0.0,True
14.79866164714366,1436.2113645048598,0.04079314325172709,9.910440908360277,3.974333318589421,1.1108993966081377,0.37219363623742585,362.02036306923765,2.8593640653650296,29.316320984868682,0.5102010076895916,1.089585835461892,27140.99999999992,22.210265674950186,0.16923068632860663,0.8938172395707839,248.660000000516,586.5609580974234,1223.7627499215603,993.3397014537911,135.87156475967987,2416.2234580598883,2891.067063098912,3518783.295448838,3887796.043251086,1428293.8125038035,0.027531899447981508,0.002040549712289611,9159277.693223186,100.25885855981629,0.06488804841191027,0.23005742822912817,0.13931927509722752,0.6228260368274101,False,0.0,True
14.849844049524211,1411.4612300083816,0.22955726997139142,9.8911421520209,3.2440869866093998,1.1689454952235994,0.5534854923200385,378.03902733621095,1.4083030739225753,46.07896699540391,0.49571360222340916,0.6895640617060996,27141.00000000222,20.90292458347609,0.19573621115569478,0.45588080298772576,248.660000000516,559.8309901883008,1194.6465687208174,1053.72936499908,106.00769909752647,1935.9884793977885,2616.316798150938,3078185.1012648754,3540547.351602805,1493464.5883546965,0.016297948387299647,0.00241750981146713,9088210.729922561,64.29300622258073,0.056734187236017225,0.2588539006481967,0.1207019227185314,0.6819916457930121,False,0.0,True
14.849844049524211,1440.4496455675328,0.23564512484853561,9.859451484512626,3.24549921898416,1.1689454952235994,0.542697381727337,378.03902733621095,1.4124564792781764,46.07896699540391,0.4937907814689123,0.6819435752606594,27141.00000000005,21.26882805138604,0.19361682364468263,0.4619250099659918,248.660000000516,559.6336600850648,1194.8233203142408,1055.3058224750541,105.66227418496293,1935.943780503242,2615.9110001730246,3013737.0451155026,3466630.004183671,1465390.1593297296,0.01588206861470343,0.0026265619614461617,9107057.96203038,66.56527098229029,0.06411695940738474,0.2536583723636347,0.12741078955287236,0.6656491726801333,False,0.0,True
13.036855817524515,1562.7045688455796,0.32459133463549833,10.818171985525202,3.128634343745119,1.4155012973145251,0.10384192040485973,362.5741129514398,1.2591091720502452,43.8946860969134,0.4978697009664927,0.7501031429245025,27141.000000000065,22.788419674884526,0.1853497752478332,0.6809387826588951,248.660000000516,560.7675361498955,1103.3034943363687,963.2581849020952,112.96172710587587,2017.3617214769072,2729.522608495335,2696494.2687796107,3103582.0309606716,1339052.1231919276,0.01779388432471281,0.002564665077401164,9200572.251274109,76.65447716961388,0.09997525958019644,0.19907992547716422,0.17912610065503337,0.5263795701858492,False,0.0,True
12.352765295934638,1310.8361509492786,0.4904397117742134,8.066086422715271,2.66478882554936,1.2465914185431144,0.6264074396443214,346.9003040469263,2.5349545871152506,49.76018764274606,0.4799511659813152,0.5459923232611219,27141.000000000065,16.842636508548136,0.18419373927294164,1.1957071509185788,248.660000000516,495.28064021957687,980.794158724198,762.4623890436552,92.17308961059949,1853.7085494525625,2680.296879462074,2504558.875379936,2834085.2643447784,992872.2256092089,0.013969874862266614,0.0008489027833635304,9060079.721841678,76.91416022397816,0.027701424931962308,0.17306908769606594,0.2184779300932278,0.44201355094779693,False,0.0,True
10.065479125733386,1560.5288142543043,0.4638786831277592,9.044638277447664,4.320960841627227,1.5589405497162303,0.6096147983345592,346.237483149203,3.4368876975626037,68.39894120012139,0.4784650760954865,0.4976599180113174,27140.999999999993,20.960388009137823,0.16147413239241967,1.8203109941833167,248.660000000516,474.08896402793266,1301.4553851298892,891.5101868867566,67.61781740659494,2167.7554952738997,2608.7769410317264,2249302.270881284,2515795.6551164323,952656.3013697695,0.0115335382649942,0.0019734495697509616,9215674.704582078,116.12270244153814,0.0882542661129298,0.1775143519014645,0.21598443837771938,0.4511179101097608,False,0.0,True
13.382021267307668,1526.0205581089813,0.45439167030398825,6.172861784138726,4.255079931832345,1.3436436775956426,0.8169268225970353,346.6106377618286,3.4195744193593574,68.47012755776417,0.48468518309675906,0.5997694409245993,27140.99999999439,20.87856413010965,0.1517318655811611,1.524638080664539,248.660000000516,490.155015436055,1346.214252575511,940.4304896676642,65.00664410209824,2167.6996789472614,2618.9649691461204,2319878.928936102,2562069.4863130096,1008831.9392960141,0.013961510484965769,0.0023168319111654162,9162810.831468027,139.15448379901213,0.0794132293507972,0.19601076697867895,0.19209967620508392,0.5050386311967173,False,0.0,True
11.385041400196709,1574.5572809415535,0.42678856271854176,8.872331685727273,3.799563312630339,1.5553451548324204,0.8016836379727622,368.72555673531224,0.5109515044344191,45.09841301474929,0.48625503798920117,0.6178118976983918,27141.000000009844,21.885334189054138,0.16017172138487368,1.4769480675922564,248.660000000516,476.790963353021,1187.1161653650418,872.8359438722174,92.44169071139964,2095.4906188596656,2697.438097631664,2299543.150741912,2570215.3559729224,943718.8595121233,0.014882913750755672,0.0018851189646824605,9210024.505834088,118.90555206339614,0.09184627649222862,0.17054919583641198,0.21667604051605038,0.44043925815096857,False,0.0,True
14.846751347579964,1481.835851705932,0.3703848833663071,5.950216052668425,3.183958709032736,1.1764186488880735,0.5569402125437787,369.83714174062305,1.3100778543407927,46.07896699540391,0.4879556600947252,0.6729321659369323,27141.000000000022,20.719653491822044,0.1817207093003075,0.6729867977235509,248.660000000516,541.5946502808225,1185.2088678527987,994.7424149377551,61.93032998671725,1924.1150085643933,2628.5734883582913,2647808.9826587224,2971434.8961084764,1227600.2062938306,0.015744675016221732,0.0025193768994725644,9152465.81668401,80.91400957532575,0.07244735281344133,0.22295240992045356,0.1626355251896906,0.5782141753391912,False,0.0,True
11.385041400196709,1574.5572809415535,0.42678856271854176,8.872331685727273,3.8247960397195717,1.5553451548324204,0.7984206063309941,368.72555673531224,3.521511817122616,45.89112951697524,0.4827220253393058,0.565218607016599,27141.00000000977,21.96787535806012,0.1750999232075819,1.0678607305895866,248.660000000516,477.0753367476101,1281.6665972937571,983.8322382673477,70.93890072539536,2080.9566668676803,2608.5570908988266,2226872.098361226,2543399.642789879,1059087.7464561411,0.012468651168219397,0.0028719470448236384,9183728.651607405,90.75280420968231,0.09193010719124027,0.20490677717282343,0.18497154309372124,0.5255659689739522,False,0.0,True
11.468908189677906,1574.5572809415535,0.40641477508185314,8.704753163303057,3.799563312630339,1.5553451548324204,0.8137438748295008,371.44376192947607,0.5109515044344191,44.057454776542635,0.4875253831135815,0.6338027817421316,27140.999999999978,22.067934813209074,0.163934077355949,1.3474168213165632,248.660000000516,479.69293256115355,1204.4618993644683,899.2680429051371,85.19519566162127,2085.403823787722,2685.71511909183,2329940.6914983345,2610319.4392960914,978182.0544868279,0.015122754274658414,0.0020792870246047626,9209147.317430234,110.89464501482509,0.09229705775970887,0.178535633126625,0.20771072410605995,0.46223253574679135,False,0.0,True
14.943886965639557,1531.1396904625353,0.3484470192882737,5.78010952786385,2.457798505186265,0.955739877762163,0.5714985141123747,347.4906804052925,2.9434220424302135,69.16834868739298,0.4640053995949962,0.417895381961029,27141.00000000011,20.399394713012743,0.19353250145287004,0.44193804155153715,248.660000000516,544.0064391788446,1029.9314845345075,924.8162461378951,55.530907511169154,1686.8143301431503,2573.970485331772,2623931.9095649836,2966899.7585515096,1108545.4132067026,0.009250320001993207,0.002091778559811126,9197902.972787922,67.31718872768599,0.08110582772860142,0.20266947240728658,0.20284890972863856,0.4997787556258154,False,0.0,True
14.722752803076137,1483.2410124403277,0.22955726997139142,9.8911421520209,2.9393031742604543,1.2610442445326142,0.8356891427690026,371.2446669757396,1.3131057479802868,24.943003835578338,0.4984007137679335,0.8855596817586735,27141.000000000022,22.086624684199958,0.1841900166943008,0.5717925802447168,248.660000000516,542.9260574815485,1061.8801451367708,932.1772397470902,110.79083624381221,2025.4039032794942,2764.494323093382,2909232.696201373,3310411.0729598133,1268264.5854449617,0.022084116788020643,0.0019508585345915331,9162229.933114804,77.78606491244354,0.07449233356387715,0.20610041051560246,0.17178429257332428,0.5454055399196758,False,0.0,True
21.960142073011376,1571.2097753439975,0.3159395461200982,4.769329704924875,3.2248162745348172,1.129839140462997,0.9228440996509134,341.2584835964241,1.9586112069719706,60.586153218801456,0.5038151277827173,0.9657701481546154,27141.00000000014,23.896009543236584,0.15771181846090152,0.42346069642909095,248.660000000516,574.69035383047,1199.0419791176116,1086.0992647275546,95.05601430911695,2021.093674339669,2703.781789619615,2846302.309034063,3132964.882875909,1409632.3171766764,0.02197997977695868,0.004231987814105864,9154879.264447529,123.81087137935715,0.097728534383548,0.23153673514663137,0.1418926128016135,0.620028223327324,False,0.0,True
21.960142073011376,1571.2097753439975,0.3159395461200982,4.769329704924875,3.143674844502728,1.129839140462997,0.9183567444764618,340.09339597307843,1.9586112069719706,60.505162009228805,0.5033110260458051,0.9639973608163614,27140.999999999905,23.904764444422206,0.15952534591730425,0.3908955624763968,248.660000000516,575.1455663220215,1183.1080291594376,1082.3025839002044,95.67105969578999,2005.1200499832694,2706.5826438479125,2843560.348619128,3134242.277081567,1420034.4946265677,0.021985595142985016,0.004178257226931759,9152849.24177842,119.60961732616451,0.0978035053555866,0.2309142901733828,0.14287605101995457,0.6177641975343229,False,0.0,True
10.788171163362358,1190.2642764365717,0.17839734518367295,14.517972595503386,4.750956124935772,1.4259137707769383,0.9333677049373144,374.5484961337786,2.1907521550243665,27.01801106334024,0.5160844158609079,1.155457009042618,27141.000000000022,17.251968274673548,0.18193560595549202,1.626588069785903,248.660000000516,504.5389630905409,1327.5684959965827,911.7762546404576,125.80777880989554,2485.7163238232306,2827.2491593086706,3550162.2252731873,3971309.222630221,1409868.7507630433,0.030501462083051715,0.000858796599374005,9019127.051994003,79.45299579843264,0.0,0.25215611080570716,0.1126768700263655,0.6911549230845743,False,0.0,True
28.302321703957432,1582.2230033228839,0.36883178483001045,5.808560107795875,3.150252429670399,1.2661980461161784,0.7473568677902879,370.2620118189866,1.8748210516054982,45.83938219960723,0.5154299326584509,1.1430677520511043,27141.000000000007,25.207341112085977,0.16047409051848713,0.09542732593333715,248.660000000516,621.3057832654418,1265.520976053936,1279.5570047585043,97.08025355380794,1972.7322728807376,2662.6819302332874,2917955.3519045203,3290233.1773559777,1731945.3345620064,0.022917789087560318,0.008106212770858712,9106238.632074447,116.90232127639335,0.1127017156767155,0.27920871735090025,0.08544209446326806,0.7656879082808387,False,0.0,True
11.14103205390971,1195.7745194623433,0.17646157148869715,14.357782678285957,4.750956124935772,1.4259137707769383,0.9568409395642378,374.08018377855774,2.1907521550243665,27.01801106334024,0.5184345811632669,1.1565546134237228,27141.00000000043,17.497145198912598,0.17998540098768184,1.5894366908531992,248.660000000516,508.65162894504624,1328.0096217807559,918.8094753132036,127.61445219933307,2492.304478038553,2833.361124098788,3567364.953614845,3986120.899124924,1418817.070590509,0.030499838785225098,0.0008902099777086543,9017961.716615431,82.05318140050711,0.0,0.2523836209193062,0.11081679453191962,0.6948880292599743,False,0.0,True
14.79866164714366,1410.746740758054,0.04046519125401171,9.888911662774063,3.974333318589421,1.1054502343018808,0.32763012154924287,362.02036306923765,3.177371115015453,29.25305336751969,0.5121602929130074,1.1052715656024976,27141.000000012813,21.857462700972384,0.17045912881554443,0.8888848091006513,248.660000000516,586.6736318062779,1227.2573762520565,993.6250869756825,134.0728919705067,2418.492208019495,2891.9362304613583,3566895.970016215,3941163.745042614,1445334.4286034335,0.028073560927860577,0.0019246146341709738,9140291.141934577,97.90347629561175,0.05811807995445308,0.23421836456451212,0.1336616333052518,0.63667056083715,False,0.0,True
24.88065938500497,1576.9219763372678,0.41180350517071646,5.459682888417394,3.223733601699455,1.5608128638022292,0.7712210800987298,355.43192909806453,0.8442232455221464,20.485519259059526,0.5213622550977357,1.2298513608961537,27140.99999999992,25.23230876061137,0.15985240507100187,0.2615289082303691,248.660000000516,587.4731593807059,1219.0257927293899,1171.03693150446,147.1534839389756,2183.4665673690783,2845.245553356744,2693982.3988795197,3024459.6149511593,1744418.1759363706,0.027157211275427143,0.006222184510655263,9087734.403777305,118.03124232748533,0.1126518211665789,0.2478652098599066,0.1125959441802519,0.6876336245438871,False,0.0,True
14.79866164714366,1439.7351563172056,0.04046519125401171,9.857220995265788,3.974333318589421,1.1054502343018808,0.32763012154924287,362.02036306923765,3.238946156285876,29.25305336751969,0.5098880474403855,1.0991183920029322,27140.999999999978,22.25930405844826,0.1692045825695991,0.8839485444309246,248.660000000516,586.6736318062779,1228.1240650551033,997.7431204807125,133.36992181252907,2418.2755802458496,2891.617665418501,3507564.2403065455,3876329.134900436,1424520.1302734911,0.0277472692607711,0.0020839030165804616,9158692.593745446,100.29885997758606,0.06572082570672115,0.23077496027570774,0.13879567779540433,0.6244407333877603,False,0.0,True
14.79866164714366,1439.7351563172056,0.04046519125401171,9.857220995265788,3.974333318589421,1.088750740817701,0.32763012154924287,362.02036306923765,3.1549323133097293,29.25305336751969,0.5086916177127049,1.0902364008012393,27141.000000000022,22.171644740027684,0.16850313420270552,0.9039819458690986,248.660000000516,586.6736318062779,1225.4102132729752,991.3110411880901,134.02135823392226,2418.459465662626,2892.1225031003046,3505641.8648198545,3871773.4822951807,1413226.5592777273,0.02755107955237085,0.002039026601775606,9161238.843040487,101.58489426502402,0.06541215234805615,0.22921062768998607,0.1412347770539548,0.6187433418115174,False,0.0,True
18.447480872862805,1255.8721436109654,0.3171899343169194,9.751968211311798,3.2446579353183296,0.9012841925064824,0.09226234584675208,368.37577574900854,2.8595551854433876,61.76962781101813,0.4942664195427653,0.6920149790057883,27140.999999991072,17.713718792024952,0.19937658761405175,0.38518669442094317,248.660000000516,624.1222630058683,1244.7218396273138,1103.2169858650077,131.15464816784922,1954.7624604118782,2617.7451355560947,3757386.0381445256,4315521.534153219,1908337.776750517,0.017364391651280113,0.0014175868939098094,8940724.654036779,59.847928260971074,0.01622663295688525,0.3184862287992882,0.06167411975087885,0.8377681418220287,False,0.0,True
12.443723195625688,1583.2336914885575,0.31092062340124016,10.687472760209012,3.119335061654102,1.4455863998888303,0.12804665892685985,353.4727432341972,2.7024608475895815,48.184437943594126,0.4953139435772074,0.7419802199408145,27140.999999999876,23.071225429396986,0.18800071644869917,0.6725371724861766,248.660000000516,551.4396466877462,1100.7801644879692,962.4605343804667,103.83709522008526,2018.0965479331778,2707.22632529546,2637847.704983913,3040533.0822542156,1307497.512365283,0.017519969528985494,0.002618115620428059,9212481.408166582,73.55242373789434,0.10417678851726234,0.1971415641760344,0.18307692092933017,0.5184954753617603,False,0.0,True
17.460573698617075,1584.2939220792755,0.40809439457439944,5.652656294443239,3.215656616567855,1.3336419690947579,0.3708376966546527,375.34807606925904,0.9594690999565068,68.01542589389065,0.49470319067890106,0.7095776946193035,27141.000000006527,23.36662051102808,0.19398861003886778,0.2101066172840076,248.660000000516,581.9202379162281,1285.1830797391447,1245.3429026433766,59.69969906686018,1840.157082380269,2557.983171922778,2527178.649855143,2915706.731886917,1638411.5420081597,0.01223314874870272,0.007025499460964426,9143787.77633385,66.45020435205953,0.10737034241618791,0.27748587523807117,0.10264879856957324,0.7299672835908793,False,0.0,True
12.443723195625688,1583.2336914885575,0.31092062340124016,10.687472760209012,3.119335061654102,1.4455863998888303,0.12804665892685985,352.0482922206544,2.7024608475895815,48.184437943594126,0.4955812846685929,0.7557693580199863,27140.99999999989,23.06599051370073,0.18689989997249584,0.6926133079885357,248.660000000516,551.4396466877462,1094.679301412691,954.703785722578,108.65761541795486,2031.2104171775452,2722.5443746691353,2643730.409761828,3042201.6013243785,1302099.4227062128,0.017969194204479625,0.002543141941540739,9214056.734892083,74.87253752064103,0.1041733852864091,0.1948456366345187,0.1851788031383393,0.5127186997525176,False,0.0,True
12.352765295934638,1310.8361509492786,0.4904397117742134,7.959699777819451,2.65853501974614,1.2465914185431144,0.6264074396443214,346.9003040469263,2.5349545871152506,49.68093381024453,0.4799115042800302,0.5470219888352611,27141.000000000036,16.843009965715773,0.1847551279933246,1.1831798591682794,248.660000000516,495.28064021957687,981.4660697363627,763.9652316936715,90.9647240715966,1850.9495602145423,2678.787259291803,2503116.9440784003,2832399.7527280934,994291.8792914562,0.013993289649587704,0.0008534341493901387,9059935.01252563,76.21394730055054,0.027701513839113373,0.17365004553245278,0.21792866793543766,0.44346140267579215,False,0.0,True
10.149232823792156,1485.9777492688745,0.3874355299946315,8.704753163303057,3.7966810074365043,1.5650111407447953,0.8212276083065595,371.62135180547546,0.5321447387554932,44.662517991203494,0.4839684740481209,0.6075361055263805,27141.000000000065,20.476380198112956,0.175583147167585,1.4280051041499389,248.660000000516,467.5316407480942,1198.656152131433,872.8373052134272,75.11571146589864,2067.150062856757,2669.079447970242,2409779.431363672,2705305.874357457,992089.9893633854,0.014883123781747241,0.0016060136583442932,9176009.627028195,89.92992892702968,0.07037627114780606,0.18526081953768322,0.20373492615406436,0.47625410197799367,False,0.0,True
11.385041400196709,1574.5572809415535,0.40641477508185314,8.704753163303057,3.799563312630339,1.5553451548324204,0.8016836379727622,368.72555673531224,0.5109515044344191,45.09841301474929,0.48741179184721733,0.640570254568213,27141.000000009917,22.031046042686352,0.16272844638823827,1.401861696665716,248.660000000516,479.82154677804834,1192.5049939048401,886.3134894702769,90.50989524308207,2097.611163096743,2698.1817957520684,2337118.5462185075,2612879.0248336084,970459.1609835583,0.015410743551950335,0.001974973727291887,9212508.95101953,113.41914402912572,0.09231085981922393,0.17476810447254315,0.21158988015379626,0.4523475932342064,False,0.0,True
13.382021267307668,1526.0205581089813,0.4536601188445378,5.7842678105827305,4.255079931832345,0.9480767074743757,0.814141940230286,350.9585485923154,3.350616005664067,68.48274448329877,0.4470999357404124,0.48521289007700225,27140.999999999935,18.801275730400313,0.13877713455823287,2.1359353413259456,248.660000000516,490.5645464762957,1343.705207182793,838.3968615929253,58.93358224111394,2167.9499139951636,2614.5803145867217,2161975.4483035174,2369041.751724675,822542.7413661978,0.011636492345443207,0.0015326707041366794,9198658.720291056,182.58690844955365,0.0742275731403807,0.17435628304789652,0.24619383175138201,0.4145909771802436,False,0.0,True
11.834072234069136,1563.4166518169563,0.3171899343169194,9.751968211311798,3.2446579353183296,0.9055314376706296,0.038455462190957246,360.630382732525,2.859945299461411,55.88621566210806,0.4467828200826276,0.4511902765495978,27141.00000000072,19.665750227724622,0.17894056566531452,1.1408157315157819,248.660000000516,548.9296535067406,1129.8683112394322,877.424947069841,86.59586487796435,1953.690337589573,2601.631221284529,2618979.135451218,2966862.9038778716,1063787.0747302077,0.010485312737313547,0.0017604425585194122,9259916.383041339,85.73921920888529,0.0890142638739753,0.18660728970122697,0.2347675306315126,0.44285344234349866,False,0.0,True
14.79866164714366,1443.6341845560178,0.04046519125401171,9.857220995265788,3.1740971019870425,1.0877154666750506,0.29865850047145254,362.02036306923765,1.310396029612635,29.25305336751969,0.5034214912805127,0.9791400905820103,27141.000000000022,22.301638566999664,0.18466491484186226,0.5714850757460583,248.660000000516,586.7258819844192,1081.4676668747616,950.2371184928812,141.01387411821437,2193.5857896710545,2853.9323268146936,3466302.6573372907,3881893.03308019,1470157.939901481,0.02477929322390335,0.001795547974583014,9141690.84047762,77.0144532556899,0.06644224186817485,0.2205533386046495,0.15361359866765364,0.5894517035965151,False,0.0,True
14.79866164714366,1443.6341845560178,0.05014449966920381,9.820665982767315,3.1740971019870425,1.0877154666750506,0.29865850047145254,362.02036306923765,1.310396029612635,29.25305336751969,0.5031885059156183,0.975167276377598,27140.999999999876,22.234008404848513,0.18415383285727174,0.5829788867755114,248.660000000516,585.9886011848465,1081.4267166086133,947.7901747611307,140.63170924548592,2192.2582993370984,2852.9316661757234,3449885.893645781,3862704.7577777365,1461075.2407192942,0.024681193887018088,0.0017858211611461792,9142729.673757847,77.66627366559192,0.06635672715266686,0.21958925951952246,0.15474445868790576,0.5866136253262717,False,0.0,True
10.730305778264999,1192.2764798241064,0.18108293151764984,14.517972595503386,4.750956124935772,1.4259137707769383,0.9342393549549288,374.5484961337786,3.222860787828884,27.01801106334024,0.5142861916012436,1.2051709593219841,27141.00000000005,17.26540825996265,0.18464671145336567,1.556112643206448,248.660000000516,503.2433691982039,1346.8610414482068,928.04862882846,125.1699511293016,2499.6595744518218,2834.035130421225,3516877.0853815703,3948022.5816006325,1430671.7242172668,0.0318207431426516,0.0008888018643064392,9013638.42070078,75.9581322998084,0.0,0.25891773410464886,0.10715667564174526,0.707281708885414,False,0.0,True
20.81194704406286,1563.0992925816668,0.27106637936141315,5.390409253820825,4.014086933549348,1.1314580889499735,0.8365068444335384,356.1342340287563,1.9586112069719706,27.626853200404106,0.5105985556637699,1.140498390122889,27140.99999999995,23.88204220397559,0.14520094261992186,0.79267025277697,248.660000000516,586.2874677136315,1312.6626696616959,1084.7986023798758,125.74828501783671,2394.76582322342,2878.7343435599782,3025123.482456079,3290279.8010497782,1383927.9240434486,0.026903669811075594,0.004050596995249671,9188565.516714972,159.23490972516709,0.0975339022318126,0.22897627697794992,0.13979560393293153,0.6209157715939981,False,0.0,True
10.194277571197805,1183.1653284772965,0.1749741292088273,14.515666179918878,4.721239651787431,1.4211674794902425,0.9340616273609562,374.98077973512875,2.1907521550243665,22.86078948246298,0.5119289611358446,1.1414036906997653,27140.999999999978,16.859635430074526,0.18353879456972946,1.7527567626956007,248.660000000516,497.36730898124597,1304.1046288712553,882.6529563833789,119.23278246413845,2513.968934616109,2861.1139000572234,3532037.749259891,3944354.126513057,1364415.348338745,0.030192791818672828,0.0007860457506094811,9032789.61666617,77.50632532627985,0.0,0.24434630079625574,0.12348755465357876,0.6642844240028903,False,0.0,True
24.88065938500497,1577.4705511577588,0.41180350517071646,5.459755785566997,3.223733601699455,1.4076049541485236,0.3713967502695277,355.43192909806453,0.933849078884573,20.426180244317358,0.5173969839423235,1.30083449874749,27141.00000000014,24.682949814906504,0.1657340354194157,0.23282932138372034,248.660000000516,643.3446464330417,1241.3088395022298,1207.8133734559522,145.44567429385083,2244.780052464084,2891.802082811881,2935230.46402697,3290030.8389589624,1931659.3708308223,0.028512029917041267,0.006793919213464537,9128444.385274934,106.38013468603295,0.12090574002738673,0.2590606423660829,0.10426413600630573,0.7130277310747011,False,0.0,True
27.49839318834183,1238.3688917500035,0.2753236866264426,4.527699028134214,3.249098019831627,0.9098994573801404,0.8469666027389158,358.30574115228984,2.199688930713584,34.733747495724295,0.5211348468145514,1.3290032684047732,27141.00000001597,19.068845366892585,0.1677063169135647,0.29260957721009495,248.660000000516,629.8761761080943,1241.0220591169038,1128.2026297196658,108.59570784983906,2129.736249499519,2780.4521611584537,4103835.472716867,4463995.0745198075,1877053.3042239957,0.034838467685230044,0.001232010022565129,8915196.922120336,100.2724331890721,0.01122164772837351,0.31868616325516835,0.04185549094195888,0.8839094166937108,False,0.0,True
21.960142073011376,1571.2097753439975,0.3159395461200982,4.769329704924875,4.011193949444495,1.129428374983805,0.8319439935347426,341.2584835964241,1.9586112069719706,60.586153218801456,0.5083204361500866,1.1286801856276858,27140.99999999992,23.87616601793566,0.14420964395774993,0.7233265491351497,248.660000000516,583.9017485593249,1342.5795228187362,1121.3593141429374,104.12877896087929,2260.1974384652995,2762.2026918314286,2922304.49716593,3181732.0099159065,1429163.2936332212,0.02588618040779702,0.004747328510323909,9165996.925223159,162.14205399835527,0.09910443595273961,0.23807444825220347,0.13211086228445293,0.6431223537937466,False,0.0,True
20.81194704406286,1563.0992925816668,0.27106637936141315,5.390409253820825,4.014086933549348,1.1314580889499735,0.8298625164109129,341.2584835964241,1.9586112069719706,27.626853200404106,0.5069175691957366,1.0935498969218034,27140.999999999876,23.972389188949,0.14571988044016526,0.7739190631987382,248.660000000516,586.8437430662509,1298.8017959238737,1080.0022589711743,145.8591163593604,2485.3916682007502,2961.235447829637,3016036.6538310237,3282886.0578103303,1530262.5513210413,0.025702628378082334,0.003977409374272196,9162503.429689769,157.09291858609356,0.09766710143798711,0.2305595036471614,0.14072244254731656,0.6209822643150928,False,0.0,True
11.447393208756065,1544.109979559935,0.30615069401782524,10.687472760209012,3.119335061654102,1.4455863998888303,0.06523742643276437,352.0482922206544,0.8435886573958995,55.92277987113427,0.4928587358581649,0.7034323554252719,27141.000000000022,22.207460851462145,0.18861334089215676,0.8335312309026343,248.660000000516,541.6694149738406,1060.150658485307,902.82999162896,131.26880796597567,2046.413491816824,2793.850869548189,2668110.3540191203,3054049.5199205275,1298676.6873060693,0.017151240749559583,0.0019406168090377388,9197756.934433969,72.72162621533941,0.09272875298425086,0.18652465212351263,0.19555374904977676,0.4881842353577989,False,0.0,True
12.443723195625688,1595.7802074980218,0.31092062340124016,10.687472760209012,3.119335061654102,1.4455863998888303,0.12804665892685985,352.0482922206544,2.7024608475895815,48.184437943594126,0.4948479920289199,0.7535531811690778,27141.000000000036,23.232328499310846,0.1862966901632078,0.6918981061427805,248.660000000516,551.4396466877462,1094.5556417947905,955.7534445543898,108.66285091759634,2031.1139890195982,2722.4463534979905,2626425.8740017,3022596.191985718,1294652.2468041945,0.017849176945544363,0.002603009944565607,9221312.545522077,75.66171861878706,0.10729555093113471,0.19358995770041762,0.18702085723344283,0.5086296818288207,False,0.0,True
14.665652362838888,1483.2410124403277,0.14716306893553477,9.8911421520209,2.9393031742604543,1.1689454952235994,0.5534854923200385,370.3482103786502,1.3131057479802868,45.81094301292731,0.4943053278601202,0.7294030062154928,27141.000000011474,22.427542754764577,0.19918294909828965,0.3508533197192509,248.660000000516,569.0792235789131,1104.7533010518455,1018.7757793429863,104.44799382931612,1898.6102001186523,2657.3154854813606,3111158.8907264424,3575707.611674036,1466959.1850606473,0.017271719956370207,0.0025250070353328496,9144853.50961292,61.39304230226869,0.0760808879501539,0.23631952244960108,0.1446345771353652,0.6203359478400716,False,0.0,True
11.385041400196709,1574.5572809415535,0.42678856271854176,8.872331685727273,3.9658792120500417,1.5553451548324204,0.8016836379727622,362.16190043231865,0.5109515044344191,45.09841301474929,0.48712974878757037,0.6666515487066704,27140.999999999935,21.873019258939745,0.1534005472806088,1.7025486844979527,248.660000000516,476.790963353021,1183.7919596267736,848.9945603386507,111.89641162736845,2195.110095735932,2750.2513573305123,2328746.389277207,2582014.9972686414,936787.5851493003,0.016377956578494685,0.0017156331049530127,9213754.279112503,135.41125891686144,0.09183776998883676,0.1632422647023184,0.22331523968403413,0.4222974922229493,False,0.0,True
14.827405600949001,1443.6341845560178,0.08304875869522263,9.857220995265788,3.1740971019870425,1.0970498899046777,0.28724634562115003,362.02036306923765,3.556665630644518,29.82797180795486,0.5021802850190215,1.047794168568373,27141.000000000007,22.085343494615124,0.18680295964015012,0.5405103422669117,248.660000000516,584.0333057655944,1106.8749057499322,974.4183238143695,118.31244229687968,2172.9033316084806,2815.1350742603013,3386711.595459805,3812046.062134302,1455105.9026089255,0.026468516747096063,0.0019696647820181532,9137929.778407507,74.36959817956256,0.06630701759651068,0.22709595542857985,0.14791669580364353,0.6055687846326886,False,0.0,True
14.79866164714366,1446.7509111070717,0.18487413442853057,9.857220995265788,3.974333318589421,1.0383752463700584,0.39301434451887113,362.02036306923765,2.8593640653650296,31.34787191921159,0.4980290646833881,0.9763345119795813,27141.00000000008,20.930830821489185,0.15780463630141975,1.2406665620607702,248.660000000516,572.2405203948986,1212.1668943658458,921.9228390393199,131.92946973873364,2382.1368976931294,2861.2746812074606,3195432.4389068885,3521775.1940147392,1234638.5717492616,0.02478977708983089,0.001708917899807003,9184060.987745026,123.98648844598873,0.06471663635916536,0.2057889825805872,0.17247309397571423,0.5440381030371599,False,0.0,True
22.831691729519292,1512.557937449252,0.4131156757886441,5.622058361768779,3.2455780074163854,1.1612665260003638,0.36306613430606965,363.5774838359697,3.8751443367026837,21.574913696108993,0.5121529916221123,1.2094183850708935,27140.999999999935,22.37916879003998,0.16088743247202617,0.4640700569436717,248.660000000516,628.7157532801797,1227.2450232309423,1107.1776713835484,119.66815631455813,2206.3231858030813,2858.0871828101726,3021439.758449359,3348902.4550628066,1566371.0335542522,0.028624453932445608,0.004200370456763432,9138677.606835915,116.4168570863074,0.09179437922748479,0.24126330736983143,0.12595255207687825,0.6570067745258795,False,0.0,True
10.194277571197805,1186.4754167650167,0.1749741292088273,14.515666179918878,4.7515509739624475,1.4211674794902425,0.9340616273609562,374.8883763378522,2.1907521550243665,27.646226752538325,0.5110307618909524,1.146403682444036,27141.000000000022,16.933046945045522,0.18535544280446228,1.6884080779784734,248.660000000516,497.36730898124597,1327.32630754509,899.8886854080013,119.20302070445838,2470.8661762902384,2813.108448916756,3510648.1018458763,3930827.802228077,1384971.471470905,0.030292609453907902,0.0008219328913057037,9028486.925463166,75.2138501765407,0.0,0.25077039604727297,0.1176912701092593,0.6805874778320605,False,0.0,True
14.79866164714366,1439.7351563172056,0.04046519125401171,8.592668764348815,3.974333318589421,1.1193148660382564,0.3262594313836342,361.5665080103876,3.238946156285876,29.07606940701359,0.5108831850399181,1.1416850363757711,27141.000000012973,22.328777366295753,0.17209506231558305,0.8211751837923162,248.660000000516,586.6761040803909,1248.8763749614884,1023.4011612554198,121.46520324673227,2409.7567315054926,2886.187213504599,3505931.451123801,3862411.031850801,1445101.1155739352,0.028730284355939238,0.0022561892163503773,9157551.223531699,95.31757917456457,0.0659765805874864,0.2380185118465255,0.13083296699940214,0.6452963468961659,False,0.0,True
21.960142073011376,1523.823823316661,0.30291926461918967,4.769329704924875,4.03811885793184,1.129428374983805,0.8319439935347426,341.2584835964241,1.9586112069719706,60.586153218801456,0.5114948014795808,1.154155302671407,27141.000000000007,23.317738007620843,0.1470285356808518,0.7049828018606447,248.660000000516,587.1482029082642,1349.7945806482985,1126.8332752192484,104.05690476484311,2270.9564099349386,2766.563354737382,3038488.449458687,3306955.688338411,1489656.2050057882,0.0270209701376593,0.004303958932145373,9138152.001198461,152.52897746892674,0.0877857966020076,0.2478141326459606,0.12001994173935596,0.6737117355429348,False,0.0,True
24.88065938500497,1579.4712552495744,0.41180350517071646,5.459755785566997,3.223733601699455,1.3854563143667529,0.3268332355813447,355.43192909806453,0.933849078884573,20.40731603962137,0.516778296302182,1.3043025597360922,27140.99999999995,24.625153097524844,0.16597060372316166,0.23430088510145905,248.660000000516,649.5269569804825,1242.9166972034895,1209.629656361919,145.4232831744834,2252.082299902245,2897.4955099294025,2962545.0384174306,3318618.705206084,1943926.0150619047,0.028553182848143104,0.006846892925654105,9135552.916161787,106.0083788855579,0.1221867722501709,0.2593353903440052,0.10444240832094716,0.7128950455353626,False,0.0,True
22.724088966374822,1587.847916469216,0.4131156757886441,5.622058361768779,3.746616121201797,1.4424790270066132,0.36306613430606965,362.40787290212995,3.8296562413541424,20.426180244317358,0.5205619632438764,1.3962789901898842,27140.99999999989,24.556972939465854,0.15942617353545896,0.4402038407511757,248.660000000516,627.8669817582484,1337.7140690425663,1227.7925668168948,128.30749217855887,2357.5851920734476,2897.3261877353816,2914595.773643506,3242870.8714429094,1747725.7688093865,0.030628433109732338,0.007267974963011156,9163125.610902816,119.96751125395942,0.12123277926975123,0.25899773723707264,0.10229393998857166,0.7168660491321418,False,0.0,True
14.781212222266749,1255.176315361118,0.3094418413699039,10.014450690786541,4.29350341545768,0.9069808537057811,0.24089600439195424,361.61043297655755,2.85767123597581,29.25305336751969,0.49463792107879195,0.972904755930452,27141.00000000008,16.589418788530846,0.15240234322891563,1.9340114885534885,248.660000000516,572.385613648227,1237.7496787414807,845.8525117336651,149.32744628388835,2506.456009968787,2920.345175030928,3453224.360752466,3769673.7175723324,1236955.6170223365,0.02547537498755357,0.0009302329931549039,9081249.989691181,136.10358811370338,0.014695198183447297,0.21168430721909318,0.1685881157947161,0.556664891819952,False,0.0,True
12.332493210776988,1209.689423766889,0.37762670007593185,9.593298075240764,3.3687553637931207,1.2279272871041595,0.8186483449823645,366.1932578214718,3.604682102518212,25.26086282864918,0.4943084920555081,0.8752228811994579,27141.000000000036,16.074164159622168,0.1774377729045209,1.4870595617035196,248.660000000516,492.6773455634543,1096.9184208650786,787.6427492895396,103.34500251613034,2144.965287953281,2773.69349032321,2983999.880657222,3327455.3795508696,1080933.3533698227,0.023033232484502793,0.0007211917341317257,9011375.161522076,85.57594704454225,0.0022222395441938913,0.20185243159074898,0.1783958187030089,0.5308438143628785,False,0.0,True
10.211598138766915,1498.3841955962828,0.4633064688850283,9.044638277447664,4.314327033691047,1.6795791306759522,0.6096147983345592,374.90508732576745,0.6075636176404888,36.29571321557383,0.4906140427112419,0.7866128384303951,27140.99999999385,20.61652260474009,0.16702805985550626,1.6821458765435562,248.660000000516,475.92146619206267,1300.2810295812144,910.4036965818352,79.54984564736299,2246.872428543842,2721.2379147317442,2387185.7621098775,2671099.679224079,1037079.3108969382,0.01940527870366375,0.001944180344170769,9171918.940083815,104.42170382639586,0.07559688267366066,0.18933677985633163,0.1943022872057973,0.4935284128028318,False,0.0,True
13.06447954710344,1560.9118802496644,0.38668539101103083,9.513637371379794,3.3025138860191023,1.4156781734060329,0.6611143269557697,361.4303428260761,3.6311772913298475,25.26086282864918,0.4921303750927936,0.8277267371048453,27140.999999989413,22.086979635779517,0.16465634694641373,1.1033450405732614,248.660000000516,512.1079619239337,1096.7587036446494,875.6455024813764,121.27336373402476,2172.433802062072,2806.220203786508,2471342.8150318754,2780426.1019629743,1035675.2870401996,0.020594104222776664,0.0018712271489771815,9207826.142921736,109.42600894397307,0.09166198201900648,0.17304424520941278,0.20958241824336452,0.45225349338669235,False,0.0,True
13.06447954710344,1560.9118802496644,0.37762670007593185,9.593298075240764,3.1201107738639458,1.4156781734060329,0.8216067247497074,362.31530649184214,3.5517402028730802,25.26086282864918,0.48978281708861415,0.774608774883301,27141.000000010063,22.12955116673207,0.1668855531867771,1.0191087515640704,248.660000000516,499.64339887776356,1061.4583152513972,858.2620550794273,116.75550339239676,2095.9609904968456,2776.5322906961483,2419371.0969196446,2732994.5963400854,994655.9683211176,0.019282734057069397,0.0017409227020460708,9201033.26150021,105.02174972800049,0.08988134195779414,0.16999386449317808,0.21443752933794782,0.44219558345397114,False,0.0,True
10.211598138766915,1494.539676589976,0.4638786831277592,9.044638277447664,4.317209338874167,1.6795791306759522,0.6096147983345592,374.43122475909286,0.6075636176404888,36.29571321557383,0.4909021357046953,0.7878645031007884,27141.000000000022,20.557404624219348,0.16670421996757687,1.699597740497047,248.660000000516,475.8646447075825,1297.869970342379,907.0104194388523,80.69907939768922,2250.415649846819,2724.042378317548,2394154.5662754206,2677159.5891374596,1035771.2569346661,0.019474814154702164,0.0019086163239563512,9170338.913866878,105.01334254062175,0.07467010461552255,0.1887546801648247,0.19465452618086337,0.4923060715308968,False,0.0,True
13.06447954710344,1549.2177406298997,0.38668539101103083,9.608708057027382,3.3025138860191023,1.4156781734060329,0.6611143269557697,362.37395044785626,3.6311772913298475,25.786341092582056,0.4926279214282499,0.8297933264603903,27140.999999999993,21.929721914997646,0.16579072881247023,1.0880812808504268,248.660000000516,512.1079619239337,1100.8890858198376,879.1378808960976,117.51017958040732,2161.02459916037,2795.8404536074718,2484863.495287728,2799140.11679581,1044069.6780362148,0.020656032355877842,0.0018653883175836028,9200365.935818627,107.10833201791998,0.08889835685166007,0.1755046448159063,0.20670462261604122,0.45918469218477276,False,0.0,True
10.113373963803028,1498.3841955962828,0.4633064688850283,9.044638277447664,4.321782423799113,1.6795791306759522,0.6096147983345592,374.90508732576745,0.6075636176404888,36.29571321557383,0.48986963112968523,0.783379284522827,27141.00000000024,20.57719999067993,0.16723256081125343,1.7001737483786914,248.660000000516,474.72947180178875,1300.4633788604892,907.7344846170162,78.97667674969114,2247.8517234099018,2720.7372808936625,2381693.9803526844,2664855.41545093,1032169.2426720075,0.01933961623778153,0.0019220809234527043,9173078.483335387,104.0522476366572,0.07544331959783733,0.18874099994946894,0.19548538262803652,0.4912234258442585,False,0.0,True
10.04720989785115,1498.3841955962828,0.4633064688850283,9.044638277447664,4.321782423799113,1.6795791306759522,0.6405814142568327,374.90508732576745,0.6075636176404888,36.29571321557383,0.4888558937249224,0.7702432671145183,27141.00000000008,20.54392311688606,0.16669429010948889,1.727152350436983,248.660000000516,471.26625840184875,1297.8030020735678,901.1920377435636,78.66652453551467,2244.8167709440813,2718.2346056712377,2368170.0854816874,2648711.1960103675,1017437.0782758337,0.019031229947928153,0.0018739425648270486,9172554.856165353,105.05749057133616,0.0750045965583163,0.18716250898010384,0.19785284557621524,0.48611699966040234,False,0.0,True
13.382021267307668,1526.0205581089813,0.45439167030398825,6.20958575003427,4.255079931832345,1.3455898942538342,0.8118704815579658,346.6106377618286,0.617673856444064,68.47012755776417,0.4849601495273984,0.7250144762707236,27141.00000000008,20.886975300258918,0.14354815319758882,1.8183723856808767,248.660000000516,490.6811454305664,1273.3014895826768,871.4744759162368,102.50273253056356,2257.1458528906,2753.4856055681053,2347436.639820849,2568182.722122476,1024566.0120332525,0.017888964142269148,0.001788653758194615,9163068.437276747,164.34139860543465,0.07950461527257596,0.17551480268080347,0.21237912880380233,0.45248143483206066,False,0.0,True
14.857746101351143,1531.1396904625353,0.3484470192882737,5.46949721609369,3.230657935244789,0.955739877762163,0.5656245235624441,347.4906804052925,0.7860428495426892,69.16834868739298,0.4674093293814897,0.6810152080991272,27141.000000000124,20.328877707221185,0.16320163372631938,1.0459643453502463,248.660000000516,543.6485912307618,1134.935359550723,888.893357878524,81.96189366599354,1989.2527623946385,2702.6225927891396,2625623.8784068646,2888769.5328961136,1096248.978602698,0.016654918467176375,0.0018285152958421212,9212807.185997576,112.43909802050698,0.08103253118861026,0.18837144184579893,0.2142953768103072,0.4678096955554608,False,0.0,True
20.886650370839337,1571.2097753439975,0.3159395461200982,4.78321340141847,3.1654199378469996,1.1306850733006992,0.8936674499751747,341.8343285491571,1.9586112069719706,23.66661795347797,0.4981442653535429,1.0551033257279214,27141.00000000008,23.75746665696275,0.1607307340172886,0.43446799042399253,248.660000000516,570.1782858287563,1168.5400266887239,1056.957376123922,115.44669257687818,2174.3516329847007,2852.6585288530946,2804756.566180066,3092090.9341726755,1507491.333281946,0.02484020363019575,0.003796355733385845,9139371.057996087,116.76653768257106,0.09709048878662563,0.22679027065951163,0.15079857578912878,0.6006275682996361,False,0.0,True
14.722752803076137,1483.2410124403277,0.1918596145507051,9.8911421520209,2.862136877610237,1.2610442445326142,0.8356891427690026,370.9551890382274,4.55318093415869,24.906440860713687,0.496567050948558,1.0118716140247606,27141.00000002233,22.42162644177723,0.19808955660517746,0.3580086550655729,248.660000000516,550.861015821048,1085.1719362588328,999.3707382978605,103.33573527411743,2017.8048743476684,2752.7774166874433,2955022.4840510967,3409533.7501386646,1397613.5725549702,0.025039826529552965,0.002423380946715657,9145935.371576073,62.42265917156211,0.07551685728916853,0.22896070927776846,0.15028881895908405,0.6037204854076331,False,0.0,True
22.16495537558592,1571.2675012062045,0.31745853900652166,4.769329704924875,4.011193949444495,1.129428374983805,0.8189455802461026,341.2584835964241,1.9586112069719706,55.91197045427664,0.5088214551636635,1.1511619160770612,27141.000000000022,23.907528543770407,0.14351615634167786,0.7266487775245184,248.660000000516,586.285244897882,1339.3823012159332,1119.2554719371146,109.39974484171137,2290.95679169032,2787.498086680873,2933191.3200843576,3191819.6140880557,1443510.68123753,0.026516614472336653,0.004727071091910887,9164532.683686018,164.47762172429717,0.09949495914706767,0.23731717481496883,0.13249075432832924,0.6417308989689349,False,0.0,True
24.88065938500497,1597.5421252235744,0.41180350517071646,5.459682888417394,3.223733601699455,1.4076049541485236,0.3713967502695277,355.43192909806453,0.8442232455221464,20.426180244317358,0.5163929352081463,1.3048024092992765,27140.999999981555,24.970036313161785,0.16487020543404007,0.23200762387277596,248.660000000516,643.3446464330417,1240.8504923048422,1210.333729471307,145.81499255668012,2245.460652049317,2892.686016642602,2904034.594525681,3255529.53747716,1916477.1783428285,0.02821349806431405,0.0072001441264535485,9142838.261225091,108.23142505854717,0.12667910524312553,0.2563677217682862,0.10768466637304007,0.7042055762281209,False,0.0,True
24.88065938500497,1562.3507323647636,0.41180350517071646,5.660353746366587,3.215656616567855,1.4051568931896175,0.3713967502695277,375.1882981267417,0.933849078884573,20.426180244317358,0.5170976667422437,1.4655931381275331,27141.000000000153,24.459130690153653,0.17203473564313657,0.15059860806919712,248.660000000516,643.3446464330417,1277.3113721839031,1269.7914172824917,111.47330443779265,2137.5532379933625,2809.9386250773828,2914749.484522213,3300411.208526302,1920026.0556467418,0.03227369886033612,0.007503964501583482,9117577.955822458,95.00138326242589,0.11644080762007906,0.2793138055390399,0.08420399584494265,0.7683634872230143,False,0.0,True
14.781212222266749,1260.6865583868894,0.3075060676732441,9.857653296271087,4.29350341545768,0.9069808537057811,0.32763012154924287,361.61043297655755,2.85767123597581,29.25305336751969,0.49271574746204033,0.9631880622424618,27141.00000000021,16.65382527168727,0.15120019458786532,1.9564404618567515,248.660000000516,565.9741981677722,1236.3564529693751,839.9444794395388,147.71406664440278,2498.9382445290257,2914.3272870138358,3410535.2257749867,3719705.4837777205,1207717.0565179233,0.025217326851537318,0.000924560345785538,9085643.997584859,139.44326484440924,0.01601035915095109,0.20931193938207882,0.17244492857632984,0.5482859823883581,False,0.0,True
13.06447954710344,1560.9118802496644,0.38668539101103083,9.513637371379794,3.3025138860191023,1.4156781734060329,0.6611143269557697,362.31530649184214,3.6311772913298475,25.26086282864918,0.49203557575620505,0.8306746673313088,27141.000000010412,22.08889794591061,0.16521644853751802,1.0889860633616368,248.660000000516,512.1079619239337,1100.5156844477106,879.6317093806271,118.19428715685902,2165.2905805593373,2800.504171017141,2468909.0623092274,2779845.301671069,1037653.3599700937,0.02064486720425273,0.0019004739417949705,9207219.203301433,108.30973981024253,0.09166303097695627,0.17421921631684198,0.2084769155584619,0.45524164423383523,False,0.0,True
16.94704351299107,1593.9895045358962,0.4307046398933966,5.420356339079458,3.2333439192579965,1.1435667441449164,0.37379445778689596,355.4130347062897,0.8442232455221464,58.7836168244993,0.4886766891217545,0.7734208990675534,27140.999999999847,22.126470357532384,0.16349259608030536,0.7710219391992684,248.660000000516,574.8472227939305,1184.6519699955215,995.8230411693253,83.27219979893064,1995.1754642847327,2694.25640788311,2545247.967317353,2826071.173485064,1238950.580982022,0.017766217362794528,0.00322519925879782,9219811.860745313,111.92488733017235,0.10335696648503877,0.20086707530866035,0.1842915575902345,0.5215177803411419,False,0.0,True
18.27782109398951,1566.3237118163868,0.33202461838118386,4.688699534653237,4.009474024521439,1.1217813369863405,0.5572639217880327,341.2584835964241,1.9819932475402522,55.251280709113104,0.49802498317268074,1.1190863659524235,27140.99999998608,22.88101299135246,0.1532675431331511,0.8525495179370682,248.660000000516,578.7052424820952,1334.2015100476337,1081.9939643371288,91.28470642670244,2283.885144394533,2779.311205441232,2826166.9232572983,3086529.4941503177,1409714.7257444658,0.026338012069359453,0.004035110988939699,9183986.12792756,135.32545897594474,0.09683357215355269,0.23059770688165623,0.14730981052888772,0.6101961359798617,False,0.0,True
14.017645370381663,1567.7033262551445,0.41180350517071646,5.660353746366587,3.215656616567855,1.4051568931896175,0.3713967502695277,366.8467752316581,0.933849078884573,20.426180244317358,0.4944469943015312,1.0347089230005484,27141.000000000022,22.358397485398914,0.184165960898083,0.6619869997284266,248.660000000516,546.3793648373878,1177.4628900413156,1013.8699302986166,80.79995631624172,2093.6632399696446,2774.414592652044,2485097.686633179,2799612.8151240703,1310660.4303916534,0.024850128353762456,0.0032329065253954483,9192903.47592374,78.07706638554451,0.0984840903848682,0.21076046586794758,0.16991719237874928,0.5536454827390079,False,0.0,True
14.79866164714366,1439.7351563172056,0.04046519125401171,9.857220995265788,3.808017419169718,1.088750740817701,0.32763012154924287,368.58401937222544,3.1549323133097293,29.25305336751969,0.5056030003574196,1.1678153919913985,27140.999999999876,22.221680565654683,0.1777532363894347,0.7071246006939563,248.660000000516,586.6736318062779,1236.1597182440319,1034.771474562659,107.08120671014775,2317.6939988871086,2831.6950756992323,3487332.0370235923,3887160.128216647,1472636.7734238622,0.02937404048078933,0.002321637073249074,9145364.912816545,86.38679580012722,0.06543335465142053,0.2444163245552251,0.12818487244114596,0.6559729988135427,False,0.0,True
22.426512157809846,1596.5308817627867,0.4131156757886441,5.622058361768779,3.1218982681604004,1.4424790270066132,0.36306613430606965,362.40787290212995,3.843010672234568,20.426180244317358,0.5146250832243218,1.3668762176211053,27140.99999999995,24.704703130443235,0.17421376278851103,0.20729777166263827,248.660000000516,625.5049812086145,1232.316226140989,1208.0251209120645,117.30925560268344,2161.995993455647,2842.19700977746,2772300.010837059,3138657.33273784,1791353.7609169772,0.030081665672257406,0.007016721750196946,9152830.394090889,91.8347205018282,0.12316385252849336,0.2559657782567807,0.10942365537961946,0.7005286817119425,False,0.0,True
16.744817501662858,1072.3794569836948,0.22654302767473333,4.149951498273392,3.9963937837084558,0.9306043159946541,0.36078049378522115,356.7239817071026,1.3163193007581513,20.780183221962496,0.5159311815947394,1.497638761742953,27140.99999998678,14.812758934131129,0.19620179389772535,0.7967141475479105,248.660000000516,591.2624149064387,1349.2084942355268,1058.8920024712777,83.28070139727235,2386.774498907799,2880.608873070555,4451422.412311344,4822968.295590779,2071263.7247451507,0.040551893802309134,9.551983013655019e-05,8892728.170608647,62.46330686969602,0.0,0.3579083143395577,0.006326519953635583,0.9826306564941479,False,0.0,True
14.781212222266749,1262.1548961608703,0.30723858506960444,9.857653296271087,4.29350341545768,0.9069808537057811,0.32763012154924287,361.61043297655755,3.1532394839205096,29.25305336751969,0.49256432295463864,0.9703566260090212,27141.000000000255,16.677705397640842,0.15151707040706988,1.9402312523369702,248.660000000516,565.9926518603315,1239.879231503289,842.8159178442124,145.55975369370645,2500.4831349931947,2914.6273294551097,3407202.244305207,3717523.47288182,1208116.968855491,0.02540093286422699,0.0009355163222841002,9086301.700152097,138.58024857593563,0.016399503038066848,0.21018154563432834,0.17169381559830837,0.5503930522144547,False,0.0,True
13.06447954710344,1560.9118802496644,0.38668539101103083,5.355173754548682,3.3025138860191023,1.4156781734060329,0.6611143269557697,362.402608028074,3.6311772913298475,25.26086282864918,0.48813385781313123,0.9663358359484008,27141.000000000065,22.16818533955678,0.18472548292213037,0.7302994725609239,248.660000000516,512.1079619239337,1188.7144657128879,994.2728044006332,68.5721964488011,2074.290185068943,2733.6297370152,2393160.311347934,2692943.5634752912,1202687.299627305,0.023309856759220718,0.0029174641642548877,9182197.17467004,77.27963452543841,0.09170645310975598,0.2096145902122669,0.17596979659219147,0.5436283142827794,False,0.0,True
14.781212222266749,1583.313041331931,0.30723858506960444,9.857653296271087,3.2125525555706718,0.9330041691910147,0.37061794675729715,361.61043297655755,3.1532394839205096,29.25305336751969,0.4682401161390243,0.7970868529096797,27141.000000010805,21.183999564973373,0.15715674960918066,1.1752389149874456,248.660000000516,562.7691229585482,1070.198083832029,847.6372095560716,127.35334320859333,2174.0114481811806,2815.293317329951,2730475.492461892,3043928.81399524,1044738.2630011453,0.019986330324438865,0.001647403950391365,9261253.977518898,126.58130168806737,0.0954252668335022,0.1693922665825658,0.23284922275289738,0.42112082187845934,False,0.0,True
13.513228531509519,1595.682336179509,0.4307046398933966,5.784748382917981,2.5992101343756246,1.4076794810060946,0.3674576038628305,355.4130347062897,3.0030097888821627,20.426180244317358,0.48678110775448324,0.9380072985293262,27140.999999999993,22.473437335099955,0.1996989000917231,0.43633512062412777,248.660000000516,539.8079605895659,1053.3863376495385,965.8322994717939,82.84345043558194,1950.5118372331888,2769.6688277324592,2302533.0235452913,2647176.312971607,1277841.9034516425,0.022623758709616977,0.0028346973797674564,9201697.066258918,61.29708046599745,0.10426347188363524,0.19615485957846898,0.19048958308240824,0.5073262096528175,False,0.0,True
14.781212222266749,1269.6544854966,0.3075060676732441,9.857653296271087,3.2455151301875436,0.9067755975816816,0.3721764015982211,361.6289597158487,2.85767123597581,27.661891853483528,0.48574803713189296,0.911142663741587,27141.000000000255,16.811218711533453,0.171365809654012,1.2734169061069067,248.660000000516,562.6307661966204,1069.1570708837476,816.879257220401,134.42941850852566,2202.8800215796064,2836.982496240647,3362244.486896811,3728738.3284240365,1236155.2479834436,0.02385334644987099,0.0008759765867396586,9073349.900721699,95.65198882099017,0.01829283703698131,0.2039393667675058,0.18320713130672958,0.5267756980418311,False,0.0,True
14.75533996256392,1575.767629572819,0.22955726997139142,5.483812583334213,2.9393031742604543,1.2610442445326142,0.5534854923200385,371.2446669757396,1.3131057479802868,20.871538578593615,0.49273247461511055,1.1079110280286484,27140.99999999992,23.531776286200326,0.19938389863763561,0.29619802964100805,248.660000000516,558.8108769948668,1145.5722503290265,1079.59203800543,70.26754849222858,1991.205770460501,2739.151001422164,2763760.439404513,3122360.92468151,1410683.274485386,0.026209425003465552,0.0038603882082599047,9195840.932152243,61.54886889746592,0.0995326952338897,0.2351983016405076,0.14702507995086722,0.6153425273494965,False,0.0,True
20.81194704406286,1563.0992925816668,0.2696627254118053,4.772696932190941,4.014086933549348,1.129428374983805,0.8319439935347426,341.2584835964241,1.9586112069719706,27.626853200404106,0.5047831473360281,1.1742439140785432,27141.000000000124,24.016274803246024,0.1500903219250677,0.6768584342147731,248.660000000516,587.018933994673,1325.1830352350296,1121.3311713935293,124.82148791783958,2447.050195855183,2927.6760577757295,3006108.7025220473,3274966.946593174,1601047.0673213648,0.0273392359830801,0.004530918088925785,9150843.393406235,143.58263942161443,0.09766728209620562,0.24347696831895094,0.129305240716751,0.6531346250368745,False,0.0,True
21.960142073011376,1570.9275971357624,0.15484192223338378,4.764391360952631,3.2015439417742027,1.140462166495235,0.9380129469488425,340.8507205809736,1.9598913507922788,38.62636623731979,0.5053981327648291,1.3135327515043385,27141.000000000007,25.434892886823736,0.17785785302844515,0.1381367601199418,248.660000000516,621.4862248241585,1215.1046650513663,1207.1170736292247,107.33724479752392,2178.0882264995666,2831.707310839308,3290043.648971931,3636922.08276971,1869636.7919818708,0.029928346501736414,0.005722245906842847,9149019.53174185,86.26890688198822,0.10597531855108398,0.2707557020680304,0.10174809362410994,0.7268535386731987,False,0.0,True
13.427087667221077,1595.682336179509,0.4307046398933966,5.4741360711478215,3.223733601699455,1.4076794810060946,0.3615836133127822,355.4130347062897,0.8442232455221464,20.426180244317358,0.48822130945982006,0.9805173489558157,27140.999999999935,22.439720176384455,0.18190720885669237,0.7552871767360153,248.660000000516,539.4091350222219,1158.9870418045305,982.5330326428951,87.65697343023506,2143.432822184974,2810.335382406461,2387905.487621308,2685727.823843942,1311774.9836832057,0.023596459117638455,0.003015762250371278,9203866.584695991,81.11841589460612,0.10417710888562508,0.19936489731102028,0.18615705473390232,0.5171298190765269,False,0.0,True
14.364628963450564,1532.5794864789118,0.3484470192882737,4.593835898181518,2.457798505186265,0.9546614058649776,0.5617038088067831,350.8172688200784,2.9189852902359004,21.525976697501715,0.4601728874045199,0.8670540520267119,27141.000000001855,20.23524614658619,0.1918312708715418,0.5198167373161413,248.660000000516,538.9608866346509,1010.4051744016731,891.5994268681841,69.69305181138297,1878.264942736639,2749.0854238128295,2586602.774070629,2891481.750739684,1148513.2163806702,0.021693121199581472,0.0018395928264771245,9198248.98145362,69.12670018619535,0.08086136332315635,0.19377060871512541,0.2151073473125885,0.47390818179004873,False,0.0,True
11.558189666742765,1445.9923650450723,0.04046519125401171,9.857220995265788,3.974333318589421,1.0765575751402883,0.32763012154924287,361.53195114658286,3.143495746250612,45.21254511697181,0.4844079123437654,0.9241038417934757,27140.999999999935,20.810594104296406,0.18258113958762046,1.0512312839824978,248.660000000516,543.9532451279783,1243.8656347021265,957.458096288515,83.88498251632343,2232.097123844763,2714.5772096109386,3200216.9748413726,3564951.997000808,1264211.012929459,0.023281064088482104,0.0018000382816345595,9186043.65937111,80.06812193226455,0.06250092429410899,0.22603324024215732,0.16298467793009508,0.5810355505066287,False,0.0,True
16.601326546388528,1560.9646965527454,0.1153813675032947,4.588296758430663,3.8521882112188095,0.9733238857825696,0.29875203613989343,356.7239817071026,1.3163193007581513,57.94904812300677,0.48959229080600497,1.190791965277392,27141.000000000095,23.402027867943143,0.17634941015389066,0.4860683798797627,248.660000000516,601.7329912589071,1341.467432156814,1183.9986120859048,66.59503086608328,2167.242303821316,2704.9463038920608,3265022.7925166814,3576608.150713264,1563875.6145050498,0.027417375982356416,0.004901908747237389,9196434.112434471,88.96031385351738,0.09588389873048037,0.27029184067429624,0.11438562177099121,0.7026453771326407,False,0.0,True
17.011261331706038,1581.5673323974547,0.3713389567185022,4.599739144002806,4.042927391351279,0.9116960923810083,0.8861938563573561,363.867300662509,3.3386958955937445,20.98692519388247,0.4665048956448517,0.9877837972733444,27141.00000000008,21.077417506402213,0.13807049841597607,1.3897686851077926,248.660000000516,528.9491249918874,1310.3353969255215,938.4860347836324,89.85410053799961,2342.946402473864,2842.641353387989,2515306.3548926013,2727775.7575883977,1013168.4731339226,0.024373490911265703,0.002435949130530217,9215810.480453191,185.75038996860002,0.09064469635826654,0.19497635865509505,0.208338033645177,0.4834351621896324,False,0.0,True
12.485674046651638,1077.6754151079153,0.190435261100815,5.416111635030013,4.3202656266866555,1.5821457848245812,0.4291378747032112,375.8588378412422,4.046828215820951,41.57923017977183,0.0,999.0,0.0,0.0,0.0,0.0,0.0,0.0,0.0,0.0,0.0,0.0,0.0,0.0,0.0,0.0,0.0,0.0,0.0,0.0,0.0,0.0,0.0,0.0,0,0.0,False
17.80489470069437,1090.731079113485,0.2982233470771814,8.402706253131033,4.626055391645256,1.6392742877500237,0.2301799038896999,349.6925588876484,4.020217661738064,53.59321732165276,0.0,999.0,0.0,0.0,0.0,0.0,0.0,0.0,0.0,0.0,0.0,0.0,0.0,0.0,0.0,0.0,0.0,0.0,0.0,0.0,0.0,0.0,0.0,0.0,0,0.0,False
23.39792027454326,1482.2434216626252,0.19024130133265582,4.725299815964956,2.8644367979239806,1.7057306036466466,0.9322243531608239,358.0487364333776,2.9941999940622703,21.49395365302088,0.0,999.0,0.0,0.0,0.0,0.0,0.0,0.0,0.0,0.0,0.0,0.0,0.0,0.0,0.0,0.0,0.0,0.0,0.0,0.0,0.0,0.0,0.0,0.0,0,0.0,False
19.00089334133424,1507.0988778704716,0.09325379049765484,11.140243772837405,2.6768328748592873,1.253229719720745,0.8716800988542341,379.6343867245653,4.52172219800807,55.97356260127173,0.0,999.0,0.0,0.0,0.0,0.0,0.0,0.0,0.0,0.0,0.0,0.0,0.0,0.0,0.0,0.0,0.0,0.0,0.0,0.0,0.0,0.0,0.0,0.0,0,0.0,False
25.151412514063615,1098.7905087378283,0.17603810144990056,6.120941765201731,4.536975401768933,1.5266531235132792,0.3896253007124362,366.8885094817777,2.3964542693459356,21.59822023776897,0.0,999.0,0.0,0.0,0.0,0.0,0.0,0.0,0.0,0.0,0.0,0.0,0.0,0.0,0.0,0.0,0.0,0.0,0.0,0.0,0.0,0.0,0.0,0.0,0,0.0,False
14.79866164714366,1070.663842282895,0.04046519125401171,9.860159130505817,2.9974509040234723,1.5784426085511851,0.2570041391500406,362.02036306923765,1.310396029612635,28.42975408463183,0.0,999.0,0.0,0.0,0.0,0.0,0.0,0.0,0.0,0.0,0.0,0.0,0.0,0.0,0.0,0.0,0.0,0.0,0.0,0.0,0.0,0.0,0.0,0.0,0,0.0,False
15.87492282452482,1156.2141788837296,0.0016870292733425218,10.293078461251358,4.515708703659982,1.1022466251033434,0.47924309117227704,379.35584285837,2.2702430881337197,76.30680994471652,0.0,999.0,0.0,0.0,0.0,0.0,0.0,0.0,0.0,0.0,0.0,0.0,0.0,0.0,0.0,0.0,0.0,0.0,0.0,0.0,0.0,0.0,0.0,0.0,0,0.0,False
15.84258555932572,1074.5022597168506,0.3903652455823836,7.072467511032381,4.867029967716143,1.2648887198071705,0.15519449168211252,368.20851875973705,3.801011667163989,72.87917876140286,0.0,999.0,0.0,0.0,0.0,0.0,0.0,0.0,0.0,0.0,0.0,0.0,0.0,0.0,0.0,0.0,0.0,0.0,0.0,0.0,0.0,0.0,0.0,0.0,0,0.0,False
16.768547007616032,1019.4386404737869,0.4939702767691365,10.040362671297752,3.813783561927913,1.1147981460380507,0.2980132492008535,370.01104712263196,0.5182584632672591,44.76819978225062,0.0,999.0,0.0,0.0,0.0,0.0,0.0,0.0,0.0,0.0,0.0,0.0,0.0,0.0,0.0,0.0,0.0,0.0,0.0,0.0,0.0,0.0,0.0,0.0,0,0.0,False
18.57860307949465,1454.2372602867617,0.26137832350626256,4.876573390298167,3.527991461382724,1.6700388819119314,0.5311169616980763,355.7116404038181,0.615387053330669,62.0776907487486,0.0,999.0,0.0,0.0,0.0,0.0,0.0,0.0,0.0,0.0,0.0,0.0,0.0,0.0,0.0,0.0,0.0,0.0,0.0,0.0,0.0,0.0,0.0,0.0,0,0.0,False
12.170027680152314,1072.3794569836948,0.4553567271441191,4.047999439035942,4.017667384221442,0.9642057185314866,0.36078049378522115,356.7239817071026,1.3163193007581513,51.26084619693058,0.0,999.0,0.0,0.0,0.0,0.0,0.0,0.0,0.0,0.0,0.0,0.0,0.0,0.0,0.0,0.0,0.0,0.0,0.0,0.0,0.0,0.0,0.0,0.0,0,0.0,False
13.61328513128008,1284.7965433966601,0.13727111396453678,4.0248629570409,3.405641748995695,1.4124088021110448,0.45309706115915455,377.15500456046374,1.3055243307562479,20.571564281204708,0.0,999.0,0.0,0.0,0.0,0.0,0.0,0.0,0.0,0.0,0.0,0.0,0.0,0.0,0.0,0.0,0.0,0.0,0.0,0.0,0.0,0.0,0.0,0.0,0,0.0,False
10.751802214233143,1377.813799305841,0.08504096648750753,10.680700669627882,2.7150634640415703,1.7574953634650465,0.02761896581849599,344.25859264197607,1.2981772006304153,44.51502475010448,0.0,999.0,0.0,0.0,0.0,0.0,0.0,0.0,0.0,0.0,0.0,0.0,0.0,0.0,0.0,0.0,0.0,0.0,0.0,0.0,0.0,0.0,0.0,0.0,0,0.0,False
17.41762620869079,1047.7007357658413,0.14331886926488652,11.628020695926793,4.278819927423088,1.3548565269819017,0.22076415249817294,374.23530816829333,1.4346185731257841,65.41493299133185,0.0,999.0,0.0,0.0,0.0,0.0,0.0,0.0,0.0,0.0,0.0,0.0,0.0,0.0,0.0,0.0,0.0,0.0,0.0,0.0,0.0,0.0,0.0,0.0,0,0.0,False
22.741303271703977,1493.468246938498,0.160184170046974,4.6008470384475695,2.8334324310980414,1.4258165720771594,0.34966021527238933,373.3431072304881,4.690427088600598,21.88794997232343,0.0,999.0,0.0,0.0,0.0,0.0,0.0,0.0,0.0,0.0,0.0,0.0,0.0,0.0,0.0,0.0,0.0,0.0,0.0,0.0,0.0,0.0,0.0,0.0,0,0.0,False
11.385041400196709,1214.2423770117273,0.40641477508185314,8.704753163303057,3.799563312630339,1.5553451548324204,0.8212276083065595,370.42060479921133,0.5321447387554932,45.21541002035211,0.5096862939359458,0.7469273603283482,27140.999999999935,16.82755933976889,0.1845276915921713,1.4091357263267346,248.660000000516,478.1986819133101,1204.7730029330514,863.773820565906,85.57620614922394,2084.7458593388055,2685.996134550335,2967224.116108785,3310683.369479029,1202473.1602739808,0.019353411680880152,0.0009189438057914956,8978968.63315079,75.81247671757352,0.003517195770688873,0.22509750283637592,0.14367491815650912,0.6103967922284483,False,0.0,True
13.382021267307668,1526.0205581089813,0.45459123188042433,6.172861784138726,3.3245892281079192,1.547308927523103,0.8453451587639734,346.73101221468977,3.492360333071425,68.47012755776417,0.49205404449082707,0.44152459509868275,27140.999999999978,21.731667766716924,0.18101335437858937,0.7499215144334095,248.660000000516,487.1630805651634,1203.8343890294318,992.7764369557269,56.57074293286752,1889.7136029629128,2552.1193659471446,2249903.6482814425,2558479.0589615717,1142917.0561889093,0.009154642743736877,0.0028287762918364624,9128192.12312622,81.64917481140145,0.08200135188608719,0.21265630962437682,0.16954378514569418,0.5564004628316731,False,0.0,True
19.056858650928007,1211.787019566637,0.3239605425202674,8.073861912868388,3.3772789336742943,1.2277504110125583,0.10068349752297878,366.4520642810694,1.3120322864120673,64.46713237479585,0.5306776838127998,0.8809216678507843,27140.999999990796,18.502904074770917,0.1986218420881971,0.35304987705327656,248.660000000516,629.4398006361993,1270.7059868177107,1139.1428619816543,105.2319581875498,1982.9883006474213,2648.0043087138247,3799485.6539655933,4312268.471315211,2055480.6034090025,0.02304404162574408,0.0008650533613859514,8875499.831743458,60.091172894219234,0.003516163768074282,0.3256446821353503,0.028504448053252977,0.919512867254332,False,0.0,True
11.385041400196709,1218.0861282350604,0.40584255806259284,8.704753163303057,3.7966810074365043,1.5553451548324204,0.8212276083065595,370.89446736556613,0.5321447387554932,45.21541002035211,0.5093428320068318,0.7397902674962944,27141.000000000022,16.892187213935873,0.18476938460638925,1.3946070092399974,248.660000000516,478.2866294667579,1206.7180323293514,866.6871029799017,84.39983588848453,2080.881902506838,2682.5081840658845,2956598.116494367,3300785.040556243,1202200.386512538,0.019143472669065322,0.0009351749810516218,8981516.321466312,75.53678619904385,0.0045350514919919324,0.22547405575945045,0.1435526158547936,0.6109966381919029,False,0.0,True
10.211598138766915,1487.4157806737405,0.07723394672364023,14.612221000899133,4.314327033691047,1.6795791306759522,0.6096147983345592,374.90508732576745,0.6170348154933637,66.7245231027621,0.5018765629268134,0.6623067173240547,27140.999999996588,23.0295510980892,0.19912521527140264,0.7906908077024203,248.660000000516,519.1483500004268,1333.3690052060958,1095.2321999048784,121.8111162690862,2090.6330997435757,2614.3529223606056,2992017.478399896,3467754.05504078,1529501.0438748715,0.014840646989746329,0.00313501962514358,9143483.70599387,61.43725414676844,0.07906651161963762,0.25511556158770954,0.12032958869213448,0.6795015500867572,False,0.0,True
11.385041400196709,1214.2423770117273,0.41756833213923616,8.736468600669848,3.725747076184133,1.5553451548324204,0.821222450419721,370.42060479921133,0.5321447387554932,45.22773456964851,0.5084132698656646,0.7212459174333419,27141.000000000036,16.748068004715737,0.18497144941667715,1.3990647714701199,248.660000000516,476.4910412872735,1191.1785981037328,856.749935475035,85.30238408877595,2062.4956511087657,2680.9285334935735,2934043.0357972896,3278385.254957866,1187404.2751496788,0.018668830382175657,0.0009065050628827022,8976543.100100221,75.24781581923345,0.003506493509182147,0.22264372626055026,0.14702036166531213,0.6022865989222149,False,0.0,True
14.13011563511606,1211.787019566637,0.32459133463549833,10.818171985525202,3.3772789336742943,1.2277504110125583,0.10068349752297878,366.4520642810694,1.3120322864120673,43.8946860969134,0.5190150479682674,0.875752901004408,27141.000000011984,17.314784087337678,0.19243788801259484,0.8852701602743432,248.660000000516,574.8596065773519,1154.1579183706792,930.8311446866552,116.48656137030797,2073.689360031793,2723.5132795588866,3497657.0768784187,3962594.577632008,1573403.087937762,0.022729771212587728,0.0010390382735834022,8965943.055586943,66.74567161576921,0.003167223123147945,0.24887523577736315,0.11339048009048378,0.6869963810435538,False,0.0,True
13.651668495538672,1526.0205581089813,0.432147612207352,7.192899244139449,3.411028193752675,1.547308927523103,0.8453451587639734,346.73101221468977,3.460284577968349,68.47012755776417,0.49654009700746654,0.4651204568805748,27141.000000000226,21.962214893244028,0.17470325669746561,0.8186230738165401,248.660000000516,493.405625945581,1202.6771467313454,981.4231341583564,65.83416617660777,1926.3763857597219,2568.513831707466,2345318.254157123,2657865.8851555726,1129417.3169478136,0.009914750533555785,0.002709083786640001,9138831.29959375,90.9256751980582,0.0828549788925695,0.20783514337213752,0.17101149031667048,0.5485996835934864,False,0.0,True
10.578357242545437,1494.4494640057349,0.4740897008766825,9.8911421520209,2.7863174234572137,1.179877683404662,0.5534854923200385,374.49347142003154,1.2914812235735942,45.81094301292731,0.4514529428149621,0.26702175897369895,27141.000000000153,18.618368336036436,0.1859314954194768,1.205151308412745,248.660000000516,484.32375229787806,1033.7706743909575,790.0896051788164,77.88369609222292,1747.5289838162184,2564.4883186637735,2112656.767895697,2451759.0802400857,870761.3430669894,0.006048296730105135,0.0011989408302000685,9189582.187476352,75.84653696208032,0.06931318324917735,0.1638775499488788,0.25276395411139246,0.39332987316878615,False,0.0,True
14.845583738015346,1560.5288142543043,0.4638786831277592,9.995284944112015,4.332158545509506,1.5574251993792374,0.6096147983345592,346.237483149203,3.4368876975626037,68.39894120012139,0.5074044069106891,0.6838050576564954,27140.99999999989,22.50102729940536,0.14681231243852655,1.363942904657716,248.660000000516,524.6083875141901,1329.4045740931053,993.5983690264133,108.8670685016246,2213.312013998504,2649.709590384026,2520303.430594976,2813750.6301607206,1138812.8498943155,0.01546072756315184,0.003098425506703028,9178106.858074619,153.8737538541674,0.09601907024351725,0.19841324617001802,0.1724771270580231,0.534964670134547,False,0.0,True
12.546165068024857,1494.4494640057349,0.4740897008766825,9.442003160880923,2.7863174234572137,1.1630941901566374,0.560285793473787,374.49347142003154,1.2914812235735942,46.770604321312135,0.464463028733407,0.32066585266663145,27141.000000000095,19.266537673719935,0.18027100982634206,0.994927506931043,248.660000000516,505.9738362520986,1054.1965703065543,837.4047339317251,86.13703723947341,1761.8759034598315,2576.4708410778762,2230069.987029884,2576474.7788577434,960236.747912684,0.007226737845897158,0.0014764540613279164,9168360.253821632,83.0257623624522,0.07127927136853845,0.17535334788770948,0.22955891900692169,0.4330650420461108,False,0.0,True
14.449314281847432,1468.514076454651,0.379890612821321,9.921715228402364,2.951630494810399,1.4125563956683318,0.49977520982406226,369.9283649540976,1.7079754104584204,46.12697672200958,0.499543903633788,0.5839413662652234,27141.000000011314,21.422904621431865,0.19248488623727653,0.4898927885251664,248.660000000516,541.7013515728768,1123.0588999193005,999.335893577003,104.56130825045474,1864.3054446140736,2613.055779019199,2629486.7333621234,3065675.082837106,1366270.7706294828,0.01331760436491381,0.0025311482568972287,9107311.558550734,67.74841929032524,0.0730224502832729,0.22480462979431404,0.15172311887043935,0.5970466468713622,False,0.0,True
20.813364357268092,1194.7740791548533,0.27106637936141315,5.390409253820825,4.014086933549348,1.485984131649931,0.9158627936410317,341.2584835964241,1.9586112069719706,33.002013290000264,0.5422818611149114,1.3252571303983507,27141.00000000005,19.634498264143037,0.17903890347203633,0.5117191117543299,248.660000000516,579.6481727217514,1336.914997778188,1143.5934228760852,136.1124645936338,2432.1865588806522,2909.0753735790004,3782744.685910514,4159948.912175419,2211096.605475234,0.035334691431081644,0.0006341123450600562,8815167.464506418,81.48679112588903,0.0,0.3274250534666793,0.01908798969455,0.9449140802308312,False,0.0,True
11.391079106662119,1214.2423770117273,0.40612612547396204,8.667754771303711,3.799563312630339,1.5553451548324204,0.8186547113004689,366.1064143790554,0.5321447387554932,45.21541002035211,0.5103080848087823,0.771425042931878,27140.999999999993,16.82436844134955,0.18152287814596527,1.489982656882237,248.660000000516,478.51940174407866,1185.3666877177175,846.0809668434187,95.96195944944274,2115.975978772228,2712.1357021316335,2985404.068654592,3318612.848765065,1192102.256936106,0.020059244215700996,0.0008780028745130981,8982287.947006036,79.66943612960061,0.003519020032633592,0.2178278289271188,0.15050883824326125,0.5913824181570254,False,0.0,True
13.651668495538672,1573.4064982951456,0.43257014034689634,11.12443449473009,2.6423712690574326,1.547308927523103,0.8422578397036,345.4164507620203,4.476129657580913,68.47012755776417,0.4893317157540171,0.33508258839806065,27140.999999999978,22.70910885549746,0.1879140389222979,0.478138085585145,248.660000000516,493.6424950555084,1036.79307021949,933.2361714382268,114.36605205146314,1717.5665832861116,2598.876213681667,2172197.634536401,2590017.5273172697,1121937.472845544,0.0066486692707874995,0.002445807260924258,9143007.906868087,73.09880728297043,0.09410899086213624,0.19184644281892396,0.19252791281268708,0.4991135334813852,False,0.0,True
11.547174043067782,1575.767629572819,0.4583351578142445,9.008352094570828,2.9605767753565564,1.2610442445326142,0.6123295308933967,371.1928637744585,1.1947264499498467,52.69392044130002,0.4632352090169792,0.3003298659724554,27140.99999999989,20.570074185648668,0.1776266512379609,1.0709524926060465,248.660000000516,491.6495298048234,1080.0771974603497,848.4417001855784,74.51961528312752,1782.1094204638773,2566.1214066027983,2125217.7805672823,2442681.258808196,905178.5949356486,0.006447982547836886,0.0017032703445214938,9217404.307134856,87.25355485366401,0.08949307319916544,0.1686338297089949,0.2376233893475828,0.4150912815791958,False,0.0,True
13.06447954710344,1560.9118802496644,0.3778458992601318,9.58031053283776,3.9658847853906236,1.606411906378354,0.8212541419585659,361.7928975847266,3.5517402028730802,62.24755510947289,0.497145036556621,0.5420638753609112,27140.999999999993,22.96206290211745,0.17624068965912426,0.7853220076767196,248.660000000516,499.6359972909867,1339.4068218221519,1092.9383158108799,89.07576443421254,2070.069346135584,2556.6261337185288,2409482.5029854635,2768733.059400269,1259383.0951016136,0.010583891995314069,0.004128263645856419,9151968.694187488,88.69412466475885,0.09306612327131439,0.2358791102610873,0.14263466934941052,0.6231717918005893,False,0.0,True
27.486476418054984,1246.4934425262104,0.41180350517071646,5.459755785566997,3.2492111393587826,1.409152886906445,0.8440964317262847,358.17801943852305,2.226234106339918,59.03464204966856,0.5327931055551297,0.8906701879589994,27140.999999999993,19.726323732883905,0.17500626282701978,0.1887325657923239,248.660000000516,591.9125230561078,1276.7271829686756,1201.0246458293893,95.70790472940885,1952.539867591994,2623.6832690222514,3377570.9191023484,3794877.145846839,2011954.9361328175,0.023313972721557163,0.000859706849838035,8804034.179145489,87.14045526125436,0.01439568509434978,0.33555340169173425,0.01688071185220925,0.952102503124731,False,0.0,True
16.77102149348393,1073.7096987288382,0.18487413442853057,9.857220995265788,3.974333318589421,1.0377383574958554,0.35875762376567405,362.02036306923765,2.8593640653650296,31.34787191921159,0.5389844739659785,1.2451507059497202,27141.000000000022,15.531940003849275,0.1796062912511441,1.097444230040137,248.660000000516,595.4291332150111,1233.734546032707,943.8388411139156,145.90341087902277,2409.431242063197,2884.2744800152113,4515053.880995551,4961371.464922905,1750445.122303282,0.03330032352466944,0.0004943117855119447,8930675.924379807,81.77462697687913,0.0,0.2916353703899853,0.05720671582401838,0.8360097073008449,False,0.0,True
13.651668495538672,1573.4064982951456,0.4451674281144422,6.172861784138726,3.3245892281079192,1.547308927523103,0.8453451587639734,346.73101221468977,3.460284577968349,68.47012755776417,0.49168063139256957,0.4598095548820302,27140.999999999935,22.560779781537384,0.17878847709021184,0.7094699566779227,248.660000000516,491.13522402873963,1206.0258524028277,1009.411502456813,57.63334525132576,1892.6759095690609,2555.0231775415546,2217963.1050927914,2522937.3548356756,1140499.0879529477,0.009217984620343293,0.003261706508709858,9154386.33651635,84.97859342844653,0.09368055016067273,0.21002791013038163,0.17256343484224285,0.5489614778018822,False,0.0,True
13.06447954710344,1260.7567626991913,0.3896114123342438,9.844122025081138,3.3240854513596156,1.4152957004371005,0.6611918677695123,362.476109419294,2.934078034496573,30.54615527709813,0.5104131212614126,0.8860448739699669,27141.000000000167,17.73901792877982,0.18194539855228004,1.1179192142087084,248.660000000516,511.70904756618955,1110.8099433771756,860.5215483291394,110.57352467324198,2122.9192531554645,2754.5133051174626,3000879.352191392,3376205.5289985416,1235593.1903416729,0.023013785056947407,0.0010343588674716123,9009927.576899575,79.35913895403736,0.016215427841160427,0.2131111205670356,0.15522444728001972,0.5785787178052979,False,0.0,True
13.651668495538672,1526.0205581089813,0.432147612207352,6.172861784138726,3.3245892281079192,1.547308927523103,0.8453451587639734,346.73101221468977,3.460284577968349,68.47012755776417,0.4946633042085613,0.4742244273830743,27140.99999999989,21.994924063127293,0.18280669322957818,0.6826397865401342,248.660000000516,493.405625945581,1208.3506435266997,1013.3183563568821,57.45320373055473,1894.8918775618263,2556.6058665385053,2304617.4744122056,2621336.44248252,1187869.1985739274,0.00984749459856694,0.003023430585037027,9128706.613118552,79.27419634887127,0.08287231686344709,0.21862761150746254,0.16159650922153374,0.5749966916572576,False,0.0,True
13.651668495538672,1526.2150711959123,0.3971268309048889,6.172861784138726,3.3245892281079192,1.547308927523103,0.845126565295756,349.4085354170724,3.4557836720236637,68.47012755776417,0.49565305065898163,0.4830792897883803,27141.000000000007,22.296275368229843,0.18964278331529372,0.5617484248714314,248.660000000516,499.630234435592,1224.2846569709277,1056.7532670909197,53.52281167362366,1888.2605374817774,2544.3044610045545,2354206.927579765,2691060.46102191,1263307.7502675704,0.009660652652073321,0.00345060235207311,9128199.546148589,71.00272884826018,0.08382228160312523,0.23250407868988698,0.1470112057991008,0.6126342948293917,False,0.0,True
11.834072234069136,1595.268509330622,0.31578340720562303,9.751968211311798,3.1631510741990616,0.9055314376706296,0.884702948820757,361.5166252677049,2.859945299461411,55.88621566210806,0.43298907578600515,0.2822851125265765,27141.00000000117,19.743521877652295,0.16750508564262495,1.3393633444897393,248.660000000516,493.30525977770805,1083.8130942821447,801.2998741708861,83.37647827785699,1875.8266371379677,2557.8642688988084,2360261.8269345174,2662263.9549604077,840776.8957455847,0.006309117819082086,0.0013523824200020584,9268337.184443675,104.62048050625891,0.08935095756447134,0.16585551242656593,0.2689595181448089,0.3814392345375484,False,0.0,True
11.385041400196709,1214.2423770117273,0.37841280881145023,9.96930539422003,3.799563312630339,1.4321390775378822,0.8692727172948711,370.87445985052943,0.5321447387554932,45.39239608097604,0.5035306289318829,0.694265730792057,27141.000000000022,16.593520865819382,0.17788325902100866,1.5885208886475173,248.660000000516,478.824258926729,1176.0835395405811,824.0077795866532,94.64514683116552,2088.051169173606,2693.9485715859623,2992543.7795451144,3333601.0813892856,1129855.2186184684,0.018032177424923922,0.0008108887745033108,9002573.688071446,84.85165723739505,0.0034434393215860156,0.21228504562171868,0.16106246220266748,0.5685990696945339,False,0.0,True
12.854604637354667,1544.109979559935,0.30615069401782524,10.687472760209012,3.121889948378967,1.4425949310097876,0.06523742643276437,363.23101757981823,0.8435886573958995,55.92277987113427,0.4996762878824706,0.6881770888207807,27141.000000011867,22.758174160693212,0.19153963658093928,0.5993921481882394,248.660000000516,561.1839800740496,1115.7420241594784,986.7959623582833,108.32982913461069,1947.8202142282776,2706.0704901675035,2731779.010756959,3157409.20930397,1399268.4735954856,0.015987261340678256,0.00269055302701472,9181025.468521038,69.31290352105718,0.09591746551907435,0.2090449682108694,0.1677309969042678,0.5548256459166346,False,0.0,True
13.81760076830922,1544.4494601316887,0.31085507217880215,11.676563609703804,3.1193943254653007,1.4454474663457189,0.0715082894697372,356.08128705893955,3.3452382235705542,55.63459087461775,0.49994496651378706,0.6908445016690787,27140.99999998736,23.147818906755887,0.1961841066181108,0.420575685196248,248.660000000516,573.23082238432,1154.646047817791,1059.5928032426252,125.97919657283668,1958.173717774794,2634.91653449486,2732531.5428835405,3220322.9754671864,1553392.9321225192,0.015254784609891279,0.003495426009900458,9148709.105042988,64.27872183315871,0.09822939772177668,0.23137591051079048,0.14500143439129237,0.6147445207441604,False,0.0,True
10.436552171382667,1204.801769437079,0.3874355299946315,8.704753163303057,3.7994866574381487,1.5650774446790625,0.8212276083065595,371.62135180547546,0.529626593761141,44.662517991203494,0.5054500671403401,0.7291577216388977,27141.000000018386,16.540855909670714,0.192318670517835,1.4255971647807517,248.660000000516,470.7962452345119,1205.1891955467986,857.5116043954814,76.84765072247262,2073.4116763580005,2673.88679114268,2960849.19724148,3312544.2082407093,1195547.7828504406,0.018927398803860553,0.0008626709191541746,8988158.041385993,67.03555861895128,0.0010006159858024723,0.2272195087806128,0.1447077390013358,0.6109246099490558,False,0.0,True
14.75533996256392,1412.8235661920803,0.22955726997139142,9.8911421520209,2.969044748873352,1.1689454952235994,0.5534854923200385,369.73915712792956,1.2959194720876575,47.283635702462256,0.49722065761503376,0.6650669002720575,27141.000000011212,20.843895403046048,0.19380061533370954,0.49518411216735014,248.660000000516,558.8108769948668,1101.670678937419,972.0309951726953,105.51101187469304,1892.0451433153696,2649.6889974912133,3081059.224211362,3526861.3510479657,1402310.5056660725,0.01612828392998877,0.0019222968103025989,9106411.561469615,66.37135686177076,0.05697507834125374,0.23130346121821455,0.147194760026036,0.6111084497513424,False,0.0,True
11.385041400196709,1214.2423770117273,0.4183110566649284,8.736468600669848,3.725747076184133,1.41427032727715,0.8215750332108624,370.42060479921133,0.5173353693267768,45.22773456964851,0.49933145387300176,0.6845919370039488,27140.99999999995,16.26155268235428,0.1782344204103059,1.616880456903113,248.660000000516,476.3475824462666,1176.192720851853,817.7145174843448,86.50741111343854,2066.842709367914,2685.9149542034975,2892603.585655719,3216163.3161083395,1099453.4642015481,0.017771951089376323,0.0008085586728478181,8997347.16244206,84.30214408633093,0.003416900656408318,0.20986488496992586,0.16651434345343888,0.557588913312353,False,0.0,True
12.95876109185869,1533.7566877428444,0.3086213069163475,10.687472760209012,3.101436498239151,1.6224680836253755,0.0715082894697372,345.2161811772341,3.350199009414253,55.92277987113427,0.5081588101300979,0.8537032453856727,27141.0000000067,23.309718601691678,0.19792472677257764,0.47648101671466436,248.660000000516,562.1339795873115,1123.7338096639462,1024.0922229219314,110.95519317817082,2020.661822809005,2726.7519653715517,2722871.4543826953,3175189.1512133107,1526305.2338428516,0.020118592437642257,0.0030517673453760055,9153617.392382447,62.63130635828822,0.09721882421769391,0.21985950427495934,0.15053181839458832,0.5935870816042621,False,0.0,True
11.385041400196709,1233.0931712163704,0.40584255806259284,8.704753163303057,3.7966810074365043,1.4021372451778003,0.42140280814642006,370.89446736556613,0.5321447387554932,45.15389002018104,0.5062295404390738,0.810334094136459,27141.000000000153,16.712791138767507,0.1862389568549644,1.4227082675979463,248.660000000516,511.35045013072653,1215.2843757574842,878.1199654062228,84.22971422483937,2115.49972523086,2710.4080945352907,3020359.00523685,3372358.284916446,1255851.286446936,0.02099688293168747,0.0009963947172702834,9018666.805775013,74.06783114457038,0.008728045205564217,0.22511588266214538,0.14631453670945693,0.6060782071727014,False,0.0,True
14.362245367345157,1489.1605697070793,0.40641477508185314,8.704753163303057,3.796757662628694,1.5674737878083316,0.8212276083065595,374.2404755857544,0.5793511146761595,29.25591938663935,0.5091116550323758,0.8847410538832557,27140.999999988337,21.85124507974565,0.15964295592390595,1.1050515582362117,248.660000000516,506.59718267587425,1224.6084766623198,953.0754829582772,108.15124628636629,2186.8268155739192,2761.420071385657,2598809.225114765,2902415.171502762,1138313.4857458523,0.021707516125245463,0.0023052408181896637,9133974.68141191,119.0993520710826,0.07596096046477328,0.20083084837796708,0.16875174585709304,0.5433990980923621,False,0.0,True
12.011581637797608,1575.767629572819,0.4583351578142445,5.389430239351869,2.9605767753565564,1.2610442445326142,0.6123009811878473,371.2446669757396,1.1947264499498467,51.71009950484294,0.4646877133152099,0.3703968995506121,27140.99999999992,20.782172036301144,0.19110844661938856,0.7569734665180003,248.660000000516,496.7295151956306,1141.7090595464267,941.5588992151949,43.402236252534045,1774.6565343930472,2549.219913275774,2113850.872753872,2415822.2395428554,1022467.2007590071,0.007593091132983167,0.0024598511177199678,9200945.673235288,69.93453571569506,0.09018770445538486,0.19683398789282935,0.20805838985033187,0.4861390303022417,False,0.0,True
12.22702107970921,1526.3142523037245,0.4132464774846719,6.238022889657963,3.3245892281079192,1.4461515220254848,0.8453451587639734,346.7499066495666,3.5123236467533197,69.38229076035596,0.48296036169474127,0.4041318256804318,27141.00000000011,21.27964553116472,0.18440217901125713,0.8376111821713763,248.660000000516,483.4814144366842,1191.7732240469434,960.5954886273863,51.92028369032413,1885.7759551822796,2547.330638599158,2281146.2743584225,2586745.753172817,1080759.0341391056,0.008533769421501261,0.0024347724592913844,9158737.891233262,77.48834072721924,0.08017987969110844,0.20661709052222874,0.1829553724474901,0.5303688277841366,False,0.0,True
12.45947542497635,1560.8893739750301,0.31092062340124016,9.446328801581293,3.128871298762642,1.4455863998888303,0.6653096900480489,360.55635823901173,3.350199009414253,55.92277987113427,0.48810336451361314,0.45561797626742306,27141.00000000005,22.671811741814903,0.19657892459575496,0.524051295797257,248.660000000516,515.5687171064639,1157.7530398539052,1020.5048158421483,84.15519844363237,1880.273305668446,2557.1881436443387,2472198.2803711724,2877235.9641070873,1249047.2145325677,0.009259335773949584,0.0031065917199245697,9179411.849647079,64.10661829419783,0.09283585581403564,0.2206717641090612,0.16504165896897802,0.5721132605343991,False,0.0,True
10.491775477700262,1560.8893739750301,0.31092062340124016,9.89546779272127,3.128871298762642,1.462369893854057,0.6585093888943003,360.55635823901173,2.85384640123738,54.96311856274939,0.4773103791890972,0.3730701501194291,27140.999999982196,21.86433619306557,0.19989590080641353,0.7334353869518128,248.660000000516,492.5471797123759,1123.5686609574175,942.3465872963596,76.03100136901763,1861.8922992157677,2551.665327486286,2381669.2244738396,2767778.340558663,1111399.9292281806,0.007839586111720375,0.0022859108326644074,9206070.367212253,61.14507783722772,0.0896750496575416,0.20086838798538056,0.19370993000825054,0.5090710229765407,False,0.0,True
11.834072234069136,1562.3343170374294,0.3171899343169194,9.751968211311798,3.2446579353183296,0.9055314376706296,0.6490216698167787,358.51042705754026,2.859945299461411,55.88621566210806,0.4387835453352979,0.3559434788166492,27141.000000008666,19.410804429649282,0.16736209063641136,1.4092178360224696,248.660000000516,508.67487470637826,1092.2363774055175,804.2514411500343,84.2804010772162,1928.5948463377872,2590.512674867524,2463549.6687605795,2768123.1449774248,888399.1855185679,0.008346132216266667,0.0013145297422990927,9260456.010045353,104.79968398867264,0.08403534512526668,0.16788924557870108,0.26117300308133246,0.3912934454220132,False,0.0,True
13.47213262320449,1578.6006852626094,0.45509362630235417,8.864218195426298,3.9658792120500417,1.5553451548324204,0.8016836379727622,377.12644373915083,0.5109515044344191,45.09841301474929,0.49595909020678025,0.6555075297072831,27140.999999988904,22.45908344100855,0.1545975102827397,1.2625144150281238,248.660000000516,492.4350165232381,1271.7104276173409,956.3621042619776,85.61625236807251,2105.0182398042202,2670.6441468727244,2322884.8005899317,2605032.1500912765,1027659.3913921998,0.015073730468397162,0.0027173993953809364,9181142.231953915,131.82206352094775,0.09515514864043227,0.1901197516017479,0.1893230649165069,0.5010498112634617,False,0.0,True
14.827405600949001,1223.3447318136039,0.08304875869522263,9.857220995265788,3.3712150171635638,1.227133497969461,0.28724634562115003,362.02036306923765,1.2284140131980876,29.29265746734638,0.5313406892079401,1.0976012797450856,27140.999999987114,19.454337909696463,0.19458299453377173,0.6211504897040516,248.660000000516,584.0333057655944,1126.352913682536,961.4938665534281,145.53586267826373,2248.412553458269,2866.5429795325467,3918341.9614286,4379990.248159316,1703620.6072230665,0.02874054824647963,0.0010494480870675957,8967737.200380366,64.57539950086692,0.006667276008334685,0.2586829738118692,0.09544941095849985,0.7304696913828077,False,0.0,True
24.634835858005097,1527.4764801405802,0.4132464774846719,6.1584086014083494,3.3245892281079192,1.547234400665481,0.8453451587639734,346.7499066495666,3.460284577968349,68.47012755776417,0.5225885900359781,0.8934597729564192,27140.99999998282,24.381852769218685,0.1629656155106493,0.2301891483734215,248.660000000516,575.2331383682993,1274.4749227357183,1223.5512172434508,95.19090684866984,1965.0132318383323,2617.367910936239,2690607.127896572,3053100.718404781,1661560.3936127769,0.018064000771182406,0.006185390926612418,9053793.822064506,110.97918556495881,0.09640357205699396,0.27091492489135527,0.08864918183435772,0.7534537508717961,False,0.0,True
14.625516945548059,1207.985158868443,0.40641477508185314,8.704753163303057,3.799563312630339,1.5675400917425988,0.8212276083065595,370.9090167132226,0.5768329646938506,29.25591938663935,0.5289296189866153,1.0035002097225934,27141.000000000022,17.59395180165011,0.17288915203225766,1.175079903151224,248.660000000516,508.8968043740608,1213.9333383110338,915.110074331371,120.43928798152284,2215.9460718128194,2786.777793995323,3205892.7526830174,3559413.2885665093,1354057.1037745448,0.0261724404231718,0.0010635587689091315,8927832.294343516,91.65194121290041,0.0019686471576200555,0.23904348914156165,0.11621787596119576,0.6728665501592599,False,0.0,True
14.625516945548059,1207.985158868443,0.40641477508185314,8.704753163303057,4.075717714450714,1.5675400917425988,0.8212276083065595,370.9090167132226,0.5768329646938506,29.25591938663935,0.5305831930914483,1.0296272258805108,27141.000000012333,17.583340702606094,0.16713268828964123,1.3309849618085745,248.660000000516,508.8968043740608,1256.3811164479978,919.0878367053114,124.37526831619532,2294.9979380429713,2805.9048638893723,3241877.509768182,3579618.4099452263,1346399.2013739701,0.0268728326874147,0.0010722798502209455,8931597.067176374,101.4948025632025,0.0019684432300215516,0.2394037706239018,0.11476420091054926,0.6759610971784732,False,0.0,True
12.244099323221635,1535.9561003307006,0.46543137865199363,6.172861784138726,3.3245892281079192,1.547308927523103,0.615770753333898,346.73101221468977,2.8085863085665195,69.2761533750589,0.4881355518382515,0.4706970493466094,27141.000000000022,21.461893237372806,0.18803285127542493,0.799955456587674,248.660000000516,498.0748216048281,1200.576710352712,985.9601948879705,55.4193343612178,1892.598475744674,2564.351850329996,2248713.317617588,2563982.1426942954,1172536.786595136,0.009995047493685287,0.002780141122631048,9156415.04006884,73.06731558909692,0.08583255738805069,0.20922810766957606,0.17617126318024923,0.5428864795710937,False,0.0,True
14.749014008979593,1599.1358574040446,0.432147612207352,6.172861784138726,3.4154800060797705,1.3766416887158694,0.8453451587639734,346.73101221468977,3.6375088309804084,62.465451409556444,0.4889572582957584,0.5485752382011361,27140.999999989588,22.633939644059204,0.16266217917118936,0.8966585065249034,248.660000000516,502.78897831418374,1201.2593784497658,967.7907133004601,68.49396254696137,1971.1855620919787,2606.042388391964,2281375.316964523,2553812.6413656287,1048446.3917938834,0.011979214360510314,0.00290966617950101,9187759.226762928,113.25274154140914,0.09843384231428991,0.19387268824916093,0.19097068652716734,0.5037703672613311,False,0.0,True
12.35713500535785,1310.8361509492786,0.484161143921961,8.687790910280532,2.5892758769364397,1.4051633997802015,0.6264074396443214,346.9003040469263,2.5436487722077614,50.247469619097544,0.4915868304403047,0.5760015417271834,27140.999999991247,17.542475533426096,0.1948952018759889,0.915407988235415,248.660000000516,496.0425848134417,978.804730547933,800.7252947202921,96.64580834827576,1831.5610461509725,2681.7226140826765,2546627.331887882,2920167.47579145,1099686.993733707,0.014657207663409198,0.0009760501806032476,9035728.924101057,64.75281127515588,0.02863047042829488,0.18549810037005784,0.19679978310473453,0.48521874796696085,False,0.0,True
13.51360199907304,1543.8082246718104,0.31092062340124016,11.194930842839034,3.119335061654102,1.4454474663457189,0.0715082894697372,355.08251794199924,3.3452382235705542,55.78431238384567,0.49963285428888726,0.6933637636688715,27141.000000024615,23.016493504537173,0.19636319005748268,0.45054359830522167,248.660000000516,569.3560580638558,1151.0210155179238,1048.206761572687,116.77374337846712,1959.3391101534844,2632.3366845957967,2721916.973287329,3192576.4150253716,1511883.309823261,0.015466875721750546,0.003351710188003363,9157012.748821868,64.16119721229558,0.09735805348561542,0.22783046216464814,0.14883093456626126,0.6048680967628134,False,0.0,True
20.886650370839337,1571.2097753439975,0.43621299728712476,4.7324843577088345,3.165613711574672,1.3582701139469744,0.9067695161405668,346.4265931650556,1.9586112069719706,62.664755850680066,0.5051578363718712,0.7415638130109714,27141.000000000065,23.557639738766106,0.16019508176752362,0.45154528916125286,248.660000000516,538.5034436299819,1199.3861592871835,1077.078538687237,81.64499347764212,1913.4333218212155,2623.9911470496354,2455512.231415369,2740173.6159241833,1337866.8133569825,0.0157550366526716,0.004371746796259224,9109431.001358893,117.55540234123283,0.09719137591768712,0.2259596295064712,0.1461443199691328,0.607248672917635,False,0.0,True
12.443723195625688,1544.109979559935,0.31092062340124016,10.687472760209012,3.119335061654102,1.4455863998888303,0.0715082894697372,352.0482922206544,3.350199009414253,55.92277987113427,0.496390119688993,0.680498591744569,27141.00000002262,22.60013722182128,0.19623804274828166,0.5697903914015204,248.660000000516,555.2175564900708,1130.0401580379278,1001.1471055104244,101.82174558730948,1964.7116304314363,2648.532782278609,2674907.6165866186,3110552.3962037666,1392862.4921090351,0.01564913901765555,0.0028202732608991906,9178366.446716469,64.43393564184888,0.09497499037321495,0.21423774199976026,0.16500725454789647,0.564905915569116,False,0.0,True
13.382021267307668,1536.9321040370346,0.45459123188042433,6.172861784138726,3.3208377063127963,1.667947508376841,0.8453451587639734,378.0121629217062,0.677883287171893,36.366818503223385,0.49635763644658754,0.6698983218659433,27141.00000000014,22.332780174154493,0.18765416520273717,0.617740011442198,248.660000000516,487.1630805651634,1218.0695265524403,1038.9442111945689,59.793616933366614,1928.593451247093,2621.398946434548,2216069.1174379867,2543210.271844096,1226385.9253745028,0.01477410873848295,0.003407601615280711,9118081.739769109,73.20280663965804,0.08631936667520404,0.2238528280213314,0.1550111639666493,0.5908527407071006,False,0.0,True
13.651668495538672,1599.1358574040446,0.432147612207352,6.172861784138726,3.4154800060797705,1.3766416887158694,0.8453451587639734,346.73101221468977,3.460284577968349,68.47012755776417,0.48284711178391143,0.4420412506529314,27140.999999999833,22.31499780197166,0.16783463960834147,0.9168477635274133,248.660000000516,493.405625945581,1205.9986300325343,962.6263605793723,59.074200249034554,1927.6086401274893,2567.0693016584987,2223176.693819751,2499376.2411937937,1025943.4419786176,0.009182986314382911,0.002814455269588225,9192392.872554425,103.15318767357604,0.09701731240756375,0.1944549022351914,0.19527349697001198,0.49894978819032687,False,0.0,True
13.651668495538672,1599.1358574040446,0.432147612207352,6.172861784138726,3.3290410404350146,1.3766416887158694,0.8453451587639734,346.73101221468977,3.460284577968349,68.47012755776417,0.4825137924303027,0.4272437822372607,27140.999999999978,22.31828740579157,0.16992630624436564,0.8689849540264815,248.660000000516,493.405625945581,1190.634086668063,961.2654102563695,58.43057041910235,1902.0062520300457,2562.495466351724,2214882.995819162,2495546.591250799,1026903.4323159363,0.008796164444056488,0.002799659049644997,9191505.02672857,99.38106688673794,0.09702044995449019,0.19435997896931256,0.19563108058781148,0.49837034518183265,False,0.0,True
14.94319633687326,1531.1396904625353,0.3484470192882737,9.871892268198353,2.4640523109894907,0.955739877762163,0.5714985141123747,346.7671272839369,2.8513654342050208,69.2476001046833,0.4639615168463785,0.38793006463362284,27141.000000000007,20.413677462300647,0.18097632191595114,0.6539620486222023,248.660000000516,543.9995406075558,968.5442122593323,838.7684396061857,108.79935766917258,1711.764135209608,2636.200839040236,2622211.491785554,3010645.577377871,1083256.7188608148,0.009024794650592515,0.001504015233628646,9192214.217685236,82.27231939393543,0.0811078318444938,0.17702038325066397,0.22850252414722472,0.43652375740386007,False,0.0,True
15.617013959580348,1530.9451773756043,0.3484470192882737,5.78010952786385,2.457798505186265,0.955739877762163,0.5717170836918752,350.3589414547462,2.9479229483748983,69.16834868739298,0.46684720131641294,0.4105192427866259,27140.999999999978,20.62449656828798,0.1946751992771216,0.3650309565497114,248.660000000516,550.606440727915,1043.3988004698326,956.1048555655468,55.391207218232374,1678.5835990075493,2560.4496359970817,2665016.7385915723,3019760.593171199,1159229.4336906332,0.008783495008394766,0.002358407760077038,9187577.861924343,66.06448072885802,0.081835606678571,0.21185948870089527,0.19114260373207187,0.5257031977721919,False,0.0,True
14.655854932021299,1481.2675086383515,0.3833284345895449,9.8911421520209,2.9766165546388326,1.2613724987496053,0.5520395439886017,362.3795599695327,1.2718220699936034,40.80703975561645,0.494405249131352,0.6559002979876315,27141.000000006512,20.90461736353477,0.1704291313993912,0.8893377517062908,248.660000000516,538.585116871525,1051.8465430690003,872.3664542316966,119.53458745019387,1974.8843512367991,2722.657826191843,2660801.7697716895,3014795.3358927863,1142363.2077667103,0.01615131968660556,0.0016504703010810152,9156625.460106133,98.13023421784808,0.07335893013765495,0.18300702846450775,0.19760792806401292,0.4808193302062066,False,0.0,True
12.99720096216804,1243.0194976042003,0.3075060676732441,9.844973896393057,3.3241613582394467,1.4663774946206358,0.6594908133080486,354.07735857595827,2.940734346902642,29.25305336751969,0.5202543129592662,0.9702627387950781,27141.000000000502,18.259824470852504,0.18799450158018496,0.9867081877951092,248.660000000516,522.3912520319344,1089.8153851962097,872.7407088983998,141.56644885873482,2221.7920449087565,2844.9995756716303,3246648.4723565704,3641666.490549477,1386517.5352686923,0.02533914155171915,0.0009947594419185528,8996670.736478815,71.83651599826375,0.011801354788638125,0.2210476186253812,0.14047052725455725,0.6114426651734155,False,0.0,True
13.06447954710344,1233.5783347415447,0.3896114123342438,9.844242419880409,3.3240854513596156,1.4152957004371005,0.6611918677695123,362.37395044785626,2.934078034496573,30.54615527709813,0.5124545541221138,0.9013623082239707,27141.000000000167,17.322583000760318,0.18380507585075387,1.1224386921277196,248.660000000516,511.70904756618955,1110.713650891385,858.0235665857093,110.90263505177161,2124.0024099867064,2755.421863119985,3066541.402974971,3448746.011840759,1258607.254318526,0.023502827990954493,0.0009610464165524447,8988615.250467656,76.79256374068922,0.00889436453064692,0.21749059320420844,0.14933374428839363,0.5929012090387669,False,0.0,True
12.217981452280462,1190.2642764365717,0.17839734518367295,14.517972595503386,4.754527383716622,1.4259137707769383,0.9333677049373144,374.5484961337786,2.1907521550243665,27.646226752538325,0.5261327913242146,1.1971566495069186,27141.00000000021,17.807929732444368,0.17773838395896505,1.436013841490007,248.660000000516,522.1259434024248,1344.0314741744648,953.2407912109994,141.45032948683777,2496.2465568268904,2835.6333932062207,3672521.4207127364,4110018.285171209,1505717.0508375838,0.03156304586543511,0.0009289827588324245,8992311.922226155,84.96235830707731,0.0,0.26404427652405266,0.093756020987646,0.7379655029924044,False,0.0,True
12.217981452280462,1190.2642764365717,0.19133925825758302,14.517972595503386,4.754527383716622,1.4259137707769383,0.9333677049373144,374.5484961337786,2.1907521550243665,27.646226752538325,0.5254711330662468,1.1839247499723287,27141.000000000036,17.72099477092601,0.17633819005810028,1.4739999371667705,248.660000000516,519.377473263316,1342.0319099160529,945.7798659868448,141.6350517488703,2493.7416832456634,2833.5532434190677,3640137.7232452845,4071783.386046566,1482753.3503430597,0.031208307844868076,0.0009245937941309412,8991954.2595893,86.99891359801813,0.0,0.2611974285450659,0.09701705354848693,0.7291649042733299,False,0.0,True
14.887607626965531,1223.6162928969522,0.29829799700003556,8.046925088350578,3.3568338185618916,1.2313437187918184,0.11097390231806481,362.1793469030691,1.3120322864120673,28.756419473622145,0.5252680227272746,1.0888488784584207,27140.999999987856,17.892787249834228,0.19061968020095016,0.807468489508568,248.660000000516,583.6035857677273,1155.3888585020231,948.2857119587508,120.79514201371447,2215.7517267083103,2838.850061807279,3582627.0095713986,3989599.433669436,1600951.0653698454,0.02843664285595847,0.0011158045542683046,8978243.5215085,68.76810357573876,0.006735061547092826,0.2501227663213769,0.10789961510541292,0.6986232685358618,False,0.0,True
12.217981452280462,1190.2642764365717,0.17824949691541003,14.517972595503386,4.75070970319856,1.43818958684144,0.9333677049373144,374.5484961337786,2.1907521550243665,27.693729062810192,0.5268140521528396,1.2013642722349454,27141.000000000226,17.852345227514917,0.17825469778018763,1.418162310830132,248.660000000516,522.1574702321234,1344.8985212473708,956.8221632532914,141.42887880922012,2494.5007998742976,2834.6279337136434,3675329.106438133,4115010.572229755,1514024.5038326792,0.03167266552864155,0.0009335621840873767,8990055.905341264,84.20508464069712,0.0,0.26515377306714794,0.09218119336537103,0.742031421426039,False,0.0,True
14.567601609350199,1483.3312250245688,0.1360211842427071,9.044638277447664,4.2308062306252365,1.668631233789262,0.6096147983345592,370.28596371760597,0.6293350423670134,36.29571321557383,0.5282678503099869,1.2206424095469255,27140.999999999978,24.29441301067608,0.1796547347373298,0.6380019172992133,248.660000000516,567.8876853097646,1335.9263228044715,1151.7794323127957,114.34440939034103,2340.321513072489,2818.120706673594,3236203.8424246777,3623917.8848986393,1642681.101696616,0.029286061828733227,0.0038433938087798535,9135847.339344695,83.58564703665267,0.08544858588209951,0.2598210145105384,0.09679964138463455,0.7285641204891722,False,0.0,True
13.986279216078971,1433.1600417157022,0.30854778694026286,10.776326003045163,3.9833169495537946,1.5811039374527223,0.31031171114259026,361.9464464144185,2.8593640653650296,29.25305336751969,0.5237375491056486,1.0733747012269699,27141.00000000005,21.88754473911389,0.17052158964147043,0.9741121162178796,248.660000000516,558.1115922289945,1241.6200987114003,1007.5211526380953,139.61689400355934,2384.208117209116,2861.0816126225,3079658.533642362,3456702.7667488046,1442850.4773197118,0.02675606498539804,0.0023763977806032077,9115683.09553484,97.53263954952062,0.06829428316180931,0.22431793288219676,0.13508806920947533,0.6241351885519736,False,0.0,True
13.06447954710344,1234.45086202779,0.3814181687175118,9.844242419880409,3.3240854513596156,1.4152957004371005,0.05213196313189089,362.3138885804972,2.934078034496573,30.54615527709813,0.5220322901920866,1.0721359911486013,27141.00000002326,17.608202926804555,0.199507230205009,0.8642149061784651,248.660000000516,564.9229354779505,1150.8286171122743,940.6977187203637,109.01191697458685,2178.4848855750065,2794.6691361086278,3291635.5226587043,3740069.503223786,1566825.6300384216,0.02792610853405948,0.001172734401729649,8980979.868302668,59.99936885364063,0.010061992949184962,0.24381584167523215,0.11639886310043629,0.6768625445956566,False,0.0,True
13.06447954710344,1560.9118802496644,0.37762670007593185,9.58031053283776,3.9658847853906236,1.4156781734060329,0.8216067247497074,361.7928975847266,3.5517402028730802,62.24755510947289,0.4878863853702003,0.48591133636319334,27141.00000000008,22.208668423201427,0.1682502290185843,0.9857500365104969,248.660000000516,499.64339887776356,1320.4356046600863,1026.6939603952458,89.33687630447511,2074.6806451602192,2561.464955912743,2406096.5296158427,2738128.219187198,1137226.404748912,0.009927379680574474,0.003260739899658996,9174670.09514451,102.19328070870415,0.0899113737576073,0.21895528898865296,0.1667977783796788,0.567604790500826,False,0.0,True
13.760334468264082,1300.8944796712735,0.4323452492842172,8.066086422715271,2.9605173028053136,1.2465914185431144,0.8559818228279112,346.9003040469263,3.449562039828374,49.76018764274606,0.49111854260864196,0.6036824627838904,27141.000000000196,17.488275662821806,0.1726549110522495,1.19505468958546,248.660000000516,493.2472957497831,1037.5311351793914,792.2539653522764,97.54040156033118,1936.7052141727142,2678.199168968947,2687111.693338681,3003443.476184462,1016441.3359618513,0.015466643656749407,0.0009179020656682812,9040034.816414844,93.18203093206999,0.025184376073001374,0.18561625276633195,0.197029721191298,0.48508612503233883,False,0.0,True
11.480202804455532,1523.7986068344858,0.21190597815067103,10.732466168809694,3.1023679573658334,1.4455863998888303,0.06523742643276437,346.9484927596533,3.318215093851797,55.92277987113427,0.4969131239761815,0.7346447413919356,27140.99999997844,22.64046017758033,0.19976987056569956,0.6017923994579625,248.660000000516,542.3439912086083,1093.6583666018446,961.9366671265922,96.63281235411388,1988.7712549313994,2693.533581701893,2789793.545734026,3218760.600685376,1354043.6362130526,0.017664067495779315,0.00227492543032337,9172288.786329597,61.03607979621735,0.08782621582439505,0.20845931276046195,0.17047292013299248,0.550122936675791,False,0.0,True
12.660813223081178,1544.109979559935,0.30615069401782524,10.687472760209012,3.119335061654102,1.4455863998888303,0.06523742643276437,352.0482922206544,0.8435886573958995,55.92277987113427,0.49966583244987584,0.7464689845534291,27141.00000000014,22.687745917278964,0.1857480755068956,0.7243031716472932,248.660000000516,558.5878702685675,1073.6276102950112,934.9071153482648,142.9367760473394,2065.9465559043892,2810.4395427558147,2751694.930001963,3150684.638378894,1388237.9996039234,0.018037635655203648,0.0022222790545610733,9185761.036679419,76.03981501842534,0.09552952038908821,0.19431879735125193,0.1824956641318531,0.515688268933289,False,0.0,True
14.75533996256392,1483.2410124403277,0.22955726997139142,9.8911421520209,2.9393031742604543,1.2610442445326142,0.5534854923200385,371.2446669757396,1.3131057479802868,40.885077733316294,0.49851892465809844,0.7419823752950241,27141.000000000065,22.26666659867393,0.19384799484112533,0.41435054214797445,248.660000000516,558.8108769948668,1102.4397492359096,1001.6331021211718,105.43020981277148,1914.561295068154,2669.4611513537993,2937197.333831257,3381932.964885574,1408651.1472371593,0.01766420590389708,0.0024739377439852153,9138440.906898241,66.5559743448072,0.07647543756517984,0.2272706248490377,0.1503403596484463,0.6018644429835224,False,0.0,True
14.754773240951502,1485.8721003452727,0.2317699673949546,9.8911421520209,3.191304736861037,1.2610442445326142,0.5534854923200385,360.9924234190769,1.3131057479802868,28.825453975480457,0.5037957099980661,0.8866737425425002,27141.000000011984,22.192529722815795,0.1737453564562573,0.7655950687361991,248.660000000516,558.5107434401974,1077.6212103316213,917.2938931315016,146.71695758083837,2176.466261397037,2837.57939565911,3007419.0971154645,3377494.45854664,1302841.5685371184,0.022201558389289347,0.0018636536570672752,9169287.989259029,92.74593225993416,0.07705699561325602,0.19829839451268075,0.1755461781874016,0.5304300476544997,False,0.0,True
14.849844049524211,1411.4612300083816,0.22955726997139142,9.8911421520209,3.2440869866093998,1.1689454952235994,0.5534854923200385,378.03902733621095,1.4083030739225753,46.07896699540391,0.49571360222340916,0.6895640617060996,27141.00000000222,20.90292458347609,0.19573621115569478,0.45588080298772576,248.660000000516,559.8309901883008,1194.6465687208174,1053.72936499908,106.00769909752647,1935.9884793977885,2616.316798150938,3078185.1012648754,3540547.351602805,1493464.5883546965,0.016297948387299647,0.00241750981146713,9088210.729922561,64.29300622258073,0.056734187236017225,0.2588539006481967,0.1207019227185314,0.6819916457930121,False,0.0,True
13.651668495538672,1590.6195273072117,0.432147612207352,9.721198967677104,3.3780315281210087,1.3216258079087433,0.8453451587639734,346.73101221468977,1.1686335067238383,68.77952930913445,0.48207837677353366,0.4788429336532503,27140.999999999833,21.90295717393934,0.14649047167185517,1.4857264698903123,248.660000000516,493.405625945581,1071.7608904957315,806.1759985872554,136.7243876807817,1988.588057046916,2720.4757016990375,2284631.1387693975,2546724.027668227,900791.1557401046,0.011501330372409633,0.0014949456898731553,9209423.474826708,155.41867007347304,0.09410968916285266,0.1509763601358921,0.23946686143226176,0.3866794242950851,False,0.0,True
15.617013959580348,1531.1396904625353,0.3484470192882737,5.78010952786385,2.457798505186265,0.955739877762163,0.5714985141123747,350.3589414547462,2.9434220424302135,69.16834868739298,0.4668449532329157,0.41065178859740253,27141.00000000011,20.627049968597078,0.19464747452813913,0.3652819666142889,248.660000000516,550.6258602389848,1043.336967173283,956.0105028332706,55.393850081573376,1678.6130320134112,2560.575792168864,2664810.0404814035,3019466.310394498,1159071.1651712712,0.008787119430700444,0.0023583807636217025,9187721.948976973,66.09375109093624,0.08188288452972461,0.2117955292544423,0.19120911096017748,0.5255411678179457,False,0.0,True
14.75533996256392,1483.2410124403277,0.22955726997139142,9.8911421520209,2.9393031742604543,1.1689454952235994,0.5534854923200385,369.83156052953285,1.3131057479802868,46.07896699540391,0.492653622918397,0.6595222633040022,27141.000000000007,21.83009582266208,0.19052161380525287,0.48019563346655886,248.660000000516,558.8108769948668,1094.6987938750376,976.3483867018538,105.5365369162557,1889.8632293533583,2652.770807241441,2952215.7778943353,3383809.616878745,1352625.8395855557,0.015645055944978104,0.002255037803355825,9150026.879887873,70.19214144702165,0.07476895101864096,0.22131338503048556,0.1608122864386276,0.5791638760610568,False,0.0,True
14.849844049524211,1440.4496455675328,0.23564512484853561,9.859451484512626,3.24549921898416,1.1689454952235994,0.542697381727337,378.03902733621095,1.4124564792781764,46.07896699540391,0.4937907814689123,0.6819435752606594,27141.00000000005,21.26882805138604,0.19361682364468263,0.4619250099659918,248.660000000516,559.6336600850648,1194.8233203142408,1055.3058224750541,105.66227418496293,1935.943780503242,2615.9110001730246,3013737.0451155026,3466630.004183671,1465390.1593297296,0.01588206861470343,0.0026265619614461617,9107057.96203038,66.56527098229029,0.06411695940738474,0.2536583723636347,0.12741078955287236,0.6656491726801333,False,0.0,True
24.94122018355878,1582.2230033228839,0.3677106443413893,5.808560107795875,3.150252429670399,1.27472515566141,0.7473568677902879,355.79739620803184,1.8748210516054982,46.28029930880922,0.5171089689953936,1.0368681549268604,27141.00000001597,24.68985318056014,0.15509828535490983,0.31647227551134866,248.660000000516,601.0886532447121,1202.4387954089018,1133.8931291815425,117.24033596153144,2034.056563464553,2720.587640278298,2871894.723243423,3195376.753685199,1507703.0671662935,0.022764432729460736,0.0053772058634257444,9143790.857794195,130.01820653883652,0.10887539889735769,0.2370075417170051,0.12667885482591137,0.6516810746014177,False,0.0,True
12.99720096216804,1558.4427851600747,0.3045800463471809,9.60943953354003,3.303451180331546,1.5587061360066896,0.5295835015519499,354.07735857595827,3.62086341698435,25.798350159983514,0.5045852237400529,0.9230355395620767,27140.999999999993,23.256151788910234,0.17686662257115265,0.8121877114581194,248.660000000516,531.6368433747873,1102.0489164752282,936.9524444502637,143.3871221862232,2250.861445170273,2874.9709586163867,2681100.1581319347,3031628.8640669696,1262685.6330052596,0.022732509966592488,0.0023195976126618315,9196623.727716876,88.18397007281072,0.09687294848346001,0.19121984440395776,0.18206815521226963,0.5122582151061604,False,0.0,True
21.960142073011376,1581.9807033576847,0.40608983504433227,4.7990837397946375,3.2015439417742027,1.4196964150695248,0.9610099158698182,355.461199345323,1.936297705675853,38.62636623731979,0.5116648212441326,0.9983772864269531,27140.99999998569,24.43371645582224,0.1599374907488864,0.3759744972154588,248.660000000516,545.6007262568858,1207.8248492320595,1111.8327928510314,94.77458181704611,2008.0652255134646,2689.76944174064,2525337.256327692,2817867.8451069845,1417779.43232523,0.02207043625591693,0.005026521674982715,9109917.157887595,118.13061644756847,0.10236647032767332,0.2327712867056516,0.13463877495955076,0.6335463042320311,False,0.0,True
22.426305481265956,1570.5685398785479,0.31600509734253623,5.2367410466371345,3.143615580691529,1.129839140462997,0.9183567444764618,340.15992099521145,1.9586112069719706,60.65488351845672,0.5060709894682026,0.9350057121208928,27140.999999999978,23.956122922759416,0.15539498256995968,0.4352165618732575,248.660000000516,578.2585155388995,1169.5039621812978,1059.4339203530317,108.16276726213054,2022.2676893369664,2725.4882133665424,2873450.8094040053,3164837.38407486,1382636.6317854985,0.021494985455802345,0.003882004576870785,9158918.357908718,129.48876488508043,0.09811186144653107,0.22331866829855934,0.14847043256153988,0.6006595346176974,False,0.0,True
24.88065938500497,1449.0701461745448,0.41180350517071646,5.459755785566997,3.234897949526589,1.409152886906445,0.5316258168847506,355.1265118877653,0.933849078884573,59.03464204966856,0.5238885304525631,1.091972202877924,27141.000000000022,22.771778919976427,0.17014643771581922,0.2374630496681687,248.660000000516,621.0420638520428,1253.8341140338305,1196.371502816286,112.49555925235967,2024.1924271676512,2717.351790064429,3055650.751694369,3427709.752017081,1895485.519565126,0.025207151208657446,0.004430066349652307,9022958.692810329,97.18053003483719,0.0788441738901664,0.2798058642844075,0.07886914472453739,0.7801097295781472,False,0.0,True
13.382021267307668,1526.0205581089813,0.45439167030398825,6.172861784138726,4.255079931832345,1.3436436775956426,0.8169268225970353,346.6106377618286,3.4195744193593574,68.47012755776417,0.48468518309675906,0.5997694409245993,27140.99999999439,20.87856413010965,0.1517318655811611,1.524638080664539,248.660000000516,490.155015436055,1346.214252575511,940.4304896676642,65.00664410209824,2167.6996789472614,2618.9649691461204,2319878.928936102,2562069.4863130096,1008831.9392960141,0.013961510484965769,0.0023168319111654162,9162810.831468027,139.15448379901213,0.0794132293507972,0.19601076697867895,0.19209967620508392,0.5050386311967173,False,0.0,True
11.385041400196709,1574.5572809415535,0.42678856271854176,8.872331685727273,3.8247960397195717,1.5553451548324204,0.7984206063309941,368.72555673531224,3.521511817122616,45.89112951697524,0.4827220253393058,0.565218607016599,27141.00000000977,21.96787535806012,0.1750999232075819,1.0678607305895866,248.660000000516,477.0753367476101,1281.6665972937571,983.8322382673477,70.93890072539536,2080.9566668676803,2608.5570908988266,2226872.098361226,2543399.642789879,1059087.7464561411,0.012468651168219397,0.0028719470448236384,9183728.651607405,90.75280420968231,0.09193010719124027,0.20490677717282343,0.18497154309372124,0.5255659689739522,False,0.0,True
14.65017890640807,1468.514076454651,0.21920461572044675,11.958116956140353,2.9475699581188435,1.153263346112467,0.49977520982406226,369.93328208933264,1.7079754104584204,46.12697672200958,0.4902294893962168,0.6141216455749982,27141.00000000046,21.674793456925013,0.19286302056724702,0.46132070989020607,248.660000000516,561.8375036950914,1090.6840473856778,976.4840903967255,134.67554265406574,1890.2760339355177,2632.579146640233,2995576.503941455,3483028.017993817,1434928.8019968336,0.014492679150609058,0.0021751964319422514,9122460.159777602,67.46273741515895,0.07118271195391071,0.22634212700324413,0.15753693758111761,0.5896183144249142,False,0.0,True
13.097066706591804,1560.9118802496644,0.37762670007593185,9.593298075240764,3.1201107738639458,1.4156781734060329,0.5394030200279692,362.31530649184214,3.5517402028730802,41.203123939173445,0.4907817437995254,0.6512817309228371,27140.999999999964,22.26147931550292,0.1818828889961062,0.7278860348335827,248.660000000516,524.0368038795336,1124.5715745199889,954.6379215290094,90.9748191750248,1980.531896276112,2654.646703066889,2461520.138756298,2829395.1871567126,1166166.8131750533,0.015157428782533023,0.0025190086764436776,9191166.474386983,81.03898215821977,0.09349779442845776,0.19751848167223973,0.18605481603760013,0.5149432529624514,False,0.0,True
14.655854932021299,1481.2675086383515,0.22955726997139142,9.8911421520209,2.9393031742604543,1.2613724987496053,0.5520395439886017,369.91302915224105,1.2718220699936034,40.80703975561645,0.4988979959767474,0.7558071258586768,27140.999999999876,22.19501172383283,0.19246734786615982,0.4462956091829631,248.660000000516,557.8112271002573,1094.1547217595546,987.1375244991713,104.7804198042209,1924.24223341298,2681.7584352475824,2942704.7677015355,3379899.309389674,1388625.5649771094,0.018166208165120202,0.002347153037810051,9142069.410214726,68.02557249648392,0.07584635620966829,0.22293736812808743,0.1544116617929985,0.5907988372852311,False,0.0,True
13.036855817524515,1562.7045688455796,0.32459133463549833,10.818171985525202,3.128634343745119,1.4155012973145251,0.10384192040485973,362.5741129514398,1.2591091720502452,43.8946860969134,0.4978697009664927,0.7501031429245025,27141.000000000065,22.788419674884526,0.1853497752478332,0.6809387826588951,248.660000000516,560.7675361498955,1103.3034943363687,963.2581849020952,112.96172710587587,2017.3617214769072,2729.522608495335,2696494.2687796107,3103582.0309606716,1339052.1231919276,0.01779388432471281,0.002564665077401164,9200572.251274109,76.65447716961388,0.09997525958019644,0.19907992547716422,0.17912610065503337,0.5263795701858492,False,0.0,True
18.447480872862805,1255.8721436109654,0.3171899343169194,9.751968211311798,3.2446579353183296,0.9012841925064824,0.09226234584675208,368.37577574900854,2.8595551854433876,61.76962781101813,0.4942664195427653,0.6920149790057883,27140.999999991072,17.713718792024952,0.19937658761405175,0.38518669442094317,248.660000000516,624.1222630058683,1244.7218396273138,1103.2169858650077,131.15464816784922,1954.7624604118782,2617.7451355560947,3757386.0381445256,4315521.534153219,1908337.776750517,0.017364391651280113,0.0014175868939098094,8940724.654036779,59.847928260971074,0.01622663295688525,0.3184862287992882,0.06167411975087885,0.8377681418220287,False,0.0,True
12.443723195625688,1583.2336914885575,0.31092062340124016,10.687472760209012,3.119335061654102,1.4455863998888303,0.12804665892685985,353.4727432341972,2.7024608475895815,48.184437943594126,0.4953139435772074,0.7419802199408145,27140.999999999876,23.071225429396986,0.18800071644869917,0.6725371724861766,248.660000000516,551.4396466877462,1100.7801644879692,962.4605343804667,103.83709522008526,2018.0965479331778,2707.22632529546,2637847.704983913,3040533.0822542156,1307497.512365283,0.017519969528985494,0.002618115620428059,9212481.408166582,73.55242373789434,0.10417678851726234,0.1971415641760344,0.18307692092933017,0.5184954753617603,False,0.0,True
17.460573698617075,1584.2939220792755,0.40809439457439944,5.652656294443239,3.215656616567855,1.3336419690947579,0.3708376966546527,375.34807606925904,0.9594690999565068,68.01542589389065,0.49470319067890106,0.7095776946193035,27141.000000006527,23.36662051102808,0.19398861003886778,0.2101066172840076,248.660000000516,581.9202379162281,1285.1830797391447,1245.3429026433766,59.69969906686018,1840.157082380269,2557.983171922778,2527178.649855143,2915706.731886917,1638411.5420081597,0.01223314874870272,0.007025499460964426,9143787.77633385,66.45020435205953,0.10737034241618791,0.27748587523807117,0.10264879856957324,0.7299672835908793,False,0.0,True
14.75533996256392,1483.2410124403277,0.22955726997139142,9.8911421520209,2.9393031742604543,1.1689454952235994,0.32976373322503844,369.83156052953285,1.3131057479802868,46.07896699540391,0.49437827881123364,0.7045725135681764,27141.00000001162,21.93094191470913,0.19321124150810987,0.4393259167779709,248.660000000516,571.1050347191951,1103.5046339573994,996.0523797905647,106.76501385718662,1901.5691186816587,2661.1498662339,2996306.6863262276,3442361.9082354577,1420582.046553488,0.016713235409876553,0.0024095671808855093,9141794.786685685,67.24084641162537,0.07625751153087985,0.22659665480886065,0.15412059140977047,0.59518358324838,False,0.0,True
12.352765295934638,1310.8361509492786,0.4904397117742134,8.066086422715271,2.66478882554936,1.2465914185431144,0.6264074396443214,346.9003040469263,2.5349545871152506,49.76018764274606,0.4799511659813152,0.5459923232611219,27141.000000000065,16.842636508548136,0.18419373927294164,1.1957071509185788,248.660000000516,495.28064021957687,980.794158724198,762.4623890436552,92.17308961059949,1853.7085494525625,2680.296879462074,2504558.875379936,2834085.2643447784,992872.2256092089,0.013969874862266614,0.0008489027833635304,9060079.721841678,76.91416022397816,0.027701424931962308,0.17306908769606594,0.2184779300932278,0.44201355094779693,False,0.0,True
10.065479125733386,1560.5288142543043,0.4638786831277592,9.044638277447664,4.320960841627227,1.5589405497162303,0.6096147983345592,346.237483149203,3.4368876975626037,68.39894120012139,0.4784650760954865,0.4976599180113174,27140.999999999993,20.960388009137823,0.16147413239241967,1.8203109941833167,248.660000000516,474.08896402793266,1301.4553851298892,891.5101868867566,67.61781740659494,2167.7554952738997,2608.7769410317264,2249302.270881284,2515795.6551164323,952656.3013697695,0.0115335382649942,0.0019734495697509616,9215674.704582078,116.12270244153814,0.0882542661129298,0.1775143519014645,0.21598443837771938,0.4511179101097608,False,0.0,True
14.943886965639557,1531.1396904625353,0.3484470192882737,5.886496182434369,2.4640523109894907,0.955739877762163,0.5714985141123747,347.4906804052925,2.9434220424302135,69.2476001046833,0.46411672634737333,0.416253102343224,27141.00000000852,20.397646632340127,0.19276238796918327,0.4538484332739728,248.660000000516,544.0064391788446,1029.0787923636133,921.435915516753,56.44377438293708,1689.3628573002816,2575.3164779186523,2624134.017424465,2967324.170816341,1104511.715084387,0.009231788059794377,0.0020657373909066115,9198487.849743279,68.13157405808306,0.08110480550956055,0.20153706508629085,0.20388793109399184,0.49710073869414845,False,0.0,True
14.836024711080908,1531.388031584888,0.3700894968188513,5.95447055236201,3.20828263313035,0.955739877762163,0.5666057142836587,350.3589414547462,2.9434220424302135,69.16834868739298,0.4652719545318706,0.46825442142802576,27141.000000001302,20.15273861030787,0.16899551393080403,0.91848608873185,248.660000000516,540.6432214627755,1172.9504060243448,930.9263450894163,58.6571632130723,1900.5882350776205,2583.3348886914473,2566393.0611493834,2854028.6191256437,1057958.9334562067,0.010549787151516596,0.0021591061004620593,9209647.145171702,101.2316555594981,0.08073465639988425,0.20115809469589538,0.20329301412176756,0.4973607200235979,False,0.0,True
14.857746101351143,1533.1840125260942,0.3484470192882737,5.46949721609369,3.230657935244789,0.9673912633402034,0.7953462819773404,362.4995934215352,0.7860428495426892,69.58382992986733,0.4652141082474679,0.4623167466528428,27140.999999999978,20.36380916946631,0.16462599583930404,0.9759795313008236,248.660000000516,523.8848603117872,1160.6084168527018,906.5648518478805,63.47490525028664,1868.5983918995753,2602.182001142044,2530321.1648930893,2796824.4706152715,1009378.5161937596,0.010585490527177532,0.001962248293727264,9206866.207273219,109.47512854582483,0.07931541469394503,0.19472423022208143,0.20980377420602758,0.4813615573966697,False,0.0,True
14.827405600949001,1321.6329902228413,0.08304875869522263,7.974918870531533,3.1740971019870425,1.0898048360191441,0.2875220670924758,347.40394994842836,3.556665630644518,48.96198882630134,0.5114768424787702,1.0400701724531436,27141.000000011838,20.311965543032475,0.19628168585171038,0.5133373050817881,248.660000000516,584.0293396141741,1125.8098179518038,982.4407919700748,101.08716414107694,2101.037659213981,2763.150850582185,3648167.7350353543,4067562.9091750756,1555597.6904489566,0.026737074440355446,0.0014914701102076362,9062364.453600777,63.57715098134966,0.03381475283425219,0.2504096813121794,0.11761849779651122,0.6804089891122856,False,0.0,True
21.960142073011376,1571.2097753439975,0.3159395461200982,4.769329704924875,3.2248162745348172,1.129839140462997,0.9228440996509134,341.2584835964241,1.9586112069719706,60.586153218801456,0.5038151277827173,0.9657701481546154,27141.00000000014,23.896009543236584,0.15771181846090152,0.42346069642909095,248.660000000516,574.69035383047,1199.0419791176116,1086.0992647275546,95.05601430911695,2021.093674339669,2703.781789619615,2846302.309034063,3132964.882875909,1409632.3171766764,0.02197997977695868,0.004231987814105864,9154879.264447529,123.81087137935715,0.097728534383548,0.23153673514663137,0.1418926128016135,0.620028223327324,False,0.0,True
21.960142073011376,1571.2097753439975,0.3159395461200982,4.769329704924875,3.143674844502728,1.129839140462997,0.9183567444764618,340.09339597307843,1.9586112069719706,60.505162009228805,0.5033110260458051,0.9639973608163614,27140.999999999905,23.904764444422206,0.15952534591730425,0.3908955624763968,248.660000000516,575.1455663220215,1183.1080291594376,1082.3025839002044,95.67105969578999,2005.1200499832694,2706.5826438479125,2843560.348619128,3134242.277081567,1420034.4946265677,0.021985595142985016,0.004178257226931759,9152849.24177842,119.60961732616451,0.0978035053555866,0.2309142901733828,0.14287605101995457,0.6177641975343229,False,0.0,True
10.788171163362358,1190.2642764365717,0.17839734518367295,14.517972595503386,4.750956124935772,1.4259137707769383,0.9333677049373144,374.5484961337786,2.1907521550243665,27.01801106334024,0.5160844158609079,1.155457009042618,27141.000000000022,17.251968274673548,0.18193560595549202,1.626588069785903,248.660000000516,504.5389630905409,1327.5684959965827,911.7762546404576,125.80777880989554,2485.7163238232306,2827.2491593086706,3550162.2252731873,3971309.222630221,1409868.7507630433,0.030501462083051715,0.000858796599374005,9019127.051994003,79.45299579843264,0.0,0.25215611080570716,0.1126768700263655,0.6911549230845743,False,0.0,True
28.302321703957432,1582.2230033228839,0.36883178483001045,5.808560107795875,3.150252429670399,1.2661980461161784,0.7473568677902879,370.2620118189866,1.8748210516054982,45.83938219960723,0.5154299326584509,1.1430677520511043,27141.000000000007,25.207341112085977,0.16047409051848713,0.09542732593333715,248.660000000516,621.3057832654418,1265.520976053936,1279.5570047585043,97.08025355380794,1972.7322728807376,2662.6819302332874,2917955.3519045203,3290233.1773559777,1731945.3345620064,0.022917789087560318,0.008106212770858712,9106238.632074447,116.90232127639335,0.1127017156767155,0.27920871735090025,0.08544209446326806,0.7656879082808387,False,0.0,True
11.14103205390971,1195.7745194623433,0.17646157148869715,14.357782678285957,4.750956124935772,1.4259137707769383,0.9568409395642378,374.08018377855774,2.1907521550243665,27.01801106334024,0.5184345811632669,1.1565546134237228,27141.00000000043,17.497145198912598,0.17998540098768184,1.5894366908531992,248.660000000516,508.65162894504624,1328.0096217807559,918.8094753132036,127.61445219933307,2492.304478038553,2833.361124098788,3567364.953614845,3986120.899124924,1418817.070590509,0.030499838785225098,0.0008902099777086543,9017961.716615431,82.05318140050711,0.0,0.2523836209193062,0.11081679453191962,0.6948880292599743,False,0.0,True
14.79866164714366,1410.746740758054,0.04046519125401171,9.888911662774063,3.974333318589421,1.1054502343018808,0.32763012154924287,362.02036306923765,3.177371115015453,29.25305336751969,0.5121602929130074,1.1052715656024976,27141.000000012813,21.857462700972384,0.17045912881554443,0.8888848091006513,248.660000000516,586.6736318062779,1227.2573762520565,993.6250869756825,134.0728919705067,2418.492208019495,2891.9362304613583,3566895.970016215,3941163.745042614,1445334.4286034335,0.028073560927860577,0.0019246146341709738,9140291.141934577,97.90347629561175,0.05811807995445308,0.23421836456451212,0.1336616333052518,0.63667056083715,False,0.0,True
24.88065938500497,1576.9219763372678,0.41180350517071646,5.459682888417394,3.223733601699455,1.5608128638022292,0.7712210800987298,355.43192909806453,0.8442232455221464,20.485519259059526,0.5213622550977357,1.2298513608961537,27140.99999999992,25.23230876061137,0.15985240507100187,0.2615289082303691,248.660000000516,587.4731593807059,1219.0257927293899,1171.03693150446,147.1534839389756,2183.4665673690783,2845.245553356744,2693982.3988795197,3024459.6149511593,1744418.1759363706,0.027157211275427143,0.006222184510655263,9087734.403777305,118.03124232748533,0.1126518211665789,0.2478652098599066,0.1125959441802519,0.6876336245438871,False,0.0,True
10.149232823792156,1485.9777492688745,0.3874355299946315,8.704753163303057,3.7966810074365043,1.5650111407447953,0.8212276083065595,371.62135180547546,0.5321447387554932,44.662517991203494,0.4839684740481209,0.6075361055263805,27141.000000000065,20.476380198112956,0.175583147167585,1.4280051041499389,248.660000000516,467.5316407480942,1198.656152131433,872.8373052134272,75.11571146589864,2067.150062856757,2669.079447970242,2409779.431363672,2705305.874357457,992089.9893633854,0.014883123781747241,0.0016060136583442932,9176009.627028195,89.92992892702968,0.07037627114780606,0.18526081953768322,0.20373492615406436,0.47625410197799367,False,0.0,True
11.385041400196709,1574.5572809415535,0.42678856271854176,8.872331685727273,3.799563312630339,1.5553451548324204,0.8016836379727622,368.72555673531224,0.5109515044344191,45.09841301474929,0.48625503798920117,0.6178118976983918,27141.000000009844,21.885334189054138,0.16017172138487368,1.4769480675922564,248.660000000516,476.790963353021,1187.1161653650418,872.8359438722174,92.44169071139964,2095.4906188596656,2697.438097631664,2299543.150741912,2570215.3559729224,943718.8595121233,0.014882913750755672,0.0018851189646824605,9210024.505834088,118.90555206339614,0.09184627649222862,0.17054919583641198,0.21667604051605038,0.44043925815096857,False,0.0,True
11.385041400196709,1574.5572809415535,0.4277480101871251,8.872331685727273,3.799563312630339,1.5553451548324204,0.8016836379727622,368.72555673531224,0.5109515044344191,45.09841301474929,0.4861963192111525,0.6169200313163293,27141.000000009786,21.878490408613082,0.16007515829736238,1.479985539245071,248.660000000516,476.64918337476166,1187.0002724172084,872.340941722363,92.45946970492714,2095.3510207670615,2697.333454625712,2297677.377833776,2568081.246142462,942621.8996355813,0.014861816077011036,0.0018820104929514968,9209883.593202833,119.11904366178375,0.09182468000416232,0.17039126310876712,0.21687814315847231,0.4399812129522743,False,0.0,True
14.13011563511606,1481.200283651926,0.32189269039398255,10.8041983734663,3.3772789336742943,1.1700074547441528,0.5557322917643689,369.833509080658,1.3471275456717786,43.8946860969134,0.4888102691450089,0.6321316263968026,27141.000000003034,20.825555185384896,0.16840342317890394,1.0032929411727511,248.660000000516,540.2232282873932,1139.4809597424862,906.6036496142949,114.19152440819063,2014.3509653205208,2672.156052975531,2755197.521470018,3116201.6627678713,1157079.6300189747,0.015350403287596895,0.0018062811844406456,9169523.571121285,101.85747414395983,0.0720454274334566,0.19653835677960285,0.18854710669248992,0.5103759435828354,False,0.0,True
14.722752803076137,1488.205924419765,0.40642131856220365,9.8911421520209,2.9393031742604543,1.2610442445326142,0.8004587504322537,371.2634810085629,1.3131057479802868,25.55629540511736,0.48930384856031445,0.6884894885118679,27140.99999999995,20.769904183075134,0.16406288324341023,0.98176243274027,248.660000000516,511.8100361257512,1038.3302886315707,839.8343232269089,114.04222806730819,1986.4955525105102,2736.5941156191943,2499277.5020392514,2828993.3823902495,1005282.2042268422,0.01719896307063249,0.0014873301370680813,9149949.220930956,109.92248606817309,0.07196779897797986,0.1733510293682574,0.21112115659178587,0.45088054662626,False,0.0,True
14.722752803076137,1483.2410124403277,0.22955726997139142,9.8911421520209,2.9393031742604543,1.2610442445326142,0.8356891427690026,371.2446669757396,1.3131057479802868,24.943003835578338,0.4984007137679335,0.8855596817586735,27141.000000000022,22.086624684199958,0.1841900166943008,0.5717925802447168,248.660000000516,542.9260574815485,1061.8801451367708,932.1772397470902,110.79083624381221,2025.4039032794942,2764.494323093382,2909232.696201373,3310411.0729598133,1268264.5854449617,0.022084116788020643,0.0019508585345915331,9162229.933114804,77.78606491244354,0.07449233356387715,0.20610041051560246,0.17178429257332428,0.5454055399196758,False,0.0,True
12.443723195625688,1583.2336914885575,0.31092062340124016,10.687472760209012,3.119335061654102,1.4455863998888303,0.12804665892685985,352.0482922206544,2.7024608475895815,48.184437943594126,0.4955812846685929,0.7557693580199863,27140.99999999989,23.06599051370073,0.18689989997249584,0.6926133079885357,248.660000000516,551.4396466877462,1094.679301412691,954.703785722578,108.65761541795486,2031.2104171775452,2722.5443746691353,2643730.409761828,3042201.6013243785,1302099.4227062128,0.017969194204479625,0.002543141941540739,9214056.734892083,74.87253752064103,0.1041733852864091,0.1948456366345187,0.1851788031383393,0.5127186997525176,False,0.0,True
16.349054732657976,1443.6341845560178,0.04970313163418788,9.820665982767315,3.1740971019870425,0.9707427964818666,0.2986582151604238,362.02036306923765,1.310396029612635,58.29948286515747,0.4975283997956697,0.7720151078416239,27141.000000000007,22.201941952562176,0.1866191175483825,0.42359512132617544,248.660000000516,604.1784513018545,1131.0818176815885,1020.0266284159295,116.3436731480031,1978.5434470932269,2697.4934513404346,3590480.3628254468,4041661.1047303127,1558000.2249556622,0.01871209646771701,0.00224116557421251,9125734.354468241,74.49005672666769,0.06660452713317877,0.24451163621137267,0.1339194874596024,0.6461192563642361,False,0.0,True
11.447393208756065,1544.109979559935,0.30615069401782524,10.687472760209012,3.119335061654102,1.4455863998888303,0.06523742643276437,352.0482922206544,0.8435886573958995,55.92277987113427,0.4928587358581649,0.7034323554252719,27141.000000000022,22.207460851462145,0.18861334089215676,0.8335312309026343,248.660000000516,541.6694149738406,1060.150658485307,902.82999162896,131.26880796597567,2046.413491816824,2793.850869548189,2668110.3540191203,3054049.5199205275,1298676.6873060693,0.017151240749559583,0.0019406168090377388,9197756.934433969,72.72162621533941,0.09272875298425086,0.18652465212351263,0.19555374904977676,0.4881842353577989,False,0.0,True
12.443723195625688,1595.7802074980218,0.31092062340124016,10.687472760209012,3.119335061654102,1.4455863998888303,0.12804665892685985,352.0482922206544,2.7024608475895815,48.184437943594126,0.4948479920289199,0.7535531811690778,27141.000000000036,23.232328499310846,0.1862966901632078,0.6918981061427805,248.660000000516,551.4396466877462,1094.5556417947905,955.7534445543898,108.66285091759634,2031.1139890195982,2722.4463534979905,2626425.8740017,3022596.191985718,1294652.2468041945,0.017849176945544363,0.002603009944565607,9221312.545522077,75.66171861878706,0.10729555093113471,0.19358995770041762,0.18702085723344283,0.5086296818288207,False,0.0,True
14.665652362838888,1483.2410124403277,0.14716306893553477,9.8911421520209,2.9393031742604543,1.1689454952235994,0.5534854923200385,370.3482103786502,1.3131057479802868,45.81094301292731,0.4943053278601202,0.7294030062154928,27141.000000011474,22.427542754764577,0.19918294909828965,0.3508533197192509,248.660000000516,569.0792235789131,1104.7533010518455,1018.7757793429863,104.44799382931612,1898.6102001186523,2657.3154854813606,3111158.8907264424,3575707.611674036,1466959.1850606473,0.017271719956370207,0.0025250070353328496,9144853.50961292,61.39304230226869,0.0760808879501539,0.23631952244960108,0.1446345771353652,0.6203359478400716,False,0.0,True
12.352765295934638,1310.8361509492786,0.4904397117742134,7.959699777819451,2.65853501974614,1.2465914185431144,0.6264074396443214,346.9003040469263,2.5349545871152506,49.68093381024453,0.4799115042800302,0.5470219888352611,27141.000000000036,16.843009965715773,0.1847551279933246,1.1831798591682794,248.660000000516,495.28064021957687,981.4660697363627,763.9652316936715,90.9647240715966,1850.9495602145423,2678.787259291803,2503116.9440784003,2832399.7527280934,994291.8792914562,0.013993289649587704,0.0008534341493901387,9059935.01252563,76.21394730055054,0.027701513839113373,0.17365004553245278,0.21792866793543766,0.44346140267579215,False,0.0,True
12.352765295934638,1436.534992658216,0.4904397117742134,10.787067377197712,2.66478882554936,1.2538364724500832,0.6261317188177656,361.516724037,2.5349545871152506,30.626175510486746,0.4732368269852802,0.5422718799020756,27140.999999999978,18.66569111945953,0.1725084498972391,1.2566574690664383,248.660000000516,495.30971296547403,956.2005905829948,751.3496038421998,111.8959470355438,1917.0387551418246,2711.6027240002663,2299704.640073174,2635386.9600608153,910870.1687295539,0.01373304875078189,0.0009847523416403325,9136100.766262019,94.41231345190795,0.058004600606264556,0.15278407572866584,0.24454268476761218,0.3845300415653656,False,0.0,True
14.943886965639557,1531.1396904625353,0.3484470192882737,5.78010952786385,2.457798505186265,0.955739877762163,0.5714985141123747,347.4906804052925,2.9434220424302135,69.16834868739298,0.4640053995949962,0.417895381961029,27141.00000000011,20.399394713012743,0.19353250145287004,0.44193804155153715,248.660000000516,544.0064391788446,1029.9314845345075,924.8162461378951,55.530907511169154,1686.8143301431503,2573.970485331772,2623931.9095649836,2966899.7585515096,1108545.4132067026,0.009250320001993207,0.002091778559811126,9197902.972787922,67.31718872768599,0.08110582772860142,0.20266947240728658,0.20284890972863856,0.4997787556258154,False,0.0,True
14.79866164714366,1438.266818340207,0.04079314325172709,9.857220995265788,3.974333318589421,1.088750740817701,0.32763012154924287,362.02036306923765,2.8593640653650296,29.25305336751969,0.5089096757601056,1.080821841182804,27140.999999987187,22.1471426890199,0.16810888055875922,0.9148369540963326,248.660000000516,586.6457175874416,1222.0709103388767,987.2448920833679,136.07474898741415,2417.2475179864737,2892.217610336169,3508809.120674244,3873409.5831791405,1411615.8775035078,0.02732767525576137,0.002006910335767269,9161013.579018032,102.29877548458492,0.06502714395822841,0.22815250882422927,0.1421357411158423,0.6161483894267616,False,0.0,True
14.79866164714366,1436.2113645048598,0.04079314325172709,9.910440908360277,3.974333318589421,1.1108993966081377,0.37219363623742585,362.02036306923765,2.8593640653650296,29.316320984868682,0.5102010076895916,1.089585835461892,27140.99999999992,22.210265674950186,0.16923068632860663,0.8938172395707839,248.660000000516,586.5609580974234,1223.7627499215603,993.3397014537911,135.87156475967987,2416.2234580598883,2891.067063098912,3518783.295448838,3887796.043251086,1428293.8125038035,0.027531899447981508,0.002040549712289611,9159277.693223186,100.25885855981629,0.06488804841191027,0.23005742822912817,0.13931927509722752,0.6228260368274101,False,0.0,True
14.79866164714366,1436.2113645048598,0.040798283952898695,9.910440908360277,3.974333318589421,1.1108993966081377,0.3259035129612929,362.07540076901626,2.8868393786950093,29.316320984868682,0.5106794580306874,1.0899960842982663,27141.000000013148,22.235402913086666,0.16896581190204935,0.8916961569469339,248.660000000516,586.6485662257375,1224.4370870257576,994.1624609605567,135.88074692560818,2415.9127809187266,2890.7107441099083,3515650.0579363587,3884438.2946453816,1427367.1047544186,0.027537519533104363,0.002046064190849212,9156259.127844842,100.69790457529727,0.06489742014774855,0.23006621547722372,0.13892655941846965,0.623497887031145,False,0.0,True
14.79866164714366,1443.6341845560178,0.04046519125401171,9.857220995265788,3.1740971019870425,1.0877154666750506,0.29865850047145254,362.02036306923765,1.310396029612635,29.25305336751969,0.5034214912805127,0.9791400905820103,27141.000000000022,22.301638566999664,0.18466491484186226,0.5714850757460583,248.660000000516,586.7258819844192,1081.4676668747616,950.2371184928812,141.01387411821437,2193.5857896710545,2853.9323268146936,3466302.6573372907,3881893.03308019,1470157.939901481,0.02477929322390335,0.001795547974583014,9141690.84047762,77.0144532556899,0.06644224186817485,0.2205533386046495,0.15361359866765364,0.5894517035965151,False,0.0,True
14.79866164714366,1443.6341845560178,0.05014449966920381,9.820665982767315,3.1740971019870425,1.0877154666750506,0.29865850047145254,362.02036306923765,1.310396029612635,29.25305336751969,0.5031885059156183,0.975167276377598,27140.999999999876,22.234008404848513,0.18415383285727174,0.5829788867755114,248.660000000516,585.9886011848465,1081.4267166086133,947.7901747611307,140.63170924548592,2192.2582993370984,2852.9316661757234,3449885.893645781,3862704.7577777365,1461075.2407192942,0.024681193887018088,0.0017858211611461792,9142729.673757847,77.66627366559192,0.06635672715266686,0.21958925951952246,0.15474445868790576,0.5866136253262717,False,0.0,True
12.32645550431621,1209.689423766889,0.3007199693952397,9.63029646724011,3.3687553637931207,1.2279272871041595,0.8212212419884551,370.5074482416274,3.604682102518212,25.26086282864918,0.4995904500898978,0.9691961312375731,27140.999999999935,16.647230106838148,0.1904952242854764,1.1400049003581587,248.660000000516,505.3959543978639,1128.6849807976268,848.3780683771292,89.07210391637078,2128.6924489597423,2758.2105807419807,3171651.085977882,3560106.286986875,1217279.6697548996,0.0254756871700769,0.0008292650278420086,9015107.124236582,69.18588353722406,0.0022691360697498606,0.22696992168573007,0.14945741605913962,0.6029581247883834,False,0.0,True
10.730305778264999,1192.2764798241064,0.18108293151764984,14.517972595503386,4.750956124935772,1.4259137707769383,0.9342393549549288,374.5484961337786,3.222860787828884,27.01801106334024,0.5142861916012436,1.2051709593219841,27141.00000000005,17.26540825996265,0.18464671145336567,1.556112643206448,248.660000000516,503.2433691982039,1346.8610414482068,928.04862882846,125.1699511293016,2499.6595744518218,2834.035130421225,3516877.0853815703,3948022.5816006325,1430671.7242172668,0.0318207431426516,0.0008888018643064392,9013638.42070078,75.9581322998084,0.0,0.25891773410464886,0.10715667564174526,0.707281708885414,False,0.0,True
24.88065938500497,1577.4705511577588,0.41180156257603934,5.459755785566997,3.3307005600171657,1.4076049541485236,0.3713967502695277,345.54570402535467,0.9763002600045811,66.22936740700692,0.5173703203501699,1.2219340364221514,27140.999999999964,24.68430724816122,0.1654978323319559,0.23706659057270416,248.660000000516,643.3448448881853,1273.1487506077199,1236.3067905400337,123.9429621460174,2103.989508275252,2771.282840744615,2937201.4134672564,3293657.7928907676,1934405.615644426,0.02585986496291435,0.007304646719619216,9128091.309846723,106.83213881922401,0.12090665151501495,0.26672566445353046,0.0966164335123659,0.7340896250303636,False,0.0,True
10.194277571197805,1183.1653284772965,0.1749741292088273,14.515666179918878,4.721239651787431,1.4211674794902425,0.9340616273609562,374.98077973512875,2.1907521550243665,22.86078948246298,0.5119289611358446,1.1414036906997653,27140.999999999978,16.859635430074526,0.18353879456972946,1.7527567626956007,248.660000000516,497.36730898124597,1304.1046288712553,882.6529563833789,119.23278246413845,2513.968934616109,2861.1139000572234,3532037.749259891,3944354.126513057,1364415.348338745,0.030192791818672828,0.0007860457506094811,9032789.61666617,77.50632532627985,0.0,0.24434630079625574,0.12348755465357876,0.6642844240028903,False,0.0,True
27.49839318834183,1238.3688917500035,0.2753236866264426,4.527699028134214,3.249098019831627,0.9098994573801404,0.8469666027389158,358.30574115228984,2.199688930713584,34.733747495724295,0.5211348468145514,1.3290032684047732,27141.00000001597,19.068845366892585,0.1677063169135647,0.29260957721009495,248.660000000516,629.8761761080943,1241.0220591169038,1128.2026297196658,108.59570784983906,2129.736249499519,2780.4521611584537,4103835.472716867,4463995.0745198075,1877053.3042239957,0.034838467685230044,0.001232010022565129,8915196.922120336,100.2724331890721,0.01122164772837351,0.31868616325516835,0.04185549094195888,0.8839094166937108,False,0.0,True
27.49839318834183,1238.3688917500035,0.2753236866264426,4.527699028134214,3.249098019831627,0.9075835528025381,0.8470052935832124,358.1311640796464,2.212257365909092,34.733747495724295,0.5209663635655988,1.3285211650655173,27140.999999984044,19.05658104191525,0.1675813494096252,0.2947043570532376,248.660000000516,629.8722571936241,1240.5027189618559,1127.0980367492236,108.85946250968753,2130.8323665113826,2781.568570420473,4106227.87018147,4465953.283819873,1875087.031874692,0.034820823887585575,0.001236569053436427,8915713.958991878,100.50275204563049,0.011221461535494841,0.3183650987294322,0.042293091058204904,0.8827335902642113,False,0.0,True
24.62200829212402,1447.0563430089614,0.16055470853057296,5.4250634068064905,3.234897949526589,1.1299186402392167,0.5316258168847506,341.24721133373674,0.957443567453898,59.03464204966856,0.5201519225955424,1.2596203953781842,27141.00000000059,24.243691269719484,0.1763646934347799,0.10636846462055691,248.660000000516,661.4632172298398,1230.898373576388,1222.0643844251858,132.01786990958044,2184.4934770007917,2844.5176940706915,3732807.87836539,4124925.905642083,2127255.013566984,0.030250208186311862,0.003937148964648174,9044474.424531894,87.46761175395086,0.07778295232225393,0.2947121809828837,0.0668700858061699,0.815062595851301,False,0.0,True
14.943886965639557,1531.1396904625353,0.3484470192882737,5.1243253711228895,2.4640523109894907,0.955739877762163,0.5714985141123747,347.4906804052925,2.9434220424302135,69.2476001046833,0.4632505135416078,0.42879048682906284,27140.999999994507,20.41323682752032,0.19742402914015122,0.38320314483980417,248.660000000516,544.0064391788446,1045.8566834499336,951.9492134387709,49.8314155288822,1680.8985034739208,2563.355516859274,2622332.690836784,2961795.1070000418,1142198.9751134561,0.009327434819010319,0.0023103677840149205,9193173.840933379,63.38176320394317,0.08111317994881986,0.21167608073912608,0.19447237911551696,0.52117908021831,False,0.0,True
22.724088966374822,1587.847916469216,0.4131156757886441,5.622058361768779,3.746616121201797,1.4424790270066132,0.36306613430606965,362.40787290212995,3.8296562413541424,20.426180244317358,0.5205619632438764,1.3962789901898842,27140.99999999989,24.556972939465854,0.15942617353545896,0.4402038407511757,248.660000000516,627.8669817582484,1337.7140690425663,1227.7925668168948,128.30749217855887,2357.5851920734476,2897.3261877353816,2914595.773643506,3242870.8714429094,1747725.7688093865,0.030628433109732338,0.007267974963011156,9163125.610902816,119.96751125395942,0.12123277926975123,0.25899773723707264,0.10229393998857166,0.7168660491321418,False,0.0,True
11.447393208756065,1531.2333026503711,0.3509250993989127,10.687472760209012,3.1329643950005344,1.441168947769702,0.5546081073061173,347.2980274773791,0.530447924454398,67.37506733661128,0.485452946079721,0.6183474815990277,27140.999999999833,21.54669591919409,0.17705566490444138,1.0817149950308946,248.660000000516,506.6764233146421,1026.400062437048,833.6825768694049,146.2998919758403,2048.1720798329998,2810.9471034960416,2509287.8752630684,2850166.4773177267,1157805.8435216746,0.015307975408961404,0.0014745935891177062,9186587.20981722,87.80587991408933,0.08432137409722061,0.16984056712029205,0.21798900262471657,0.437925780728786,False,0.0,True
24.88065938500497,1577.4705511577588,0.41180350517071646,5.459755785566997,3.223733601699455,1.4076049541485236,0.3713967502695277,355.43192909806453,0.933849078884573,20.426180244317358,0.5173969839423235,1.30083449874749,27141.00000000014,24.682949814906504,0.1657340354194157,0.23282932138372034,248.660000000516,643.3446464330417,1241.3088395022298,1207.8133734559522,145.44567429385083,2244.780052464084,2891.802082811881,2935230.46402697,3290030.8389589624,1931659.3708308223,0.028512029917041267,0.006793919213464537,9128444.385274934,106.38013468603295,0.12090574002738673,0.2590606423660829,0.10426413600630573,0.7130277310747011,False,0.0,True
11.585908434897757,1214.2423770117273,0.2494573051952426,12.005707121938674,3.7955027760289206,1.149806695769646,0.8692727172948711,370.8793769857645,0.5321447387554932,45.39239608097604,0.49224909375976533,0.7159275786828954,27141.000000000095,16.423750800929838,0.17652540071733056,1.6599459699642776,248.660000000516,503.48394448513807,1140.9380026441456,795.4438394129296,109.33699444329008,2119.625668948164,2728.0723368437607,3230756.486856454,3599488.3789800657,1157350.7502724444,0.018731064462510074,0.0006999259505224575,9057592.053917645,87.35545203400041,0.0033859375594703866,0.208374704727761,0.1738924517591552,0.5451022961081748,False,0.0,True
14.827405600949001,1443.6341845560178,0.08304875869522263,9.857220995265788,3.1740971019870425,1.0970498899046777,0.28724634562115003,362.02036306923765,3.556665630644518,29.82797180795486,0.5021802850190215,1.047794168568373,27141.000000000007,22.085343494615124,0.18680295964015012,0.5405103422669117,248.660000000516,584.0333057655944,1106.8749057499322,974.4183238143695,118.31244229687968,2172.9033316084806,2815.1350742603013,3386711.595459805,3812046.062134302,1455105.9026089255,0.026468516747096063,0.0019696647820181532,9137929.778407507,74.36959817956256,0.06630701759651068,0.22709595542857985,0.14791669580364353,0.6055687846326886,False,0.0,True
14.79866164714366,1446.7509111070717,0.18487413442853057,9.857220995265788,3.974333318589421,1.0383752463700584,0.39301434451887113,362.02036306923765,2.8593640653650296,31.34787191921159,0.4980290646833881,0.9763345119795813,27141.00000000008,20.930830821489185,0.15780463630141975,1.2406665620607702,248.660000000516,572.2405203948986,1212.1668943658458,921.9228390393199,131.92946973873364,2382.1368976931294,2861.2746812074606,3195432.4389068885,3521775.1940147392,1234638.5717492616,0.02478977708983089,0.001708917899807003,9184060.987745026,123.98648844598873,0.06471663635916536,0.2057889825805872,0.17247309397571423,0.5440381030371599,False,0.0,True
22.23285985412737,1596.5308817627867,0.4131156757886441,5.622058361768779,3.1193433814355354,1.445470495885656,0.36306613430606965,352.1124572834194,3.843010672234568,20.426180244317358,0.5145623436303854,1.258881230725737,27140.999999999978,24.69211103681067,0.17166255478474612,0.25226553907149557,248.660000000516,623.9560894509816,1211.1985180537602,1173.1955649949948,134.7600695982742,2212.501438119288,2890.974923211373,2785249.7067100196,3140160.863869042,1803725.8412645953,0.02783396601131622,0.006333329471810979,9151289.481110638,95.97418999764241,0.12288839265244664,0.24669316425607737,0.11873792623927285,0.6750743729048317,False,0.0,True
16.94704351299107,1596.5121460984046,0.03951608740344412,9.732686158864267,3.219109186984423,1.1057107848039374,0.37379445778689596,355.4130347062897,3.224531536291291,60.549773233507636,0.4964570363320702,0.8675162062062085,27140.99999999992,25.331766851967654,0.18897590319752008,0.21520957953724898,248.660000000516,611.5502107658855,1188.07065834228,1153.3205798501417,118.08220857844945,1997.4279574386787,2642.8756098154863,3308027.140962885,3776529.472512744,1645837.7361163204,0.018685986152896808,0.0048592711997458285,9183026.961295092,72.18807273176483,0.1096809495942174,0.25597330284085773,0.12341599659977336,0.6746982669734306,False,0.0,True
14.79866164714366,1439.7351563172056,0.04046519125401171,9.857220995265788,3.974333318589421,1.088750740817701,0.32763012154924287,362.02036306923765,3.1549323133097293,29.25305336751969,0.5086916177127049,1.0902364008012393,27141.000000000022,22.171644740027684,0.16850313420270552,0.9039819458690986,248.660000000516,586.6736318062779,1225.4102132729752,991.3110411880901,134.02135823392226,2418.459465662626,2892.1225031003046,3505641.8648198545,3871773.4822951807,1413226.5592777273,0.02755107955237085,0.002039026601775606,9161238.843040487,101.58489426502402,0.06541215234805615,0.22921062768998607,0.1412347770539548,0.6187433418115174,False,0.0,True
22.831691729519292,1512.557937449252,0.4131156757886441,5.622058361768779,3.2455780074163854,1.1612665260003638,0.36306613430606965,363.5774838359697,3.8751443367026837,21.574913696108993,0.5121529916221123,1.2094183850708935,27140.999999999935,22.37916879003998,0.16088743247202617,0.4640700569436717,248.660000000516,628.7157532801797,1227.2450232309423,1107.1776713835484,119.66815631455813,2206.3231858030813,2858.0871828101726,3021439.758449359,3348902.4550628066,1566371.0335542522,0.028624453932445608,0.004200370456763432,9138677.606835915,116.4168570863074,0.09179437922748479,0.24126330736983143,0.12595255207687825,0.6570067745258795,False,0.0,True
14.846751347579964,1481.835851705932,0.3703848833663071,5.950216052668425,3.183958709032736,1.1764186488880735,0.5569402125437787,369.83714174062305,1.3100778543407927,46.07896699540391,0.4879556600947252,0.6729321659369323,27141.000000000022,20.719653491822044,0.1817207093003075,0.6729867977235509,248.660000000516,541.5946502808225,1185.2088678527987,994.7424149377551,61.93032998671725,1924.1150085643933,2628.5734883582913,2647808.9826587224,2971434.8961084764,1227600.2062938306,0.015744675016221732,0.0025193768994725644,9152465.81668401,80.91400957532575,0.07244735281344133,0.22295240992045356,0.1626355251896906,0.5782141753391912,False,0.0,True
11.38067169078164,1233.0931712163704,0.412077484288132,7.708347107581206,3.8659411961275936,1.2485485026829815,0.42140280814642006,370.152616988706,0.5468977263293439,45.15389002018104,0.4943195819876368,0.8000861551834587,27141.00000000011,16.061771106821375,0.17922851977957815,1.6822740507477245,248.660000000516,510.84423824173007,1225.7676140165697,844.1476306256494,78.61265132564932,2137.3717681262797,2713.648357707921,2940897.987475652,3256482.2820143066,1162599.1555915298,0.020811366163080654,0.0009037721747536861,9043849.795018023,83.33565698288194,0.008437818897216795,0.21494044048511746,0.16542326208190028,0.5650918818870375,False,0.0,True
14.663346375695689,1596.5308817627867,0.4131156757886441,9.58856655207793,3.1218982681604004,1.476882748096078,0.34210945888590155,370.3968978703731,3.8220823645737427,20.426180244317358,0.5003763592868148,1.014731368625843,27141.000000000036,23.197827800027767,0.1774920410283108,0.6342166877827285,248.660000000516,556.2450262096968,1136.4014707816762,999.3517260320804,110.58896828657562,2137.509714587072,2815.3632698554015,2508808.80892128,2887292.968889934,1294540.714650888,0.024276333846988202,0.0032644902288858422,9204851.891249482,87.33313119181678,0.10904513197802168,0.2008736052227017,0.17533495035419075,0.5339421505570879,False,0.0,True
11.468908189677906,1574.5572809415535,0.40641477508185314,8.704753163303057,3.799563312630339,1.5553451548324204,0.8137438748295008,371.44376192947607,0.5109515044344191,44.057454776542635,0.4875253831135815,0.6338027817421316,27140.999999999978,22.067934813209074,0.163934077355949,1.3474168213165632,248.660000000516,479.69293256115355,1204.4618993644683,899.2680429051371,85.19519566162127,2085.403823787722,2685.71511909183,2329940.6914983345,2610319.4392960914,978182.0544868279,0.015122754274658414,0.0020792870246047626,9209147.317430234,110.89464501482509,0.09229705775970887,0.178535633126625,0.20771072410605995,0.46223253574679135,False,0.0,True
14.79866164714366,1439.7351563172056,0.04046519125401171,8.592668764348815,4.107410853583072,1.1193148660382564,0.3262594313836342,361.5665080103876,3.238946156285876,29.07606940701359,0.5117148160650627,1.144711061805753,27140.999999999993,22.31982036430317,0.16936514670136477,0.8815359032890338,248.660000000516,586.6761040803909,1269.4194203752209,1026.073080962407,123.3680923572299,2448.351225144754,2898.021639151024,3511493.1962223034,3860289.266611575,1437814.876305637,0.028793862003266578,0.0022747409252033553,9160214.285017442,100.03048678622613,0.06597162402831167,0.23818838843188533,0.13008264278070794,0.6467747073333753,False,0.0,True
11.385041400196709,1569.5913054295468,0.2295506998059278,8.704753163303057,3.799563312630339,1.5553451548324204,0.8369140303095112,368.70674270248895,0.5109515044344191,44.70975928476638,0.4955496140338409,0.8148172457713175,27140.999999999978,23.133213351138263,0.18041875145889058,0.9660282179469366,248.660000000516,506.20811767814394,1213.3359649841645,975.2284559486221,87.54121040560285,2125.971808895572,2719.718163205626,2669264.136249162,2995749.600391588,1182032.1690007541,0.019503034942432038,0.0026119199250472717,9228927.830993943,83.36909892982183,0.09536540727584654,0.20376000220163898,0.17669110040564753,0.535574744836438,False,0.0,True
12.99720096216804,1575.089207346785,0.3075060676732441,9.435776366883013,3.1294095122427557,1.4454127784886606,0.6594908133080486,354.10368392338546,2.940734346902642,29.274156522949447,0.4957440418585545,0.8443836727012088,27140.999999999964,22.989958074600565,0.17472238201155607,0.8457863874258541,248.660000000516,522.3912520319344,1061.9364850072184,895.9699940187019,132.4421608153627,2152.499115301382,2822.004494503383,2593793.0443360694,2930394.388341987,1151492.826478058,0.02090043821965666,0.002016979041126821,9214711.549799593,91.65053328120916,0.0972482311895697,0.17982150196124472,0.20017986109360109,0.47321278143755235,False,0.0,True
14.79866164714366,1439.7351563172056,0.04046519125401171,9.857220995265788,3.974333318589421,1.1054502343018808,0.32763012154924287,362.02036306923765,3.238946156285876,29.25305336751969,0.5098880474403855,1.0991183920029322,27140.999999999978,22.25930405844826,0.1692045825695991,0.8839485444309246,248.660000000516,586.6736318062779,1228.1240650551033,997.7431204807125,133.36992181252907,2418.2755802458496,2891.617665418501,3507564.2403065455,3876329.134900436,1424520.1302734911,0.0277472692607711,0.0020839030165804616,9158692.593745446,100.29885997758606,0.06572082570672115,0.23077496027570774,0.13879567779540433,0.6244407333877603,False,0.0,True
20.81194704406286,1563.0992925816668,0.27106637936141315,5.390409253820825,4.014086933549348,1.1314580889499735,0.8365068444335384,356.1342340287563,1.9586112069719706,27.626853200404106,0.5105985556637699,1.140498390122889,27140.99999999995,23.88204220397559,0.14520094261992186,0.79267025277697,248.660000000516,586.2874677136315,1312.6626696616959,1084.7986023798758,125.74828501783671,2394.76582322342,2878.7343435599782,3025123.482456079,3290279.8010497782,1383927.9240434486,0.026903669811075594,0.004050596995249671,9188565.516714972,159.23490972516709,0.0975339022318126,0.22897627697794992,0.13979560393293153,0.6209157715939981,False,0.0,True
14.79866164714366,1410.746740758054,0.04046519125401171,10.238166804626607,3.974333318589421,1.0982738299240795,0.5513518806454193,362.02036306923765,3.177371115015453,29.25305336751969,0.509126558043338,1.0985957427930308,27141.000000013002,21.70291198848692,0.17129509598868548,0.9107226700786024,248.660000000516,586.2697874086922,1220.7620167136085,985.1862793491734,135.5880887386649,2421.3425731027965,2893.7494604050125,3581412.9468099982,3961346.3447204838,1446279.7220467078,0.027943205309262125,0.0018737817458978057,9155044.606158968,96.63279749354086,0.05796250179175804,0.2331176819263969,0.13713437052365585,0.6296188782311871,False,0.0,True
