opr,T4,split,cr,far,p_ratio,IC_ratio,phi_sc,m_wiebe,phi_cd,eta_th,specific_nox,thrust,bpr,bore,bpr piston,m0,T_in_piston,T_out_piston,T35,P max (bar),T max,T_max_twozone,piston_shaft_power,piston_indicated_power,piston_heatloss,m_nox_pe,m_nox_burner,core_power,core_power_per_litre,cooling_ratio,piston_fuelflow,burner_fuelflow,piston_fuelsplit,error,constraint_violation,is_feasible
12.294919459067504,1569.6935552242426,0.22495606673997026,10.36228575825845,3.2244104082838434,1.1607296782673306,0.9033795205622538,365.8943589337829,0.5129164716402154,57.028694817243434,0.4727666112293748,0.5292771119731096,27141.000000000022,21.788576262565304,0.17273068809336029,1.0525825482829338,248.660000000516,514.6112607536514,1067.1349408325773,849.9657242363955,103.44860952964083,1939.2086060219697,2688.9878629624527,2643261.7524421755,2976046.6555706183,1023345.6524753356,0.012782137625029336,0.0015829724710328438,9253377.190695325,95.25562548362785,0.08950466221545846,0.17539719326801945,0.223355967507393,0.4398640826493848,False,0.0,True
18.838085614968467,1348.9464444065748,0.4948758538318526,6.24296847756434,2.7431987052870648,1.188390392150203,0.7501724132979928,356.5580261948554,0.7561824728499275,50.510974436614376,0.49950677727964066,0.6443747570217394,27141.000000011038,18.493850109537757,0.16357482502991902,0.813802183151509,248.660000000516,534.2898718905177,1050.8131516226385,864.9925084533505,108.01821533105037,1867.890867951199,2689.0840244690853,2685925.5575209865,2991412.807811328,1160193.7206745185,0.01609306151244998,0.001395913767884162,9013336.013503555,109.25342116034471,0.038878596860620646,0.19740578458519437,0.17863861272380682,0.5249533991141561,False,0.0,True
12.36385258694077,1502.1986693281074,0.3720679606847676,10.495726024118289,2.728674724894612,1.5855718597063424,0.638355320741173,346.205555528986,0.8037020438039403,72.8323158538596,0.4961431723961682,0.5870312542366202,27141.00000000008,21.901638481390872,0.19319218857543072,0.6283213877261643,248.660000000516,508.4569758369848,1000.1098349901953,880.1865228926675,134.4026775604019,1863.5491787199596,2753.8376000423095,2468115.5427179546,2871590.5824051197,1262281.7448695325,0.014195786327021422,0.001736828944214732,9134186.072937349,67.20476148268791,0.0797513069410872,0.18618094756879122,0.19307410436442904,0.4909122412997525,False,0.0,True
16.17283895261302,1439.9470406358564,0.37223657653886605,6.435363709990211,2.6423364104619456,1.1188427157697733,0.14251833776584466,350.16660793658673,0.6198254811122966,26.655222142054438,0.4941159083744332,0.9276615495606646,27141.00000000024,20.35038309270668,0.19099845855670908,0.48019920423266005,248.660000000516,594.2516998181707,1045.6631599371915,941.5513306651293,118.99029839032146,2079.6142146939947,2856.3294030958573,2942445.2685915246,3314155.8929791814,1538419.1167589528,0.02321575708846212,0.0019619050281641038,9115562.744719608,69.40532221265403,0.06669006653748173,0.21274159992123137,0.1679252096537001,0.5588656393731504,False,0.0,True
10.275350251154336,1250.0343774224177,0.469240945928367,7.773309208134473,4.3392328864478,1.0922099441101483,0.34195283630245243,331.56781766704773,3.725468663658692,61.95845742180885,0.46612161571297583,0.7691635627957866,27140.99999999119,14.797657629477925,0.15432464501952967,3.1391510458349314,248.660000000516,499.6953285233878,1227.0698892870648,728.0823522283262,99.62990355603655,2376.4112036383044,2814.0443674781595,2588447.5992992157,2827500.6365068667,963339.2334874859,0.020224964773537604,0.0006509034842960636,9104147.978902988,131.41118303008483,0.012188165423669782,0.16884925047115965,0.2344847115877843,0.41863385272397097,False,0.0,True
10.387339157405941,1407.3013197639345,0.10581405800002952,6.921013253094488,3.474719477841015,0.9586987996287885,0.5741176054920131,331.7382859924648,3.151874916064779,61.98550160125587,0.45639579658781143,0.8519207119529834,27141.00000000011,18.464811865115795,0.18971077952832974,1.2758148278772459,248.660000000516,518.7146981642106,1113.1918105527318,827.6476027099096,80.72479046831114,2147.2611313746756,2769.120057149428,3047916.908997607,3358778.762452694,1151371.6956296037,0.022056598164174306,0.0010653818789417072,9208888.152462749,71.55336284653956,0.05015782535946092,0.1995826412881251,0.21327590627154452,0.48341651751628034,False,0.0,True
18.34044009405148,1432.194696065295,5.718740867244332e-05,7.325658298950238,2.440267672451339,1.0015724542456776,0.1862602113776709,347.6448581634438,2.2854536340380145,52.32900404020142,0.0,999.0,0.0,0.0,0.0,0.0,0.0,0.0,0.0,0.0,0.0,0.0,0.0,0.0,0.0,0.0,0.0,0.0,0.0,0.0,0.0,0.0,0.0,0.0,0,0.0,False
18.383890288065896,1411.1317002380556,0.10222612486575872,13.6592918003004,2.0821627795937783,1.6375142611962425,0.41730480236712697,364.69518627566015,1.131741223678552,31.886089345092728,0.0,999.0,0.0,0.0,0.0,0.0,0.0,0.0,0.0,0.0,0.0,0.0,0.0,0.0,0.0,0.0,0.0,0.0,0.0,0.0,0.0,0.0,0.0,0.0,0,0.0,False
29.777221778129896,1448.8993926279036,0.1402219960322026,12.682072612966374,2.3096780197329263,1.3926828787934957,0.9085955030930956,343.4891318698944,1.7949890236385693,27.80171432709666,0.0,999.0,0.0,0.0,0.0,0.0,0.0,0.0,0.0,0.0,0.0,0.0,0.0,0.0,0.0,0.0,0.0,0.0,0.0,0.0,0.0,0.0,0.0,0.0,0,0.0,False
12.046688576556516,1248.433592691741,0.34720007886387255,8.55597196479593,2.1498603768382614,1.489486046507063,0.6637946452197888,361.1911289646647,4.75067640195866,55.19330243011957,0.0,999.0,0.0,0.0,0.0,0.0,0.0,0.0,0.0,0.0,0.0,0.0,0.0,0.0,0.0,0.0,0.0,0.0,0.0,0.0,0.0,0.0,0.0,0.0,0,0.0,False
28.06803830575767,1082.4848224877426,0.06963817362537927,12.881304175804761,3.193030510956601,1.081889616828626,0.9275085803960339,347.82126877964055,3.8786544641127,63.55987912102709,0.0,999.0,0.0,0.0,0.0,0.0,0.0,0.0,0.0,0.0,0.0,0.0,0.0,0.0,0.0,0.0,0.0,0.0,0.0,0.0,0.0,0.0,0.0,0.0,0,0.0,False
27.666121824116196,1374.2033242333653,0.3754712170136686,7.837881761756268,2.809783675295078,1.8854748400156738,0.4280911898712949,397.1872037718708,3.4854867401830165,57.30174321254731,0.0,999.0,0.0,0.0,0.0,0.0,0.0,0.0,0.0,0.0,0.0,0.0,0.0,0.0,0.0,0.0,0.0,0.0,0.0,0.0,0.0,0.0,0.0,0.0,0,0.0,False
16.532898035441924,1316.2348613545655,0.44297104965538725,7.929967360027497,4.725605452759398,1.585696127370983,0.015821242846556283,394.3549786995009,3.609036128826158,79.83937102708883,0.0,999.0,0.0,0.0,0.0,0.0,0.0,0.0,0.0,0.0,0.0,0.0,0.0,0.0,0.0,0.0,0.0,0.0,0.0,0.0,0.0,0.0,0.0,0.0,0,0.0,False
13.446810166906571,1082.2814497773265,0.4662977315185818,11.664999776388902,2.1980005181661877,1.731009357862713,0.7538761884612464,393.84196284371865,3.701861413828123,27.45625771832988,0.0,999.0,0.0,0.0,0.0,0.0,0.0,0.0,0.0,0.0,0.0,0.0,0.0,0.0,0.0,0.0,0.0,0.0,0.0,0.0,0.0,0.0,0.0,0.0,0,0.0,False
10.397602676795913,1015.7265921266315,0.014153244010397303,6.708321743633505,4.580083846048664,1.4927141707758182,0.5528219786857659,387.3624713887684,1.0587799180396003,36.751020740668366,0.0,999.0,0.0,0.0,0.0,0.0,0.0,0.0,0.0,0.0,0.0,0.0,0.0,0.0,0.0,0.0,0.0,0.0,0.0,0.0,0.0,0.0,0.0,0.0,0,0.0,False
21.124804679808378,1081.873135396411,0.02995884475610583,5.334778013148111,2.1336556356342853,1.0182435420167022,0.2257093386078547,377.0391184306141,3.018726419243641,20.753358809546953,0.0,999.0,0.0,0.0,0.0,0.0,0.0,0.0,0.0,0.0,0.0,0.0,0.0,0.0,0.0,0.0,0.0,0.0,0.0,0.0,0.0,0.0,0.0,0.0,0,0.0,False
11.439485593789735,1580.365798000163,0.28405023095997106,6.2362255812708955,2.75697723371097,1.7182084394826023,0.1954294811093188,366.5087141818606,4.8650899508974055,70.80972808940211,0.0,999.0,0.0,0.0,0.0,0.0,0.0,0.0,0.0,0.0,0.0,0.0,0.0,0.0,0.0,0.0,0.0,0.0,0.0,0.0,0.0,0.0,0.0,0.0,0,0.0,False
22.59435014043129,1126.1044059489038,0.37637777686940693,4.731901294895264,2.7809452957356227,1.78523002011768,0.19343428262332774,371.15687047039523,2.8610163910568014,75.48847822396104,0.0,999.0,0.0,0.0,0.0,0.0,0.0,0.0,0.0,0.0,0.0,0.0,0.0,0.0,0.0,0.0,0.0,0.0,0.0,0.0,0.0,0.0,0.0,0.0,0,0.0,False
15.26593540974222,1039.5766544104142,0.36753298164433473,12.493958324975715,4.723447557510572,1.925169276116521,0.013951572975597015,338.74896688971364,3.2755026065074593,76.94097924125698,0.0,999.0,0.0,0.0,0.0,0.0,0.0,0.0,0.0,0.0,0.0,0.0,0.0,0.0,0.0,0.0,0.0,0.0,0.0,0.0,0.0,0.0,0.0,0.0,0,0.0,False
17.897512258471096,1577.957517064427,0.08697783334023218,5.38962471383601,2.405237474140194,1.4562283822445865,0.021524805274197978,395.8376168974145,4.222019620268297,20.901138844527342,0.0,999.0,0.0,0.0,0.0,0.0,0.0,0.0,0.0,0.0,0.0,0.0,0.0,0.0,0.0,0.0,0.0,0.0,0.0,0.0,0.0,0.0,0.0,0.0,0,0.0,False
13.523925111501105,1199.2381446201023,0.06549842240545845,12.904397613392403,3.0342099580498805,1.9341182305667042,0.58201417994708,390.3065587529475,4.301305004264998,74.32353912251895,0.0,999.0,0.0,0.0,0.0,0.0,0.0,0.0,0.0,0.0,0.0,0.0,0.0,0.0,0.0,0.0,0.0,0.0,0.0,0.0,0.0,0.0,0.0,0.0,0,0.0,False
19.197605316336137,1327.808089612224,0.3993017955760197,7.1429073690756235,3.470760567859783,1.5590213384104663,0.015533275550835723,367.478512655731,2.4515435704525625,68.44163173309049,0.0,999.0,0.0,0.0,0.0,0.0,0.0,0.0,0.0,0.0,0.0,0.0,0.0,0.0,0.0,0.0,0.0,0.0,0.0,0.0,0.0,0.0,0.0,0.0,0,0.0,False
10.00804049782715,1586.0554894186357,0.18829015737288723,14.711618921941549,3.8141483029221592,1.8117303887787624,0.5747115047081023,370.246095864588,1.7850932676306228,55.210000439364975,0.0,999.0,0.0,0.0,0.0,0.0,0.0,0.0,0.0,0.0,0.0,0.0,0.0,0.0,0.0,0.0,0.0,0.0,0.0,0.0,0.0,0.0,0.0,0.0,0,0.0,False
18.02959166939081,1190.430367574966,0.3109596839601507,8.732719979033908,4.921406233781757,1.6455809805777424,0.19856988842711087,354.13608074784264,2.0450580789849035,67.858328237514,0.0,999.0,0.0,0.0,0.0,0.0,0.0,0.0,0.0,0.0,0.0,0.0,0.0,0.0,0.0,0.0,0.0,0.0,0.0,0.0,0.0,0.0,0.0,0.0,0,0.0,False
27.599965771268636,1542.305173495823,0.3313599061876311,6.972290882327336,2.757100104513769,1.8403877369671426,0.5277146463087466,384.17288672036784,3.0761983273622286,63.98855151725067,0.0,999.0,0.0,0.0,0.0,0.0,0.0,0.0,0.0,0.0,0.0,0.0,0.0,0.0,0.0,0.0,0.0,0.0,0.0,0.0,0.0,0.0,0.0,0.0,0,0.0,False
28.326111069367016,1545.781314970934,0.1285591468910981,5.219804308184321,2.5788881960573384,1.4495425877467747,0.7285856679745962,336.6555550727033,1.6161510126975382,71.10031249618203,0.0,999.0,0.0,0.0,0.0,0.0,0.0,0.0,0.0,0.0,0.0,0.0,0.0,0.0,0.0,0.0,0.0,0.0,0.0,0.0,0.0,0.0,0.0,0.0,0,0.0,False
18.316974365350546,1370.0110402931418,0.11683306961962503,5.121639853683772,3.5475710509055896,1.4248550857547606,0.15267164409316325,369.74449853923323,2.9480455346627217,59.24824081824466,0.0,999.0,0.0,0.0,0.0,0.0,0.0,0.0,0.0,0.0,0.0,0.0,0.0,0.0,0.0,0.0,0.0,0.0,0.0,0.0,0.0,0.0,0.0,0.0,0,0.0,False
12.890910802493195,1450.9166902811462,0.11102456989996135,9.712870068026362,4.355888084664857,0.9245634707909868,0.3243624597261865,389.8337901120089,4.301193234209313,52.30643555567262,0.0,999.0,0.0,0.0,0.0,0.0,0.0,0.0,0.0,0.0,0.0,0.0,0.0,0.0,0.0,0.0,0.0,0.0,0.0,0.0,0.0,0.0,0.0,0.0,0,0.0,False
17.114103419677622,1015.731140377824,0.08019758975982455,12.202009119782456,2.0911990697863665,1.3031974069681187,0.8623462528380441,375.4142174005883,3.6092396392977584,31.318208057318653,0.0,999.0,0.0,0.0,0.0,0.0,0.0,0.0,0.0,0.0,0.0,0.0,0.0,0.0,0.0,0.0,0.0,0.0,0.0,0.0,0.0,0.0,0.0,0.0,0,0.0,False
14.239203292873519,1479.162546856126,0.14866569075363611,4.30366613149954,3.780297348393863,1.8282244718243077,0.3810161240622142,379.98866485809145,2.800136652337077,52.45710829773132,0.0,999.0,0.0,0.0,0.0,0.0,0.0,0.0,0.0,0.0,0.0,0.0,0.0,0.0,0.0,0.0,0.0,0.0,0.0,0.0,0.0,0.0,0.0,0.0,0,0.0,False
29.188686421235047,1482.376534899188,0.01616153331178699,11.803259763544247,3.3950044446905183,1.9423038355346098,0.2214327343234883,341.3657615747493,0.866632841947679,45.71712971982719,0.0,999.0,0.0,0.0,0.0,0.0,0.0,0.0,0.0,0.0,0.0,0.0,0.0,0.0,0.0,0.0,0.0,0.0,0.0,0.0,0.0,0.0,0.0,0.0,0,0.0,False
12.868460973404899,1047.032139912969,0.009166321456503645,4.733974974032921,3.3757514411252956,1.0246761150443495,0.027783348848669953,380.3889185112374,2.2768271620728773,64.8163097364515,0.0,999.0,0.0,0.0,0.0,0.0,0.0,0.0,0.0,0.0,0.0,0.0,0.0,0.0,0.0,0.0,0.0,0.0,0.0,0.0,0.0,0.0,0.0,0.0,0,0.0,False
22.370271338241707,1006.2185568011391,0.2693136412881735,4.03319752281556,4.853581356470613,1.895942237073056,0.7959669419422694,393.221945593183,1.1550120402127868,29.463804192231997,0.0,999.0,0.0,0.0,0.0,0.0,0.0,0.0,0.0,0.0,0.0,0.0,0.0,0.0,0.0,0.0,0.0,0.0,0.0,0.0,0.0,0.0,0.0,0.0,0,0.0,False
20.345351970022598,1549.8435118323387,0.213237394250698,6.72135640262624,3.1138812838371632,1.925047228300195,0.9368683813090937,387.5463958852571,4.640929314375472,33.67401739707901,0.0,999.0,0.0,0.0,0.0,0.0,0.0,0.0,0.0,0.0,0.0,0.0,0.0,0.0,0.0,0.0,0.0,0.0,0.0,0.0,0.0,0.0,0.0,0.0,0,0.0,False
10.458302626447635,1311.4493933271938,0.40499435533120814,4.13864143732864,4.017409533961201,1.655489049322691,0.44924675358663757,393.18309493935476,3.399624881406468,20.31439025908795,0.0,999.0,0.0,0.0,0.0,0.0,0.0,0.0,0.0,0.0,0.0,0.0,0.0,0.0,0.0,0.0,0.0,0.0,0.0,0.0,0.0,0.0,0.0,0.0,0,0.0,False
23.491280475268212,1479.8659221384319,0.04026476356419295,6.548725415343712,2.622876985411443,1.9090669193897938,0.7113145181364867,364.31076888411314,1.870330945642791,70.0912428579079,0.0,999.0,0.0,0.0,0.0,0.0,0.0,0.0,0.0,0.0,0.0,0.0,0.0,0.0,0.0,0.0,0.0,0.0,0.0,0.0,0.0,0.0,0.0,0.0,0,0.0,False
18.7061191525904,1554.073729071265,0.3530259021679666,9.258344387618116,2.378630311248076,1.9736479055145226,0.15983365034409336,336.208170017573,2.4403178982216693,44.25211434650883,0.0,999.0,0.0,0.0,0.0,0.0,0.0,0.0,0.0,0.0,0.0,0.0,0.0,0.0,0.0,0.0,0.0,0.0,0.0,0.0,0.0,0.0,0.0,0.0,0,0.0,False
20.558079568162533,1444.046525895443,0.07496574245862797,10.061958916056689,2.649851624986338,1.7351156542488593,0.7229151935562137,334.12392274216666,4.37884950950183,21.186505970980654,0.0,999.0,0.0,0.0,0.0,0.0,0.0,0.0,0.0,0.0,0.0,0.0,0.0,0.0,0.0,0.0,0.0,0.0,0.0,0.0,0.0,0.0,0.0,0.0,0,0.0,False
10.062257156503842,1464.9379880347587,0.4482083012284235,6.632472781812551,2.362301552927689,1.1423123865731004,0.3020967312900983,390.64228068510675,2.9442489360714252,37.20269897638583,0.0,999.0,0.0,0.0,0.0,0.0,0.0,0.0,0.0,0.0,0.0,0.0,0.0,0.0,0.0,0.0,0.0,0.0,0.0,0.0,0.0,0.0,0.0,0.0,0,0.0,False
29.78680112333276,1046.6287421994318,0.1610647568073848,14.407676350024419,2.026817307113735,1.8050030059641293,0.8612116383667944,355.1864651366858,1.6508533721266905,68.16137117799792,0.0,999.0,0.0,0.0,0.0,0.0,0.0,0.0,0.0,0.0,0.0,0.0,0.0,0.0,0.0,0.0,0.0,0.0,0.0,0.0,0.0,0.0,0.0,0.0,0,0.0,False
19.557240088644424,1080.6031651934177,0.4639244964125054,13.855669637073133,3.474635450050806,1.8423727461695716,0.41857802576409864,374.6771920133041,2.290957877335651,50.34452104704862,0.0,999.0,0.0,0.0,0.0,0.0,0.0,0.0,0.0,0.0,0.0,0.0,0.0,0.0,0.0,0.0,0.0,0.0,0.0,0.0,0.0,0.0,0.0,0.0,0,0.0,False
13.791034056678546,1578.9933544665482,0.14710784412212735,5.138055117280414,2.4329462006871445,0.9155015236116872,0.7159456994623945,365.1598656192699,4.075602580331385,50.424795397048186,0.0,999.0,0.0,0.0,0.0,0.0,0.0,0.0,0.0,0.0,0.0,0.0,0.0,0.0,0.0,0.0,0.0,0.0,0.0,0.0,0.0,0.0,0.0,0.0,0,0.0,False
18.658770174683262,1214.506700398265,0.16513846826254047,11.671057631744533,2.8059503717186796,1.7891058150759183,0.2952887943998478,363.5297106868286,2.695646713123411,71.32138475572219,0.0,999.0,0.0,0.0,0.0,0.0,0.0,0.0,0.0,0.0,0.0,0.0,0.0,0.0,0.0,0.0,0.0,0.0,0.0,0.0,0.0,0.0,0.0,0.0,0,0.0,False
27.767728687907717,1110.63066542066,0.2926742294691255,13.880255506188508,3.338351657103289,1.914055136032197,0.2789908904569709,368.70649393550366,3.5710416939506695,33.69234400102904,0.0,999.0,0.0,0.0,0.0,0.0,0.0,0.0,0.0,0.0,0.0,0.0,0.0,0.0,0.0,0.0,0.0,0.0,0.0,0.0,0.0,0.0,0.0,0.0,0,0.0,False
22.271773890056714,1388.9876536978747,0.08497035710862888,5.643914788327487,3.5425251305776486,1.8628659989899932,0.18395344154722204,357.0271294966608,2.4301955031345632,49.83735115517098,0.0,999.0,0.0,0.0,0.0,0.0,0.0,0.0,0.0,0.0,0.0,0.0,0.0,0.0,0.0,0.0,0.0,0.0,0.0,0.0,0.0,0.0,0.0,0.0,0,0.0,False
27.193019071384022,1402.959028543834,0.3167370063112105,5.372264300760971,3.411763638496657,1.9852300575455697,0.9482991740726651,371.6068512208355,1.1827619196438812,58.3476109231943,0.0,999.0,0.0,0.0,0.0,0.0,0.0,0.0,0.0,0.0,0.0,0.0,0.0,0.0,0.0,0.0,0.0,0.0,0.0,0.0,0.0,0.0,0.0,0.0,0,0.0,False
21.313242250878552,1281.1995025967512,0.21401873473413507,10.591967312238332,4.549909665547896,1.7262331444091312,0.579360540297233,393.9763345228822,0.7913299254869699,79.48079052390855,0.0,999.0,0.0,0.0,0.0,0.0,0.0,0.0,0.0,0.0,0.0,0.0,0.0,0.0,0.0,0.0,0.0,0.0,0.0,0.0,0.0,0.0,0.0,0.0,0,0.0,False
14.91037360373015,1546.611543794181,0.021767131878882684,14.458287708671024,3.669220747012776,1.3139995383557963,0.9950523223391111,324.6690116918105,2.8251786189542547,21.865824527332872,0.0,999.0,0.0,0.0,0.0,0.0,0.0,0.0,0.0,0.0,0.0,0.0,0.0,0.0,0.0,0.0,0.0,0.0,0.0,0.0,0.0,0.0,0.0,0.0,0,0.0,False
21.42351478372467,1108.2811053970693,0.31547960016976523,14.790160433256396,4.6247076536371425,1.3970198743629578,0.7084608700517172,382.19750000025516,2.7267938788215362,51.712009410653906,0.0,999.0,0.0,0.0,0.0,0.0,0.0,0.0,0.0,0.0,0.0,0.0,0.0,0.0,0.0,0.0,0.0,0.0,0.0,0.0,0.0,0.0,0.0,0.0,0,0.0,False
11.4402407033954,1250.8816802351894,0.012876741203291686,7.202693346076709,3.5105285295451893,1.9625263715216947,0.10938291419358459,373.84328433732975,2.7496956699463997,66.62589375654699,0.0,999.0,0.0,0.0,0.0,0.0,0.0,0.0,0.0,0.0,0.0,0.0,0.0,0.0,0.0,0.0,0.0,0.0,0.0,0.0,0.0,0.0,0.0,0.0,0,0.0,False
12.872139957484185,1049.9215818615253,0.1996093026762269,12.766584771778902,2.57502721672967,1.7445549113620014,0.2902979970618682,337.3513190089436,0.5752201508465289,43.919543595342724,0.0,999.0,0.0,0.0,0.0,0.0,0.0,0.0,0.0,0.0,0.0,0.0,0.0,0.0,0.0,0.0,0.0,0.0,0.0,0.0,0.0,0.0,0.0,0.0,0,0.0,False
17.621629825869046,1395.6069617172188,0.03545920023519361,5.678643857464991,2.0497276487028024,1.0251759920921475,0.6517892760100904,352.2125481739935,1.9446184137529214,53.47471965462635,0.0,999.0,0.0,0.0,0.0,0.0,0.0,0.0,0.0,0.0,0.0,0.0,0.0,0.0,0.0,0.0,0.0,0.0,0.0,0.0,0.0,0.0,0.0,0.0,0,0.0,False
26.250146083493433,1170.2811009681245,0.26392339805897974,7.733583964193704,3.664001932363,1.971843815804303,0.3117029177189814,373.5037284738296,1.9668524328904364,66.46863596090478,0.0,999.0,0.0,0.0,0.0,0.0,0.0,0.0,0.0,0.0,0.0,0.0,0.0,0.0,0.0,0.0,0.0,0.0,0.0,0.0,0.0,0.0,0.0,0.0,0,0.0,False
20.241220550478374,1370.4766072102937,0.21617779738217202,13.324705150611814,3.362177168177454,0.916943871771113,0.8730681484470995,372.4961238195279,4.203513682918119,77.1065415820311,0.0,999.0,0.0,0.0,0.0,0.0,0.0,0.0,0.0,0.0,0.0,0.0,0.0,0.0,0.0,0.0,0.0,0.0,0.0,0.0,0.0,0.0,0.0,0.0,0,0.0,False
14.716292742950275,1564.4967779208396,0.34210902549161376,4.714027438730422,4.611274570469199,1.6715183240966809,0.6049268729742817,378.5899919343465,1.6404756912490135,56.02933731647266,0.0,999.0,0.0,0.0,0.0,0.0,0.0,0.0,0.0,0.0,0.0,0.0,0.0,0.0,0.0,0.0,0.0,0.0,0.0,0.0,0.0,0.0,0.0,0.0,0,0.0,False
26.292383625233107,1032.4681961944,0.06525533566963299,13.26690390952055,3.8550376079836566,1.4844165915291638,0.2482907289970986,343.60628601995967,4.427087742137578,45.299956090982555,0.0,999.0,0.0,0.0,0.0,0.0,0.0,0.0,0.0,0.0,0.0,0.0,0.0,0.0,0.0,0.0,0.0,0.0,0.0,0.0,0.0,0.0,0.0,0.0,0,0.0,False
15.642788968097213,1530.2533049083604,0.28384516505957463,5.266133450635937,2.681003495643974,1.5555806241743153,0.23944623690468037,330.51325284299685,1.228314713557258,70.69235109414434,0.0,999.0,0.0,0.0,0.0,0.0,0.0,0.0,0.0,0.0,0.0,0.0,0.0,0.0,0.0,0.0,0.0,0.0,0.0,0.0,0.0,0.0,0.0,0.0,0,0.0,False
22.043673077854216,1578.140252313005,0.17283960664801273,10.551876079484448,3.796955866920259,1.5772747159243439,0.05917720718572239,380.0253747659749,4.766942741844313,52.08074343077533,0.0,999.0,0.0,0.0,0.0,0.0,0.0,0.0,0.0,0.0,0.0,0.0,0.0,0.0,0.0,0.0,0.0,0.0,0.0,0.0,0.0,0.0,0.0,0.0,0,0.0,False
13.851120419101369,1451.7555489879653,0.0036594846639319,7.61081714015859,4.752819042933179,1.5472040661832644,0.8551902839041353,368.373764187935,4.201601686357419,72.76901140575902,0.0,999.0,0.0,0.0,0.0,0.0,0.0,0.0,0.0,0.0,0.0,0.0,0.0,0.0,0.0,0.0,0.0,0.0,0.0,0.0,0.0,0.0,0.0,0.0,0,0.0,False
16.419727490489066,1073.7728629313071,0.3606516720932854,8.84381795514362,2.3802071274260257,1.548806012920878,0.03606831456985993,336.01456931287896,4.047355353505861,20.725805600921472,0.0,999.0,0.0,0.0,0.0,0.0,0.0,0.0,0.0,0.0,0.0,0.0,0.0,0.0,0.0,0.0,0.0,0.0,0.0,0.0,0.0,0.0,0.0,0.0,0,0.0,False
16.105765986948665,1222.9927460345095,0.12222399968580544,10.430019927282927,4.087538401796979,0.9791419421804013,0.9710833196254638,380.2456524695564,4.1277342332903375,65.09842424487744,0.0,999.0,0.0,0.0,0.0,0.0,0.0,0.0,0.0,0.0,0.0,0.0,0.0,0.0,0.0,0.0,0.0,0.0,0.0,0.0,0.0,0.0,0.0,0.0,0,0.0,False
11.601219545424346,1289.0177698127063,0.22283647820082803,11.397199155774228,3.3462117764729657,1.6747447382223006,0.6816453376026229,375.7718823002205,3.283703341526914,29.058843996778748,0.0,999.0,0.0,0.0,0.0,0.0,0.0,0.0,0.0,0.0,0.0,0.0,0.0,0.0,0.0,0.0,0.0,0.0,0.0,0.0,0.0,0.0,0.0,0.0,0,0.0,False
25.21604912611512,1468.6274933163743,0.45205149295690245,6.571455618645166,2.5300366792170244,1.3302090354174387,0.3205646539951602,385.2381543204501,3.260866548507942,65.60010514098494,0.0,999.0,0.0,0.0,0.0,0.0,0.0,0.0,0.0,0.0,0.0,0.0,0.0,0.0,0.0,0.0,0.0,0.0,0.0,0.0,0.0,0.0,0.0,0.0,0,0.0,False
18.553301993939286,1059.6643377493535,0.05751750602512312,8.107478449109148,2.5815433025285213,1.8028211484852321,0.5996360084237168,375.1076207214932,2.709994825869333,25.290420874530863,0.0,999.0,0.0,0.0,0.0,0.0,0.0,0.0,0.0,0.0,0.0,0.0,0.0,0.0,0.0,0.0,0.0,0.0,0.0,0.0,0.0,0.0,0.0,0.0,0,0.0,False
14.701552733723407,1276.9612485349733,0.09929575152696313,4.280238593567024,4.188193094768458,1.6974084219410313,0.33039174636170277,387.47953008509245,2.4279911417798306,71.88116868581206,0.0,999.0,0.0,0.0,0.0,0.0,0.0,0.0,0.0,0.0,0.0,0.0,0.0,0.0,0.0,0.0,0.0,0.0,0.0,0.0,0.0,0.0,0.0,0.0,0,0.0,False
23.14130849245779,1348.621394450854,0.1003637440175455,9.825012715262343,4.683297255282717,1.2354933734187377,0.8709456091610533,392.69962182867107,1.9843005320684706,60.98446198019385,0.0,999.0,0.0,0.0,0.0,0.0,0.0,0.0,0.0,0.0,0.0,0.0,0.0,0.0,0.0,0.0,0.0,0.0,0.0,0.0,0.0,0.0,0.0,0.0,0,0.0,False
27.984418991319377,1045.418129054982,0.4392939316023852,6.099232995953287,4.549306730053792,1.6338306675691245,0.34433919545005387,332.1100455994239,3.3591693266980402,70.86728262288449,0.0,999.0,0.0,0.0,0.0,0.0,0.0,0.0,0.0,0.0,0.0,0.0,0.0,0.0,0.0,0.0,0.0,0.0,0.0,0.0,0.0,0.0,0.0,0.0,0,0.0,False
26.43698749528021,1376.9437582783946,0.47815075487761605,10.489154397833467,2.593498353943758,1.3722637948781415,0.3367459987011673,399.35560095258245,2.2110642325276912,79.56205241988908,0.0,999.0,0.0,0.0,0.0,0.0,0.0,0.0,0.0,0.0,0.0,0.0,0.0,0.0,0.0,0.0,0.0,0.0,0.0,0.0,0.0,0.0,0.0,0.0,0,0.0,False
20.376085014668284,1103.3678208862752,0.03728703562573993,8.073362631512765,2.37025657944419,1.5979705879210258,0.4139198457294089,399.273250602036,4.68480030643993,28.954161938585003,0.0,999.0,0.0,0.0,0.0,0.0,0.0,0.0,0.0,0.0,0.0,0.0,0.0,0.0,0.0,0.0,0.0,0.0,0.0,0.0,0.0,0.0,0.0,0.0,0,0.0,False
17.89764525073601,1276.9478265774317,0.2804743775609726,12.583998756181954,3.4615817272202714,1.3619929072112649,0.26199970471933565,392.86449112694066,0.6002218018976186,69.26731389313788,0.0,999.0,0.0,0.0,0.0,0.0,0.0,0.0,0.0,0.0,0.0,0.0,0.0,0.0,0.0,0.0,0.0,0.0,0.0,0.0,0.0,0.0,0.0,0.0,0,0.0,False
14.55195476644506,1087.2421805027413,0.1017169121850453,13.859548124844052,4.619283134808922,1.6703183813967948,0.47049767615220905,386.1708801865831,2.7312187868834554,41.80932099709432,0.0,999.0,0.0,0.0,0.0,0.0,0.0,0.0,0.0,0.0,0.0,0.0,0.0,0.0,0.0,0.0,0.0,0.0,0.0,0.0,0.0,0.0,0.0,0.0,0,0.0,False
15.512062055217175,1554.844488123023,0.19349461712814608,9.421689607744522,2.763314306943266,1.8734631707218696,0.38326345680528673,343.80597722511004,3.7291773298763946,31.452196590338446,0.0,999.0,0.0,0.0,0.0,0.0,0.0,0.0,0.0,0.0,0.0,0.0,0.0,0.0,0.0,0.0,0.0,0.0,0.0,0.0,0.0,0.0,0.0,0.0,0,0.0,False
18.08003218108758,1081.6678925488732,0.22532163433606722,7.678613319669999,2.6539067901835036,1.9183522818000838,0.6896393990795577,367.90567124987376,3.8599586245535225,52.51826370628649,0.0,999.0,0.0,0.0,0.0,0.0,0.0,0.0,0.0,0.0,0.0,0.0,0.0,0.0,0.0,0.0,0.0,0.0,0.0,0.0,0.0,0.0,0.0,0.0,0,0.0,False
23.56964907995848,1412.381889624634,0.2807456293996871,7.938879054142294,3.8393370061010366,1.92930989326902,0.5968885249459731,398.367213948754,2.48452979183992,64.3767177504528,0.0,999.0,0.0,0.0,0.0,0.0,0.0,0.0,0.0,0.0,0.0,0.0,0.0,0.0,0.0,0.0,0.0,0.0,0.0,0.0,0.0,0.0,0.0,0.0,0,0.0,False
10.752077572992002,1458.8359834002918,0.2591407901634062,4.058481862572136,2.8316003143477957,1.4883154557717928,0.7679628782813116,324.247407636202,2.9707404973273386,68.05967334790137,0.0,999.0,0.0,0.0,0.0,0.0,0.0,0.0,0.0,0.0,0.0,0.0,0.0,0.0,0.0,0.0,0.0,0.0,0.0,0.0,0.0,0.0,0.0,0.0,0,0.0,False
22.991661097569576,1558.8682089957465,0.03736572250738057,7.0448710886064525,4.757712512768517,1.7415056631279573,0.5997403444720987,386.63745150696565,4.532195712087509,78.3632211711695,0.0,999.0,0.0,0.0,0.0,0.0,0.0,0.0,0.0,0.0,0.0,0.0,0.0,0.0,0.0,0.0,0.0,0.0,0.0,0.0,0.0,0.0,0.0,0.0,0,0.0,False
29.97041014179612,1083.7896002104621,0.03527102237184959,4.808133197961356,2.0442313726998407,1.9690020802757187,0.09476691645722912,387.338946094868,3.583278486084648,49.25343004897509,0.0,999.0,0.0,0.0,0.0,0.0,0.0,0.0,0.0,0.0,0.0,0.0,0.0,0.0,0.0,0.0,0.0,0.0,0.0,0.0,0.0,0.0,0.0,0.0,0,0.0,False
25.420107159093646,1197.8410475465566,0.3982792937683555,7.571021544232963,2.92364733145294,1.9209199863507989,0.9769161619458502,361.8844243773514,4.783708254055663,73.27978963558787,0.0,999.0,0.0,0.0,0.0,0.0,0.0,0.0,0.0,0.0,0.0,0.0,0.0,0.0,0.0,0.0,0.0,0.0,0.0,0.0,0.0,0.0,0.0,0.0,0,0.0,False
20.537037517836687,1250.2614508641147,0.40032982906461984,14.265225720053499,2.5335942438540457,1.8460734479638379,0.9573949263266688,396.75764854798257,0.6703816447419373,23.455010336490425,0.0,999.0,0.0,0.0,0.0,0.0,0.0,0.0,0.0,0.0,0.0,0.0,0.0,0.0,0.0,0.0,0.0,0.0,0.0,0.0,0.0,0.0,0.0,0.0,0,0.0,False
10.11594785835378,1187.6086936932859,0.027849206356052314,7.232487340175986,3.06804945809356,1.949044720321314,0.47695092248677795,342.25907539370644,2.7635233777292965,58.60147547894813,0.0,999.0,0.0,0.0,0.0,0.0,0.0,0.0,0.0,0.0,0.0,0.0,0.0,0.0,0.0,0.0,0.0,0.0,0.0,0.0,0.0,0.0,0.0,0.0,0,0.0,False
18.886963148922543,1050.2649723072764,0.08265924524011992,6.169159811133362,4.0730820246701125,1.5311831560818883,0.8733231340367321,339.57072525753665,3.333235805235109,22.065875918425736,0.0,999.0,0.0,0.0,0.0,0.0,0.0,0.0,0.0,0.0,0.0,0.0,0.0,0.0,0.0,0.0,0.0,0.0,0.0,0.0,0.0,0.0,0.0,0.0,0,0.0,False
21.02863147346745,1111.1735436211313,0.2210505553133829,6.038494105314529,4.842127753861877,1.4432071232401942,0.9639177674239978,371.59533380097696,2.679420978645735,78.06171475767185,0.0,999.0,0.0,0.0,0.0,0.0,0.0,0.0,0.0,0.0,0.0,0.0,0.0,0.0,0.0,0.0,0.0,0.0,0.0,0.0,0.0,0.0,0.0,0.0,0,0.0,False
11.059890853359791,1119.6973276831368,0.21137633082228047,5.182597638036844,3.8710112329931055,0.9527918204537541,0.28462388100694214,324.8829344895737,3.665836989972865,60.10737005536892,0.4831010158277592,1.1757720146971529,27140.999999999847,14.203510762610309,0.20087480776631222,1.4246074595438525,248.660000000516,527.4486280536555,1236.0321299367815,863.1542398135701,73.29633887060656,2298.416749017395,2818.2400633532607,3664304.406886117,3998395.4254565453,1527095.8242784245,0.031311458387262334,0.0006001698636329113,9007941.5707215,58.95871573317933,0.0,0.267195573378701,0.12192641542506148,0.6866627460455594,False,0.0008748077663122134,False
12.76709379585893,1174.086677862725,0.3069355448706263,7.565523828871913,3.372080545072995,1.388528817718276,0.8281353607315121,354.10785233889845,2.0556446952897605,60.498296288546314,0.5151046915384278,0.6374528730285063,27140.99999998985,16.71273559704447,0.20375802894105713,0.8584218649034103,248.660000000516,508.5073210956861,1169.8515533010232,923.3132015663053,72.33735090066594,1948.5351570807645,2608.65213849658,3308220.6859923964,3709070.521011093,1409129.7285477319,0.01642057687942776,0.0008805315474324603,8961364.244117027,56.19902933227523,0.0,0.260650248627016,0.1043363427838436,0.714136504630128,False,0.0037580289410571177,False
20.323969221541383,1517.9358890283097,0.4920632719424584,4.108602728948104,2.7585244462304455,1.1462346373602779,0.047537594227760493,320.81379650094203,2.705878905099043,22.728928740217643,0.4752400744503721,1.3340420851888464,27140.999999997126,21.632185266368097,0.2080799945126763,0.027871100966711592,248.660000000516,646.9734532101259,1198.4877453735387,1231.5579191571126,87.06534038643282,2107.568004565521,2855.5893942013263,2691387.326075785,3102177.191692725,2562892.23033268,0.030449532984723405,0.005757703249383244,9015227.998212777,53.08656297358138,0.09603366638535075,0.3017184318412745,0.09353722938603438,0.7633500577940066,False,0.008079994512676297,False
13.015687967443853,1221.6399553671438,0.07111062653639333,11.995831286790189,3.43103898320679,1.3937667203774422,0.8859979711653513,362.2095017849249,2.3409087436258695,36.13352133275875,0.523808872653702,1.0702726298968002,27140.999999999935,19.278486170082406,0.21013196299096587,0.607341303141634,248.660000000516,556.4907942812777,1141.1233501562274,972.7310928284489,116.46198435771943,2163.2361157581213,2760.332478223136,3777593.0766786267,4304318.409601533,1712668.617272933,0.027998216549229734,0.0010500528987992504,8990242.986117084,51.403649547565294,0.006116847759889525,0.2678379837981223,0.09176396477603739,0.7448179434514016,False,0.01013196299096586,False
16.774160509633592,1314.337681399679,0.37744572853026637,9.102435622903252,2.3744676293350286,1.2437515163412545,0.5045191697009946,373.9079206413494,3.965674803404415,27.820146857261257,0.5019158460056794,0.8383076543098981,27141.000000000007,19.147768870090783,0.21557128483265675,0.16829514562925926,248.660000000516,564.3636237745761,1036.5788187921144,993.221350595365,107.79019088418498,1817.5606450236203,2672.0338332675324,2961642.025728528,3507724.6130219344,1601148.6253374862,0.021036706713101073,0.0017158013325238755,8968169.401645156,47.49303782687902,0.032045247008719344,0.2566710405565339,0.11769542265989061,0.6856144066733619,False,0.01557128483265674,False
11.749644191071818,1136.3858417708132,0.15718830805702522,5.922424639919427,3.8212824859173815,1.3549450565012775,0.8163515118272141,334.81043186152243,3.658444383903397,34.42133749094833,0.5155684998267382,1.23999643746346,27140.99999999986,16.647094568970342,0.21561720478298016,0.8833192661096861,248.660000000516,524.3954931845684,1229.684927653347,963.6830159726517,93.85237305450502,2379.174291733891,2900.9748811322584,3758179.0976850456,4150503.244720553,1862025.6020698426,0.03295330178185818,0.000701441527337421,8945588.12377982,47.34319249307506,0.0,0.2925513670221013,0.072363862907142,0.8016967860695393,False,0.015617204782980149,False
12.855865656060008,1056.4601646997837,0.4350958731026888,6.6055557391269835,3.1580120330677866,1.5286963019978654,0.52580196995147,326.08191035536856,4.433566710191128,77.06813710512152,0.5230812649223064,0.9559207899154603,27140.999999999935,13.996364162048964,0.22801768607867104,0.7765591675823295,248.660000000516,516.6917812448711,1155.1371675513392,937.328833931267,72.20619920991876,1944.1482634931613,2661.4733537066827,3560143.404951862,4021887.1631350163,1721295.7343420396,0.02545296105957861,0.0004916850995168349,8851746.08998009,39.61158517232928,0.0,0.3016048191933502,0.057455283239830235,0.8399842175432943,False,0.028017686078671028,False
16.066913434171383,1012.8255766528424,0.49874249636416473,10.402329739778079,2.88012883545817,1.9218444080824275,0.5071194235482045,356.37537820419254,3.145421778332839,35.84825865263418,0.537983615008078,1.2566617013230874,27140.999999999964,13.961673746645404,0.23446815617431446,0.41672520465997054,248.660000000516,544.1229558776083,1120.99476821423,1005.6462013919607,135.3532537537174,2023.4995757810123,2748.1176231867944,3745182.5933417776,4428105.096458218,2265366.8157168785,0.03405870015234007,4.8355083269799415e-05,8680650.597889446,35.727246647679166,0.0,0.34572936203188076,0.003489649738917828,0.9900072744573019,False,0.03446815617431445,False
14.796955182951724,1296.261828561238,0.3099778591906899,13.118789895051966,2.4703741839382527,0.9204338223951505,0.07002214371922233,358.90760887496253,3.2284825774399866,54.13108622518888,0.47496947750159035,0.5025245338134755,27140.999999999804,17.591922235936543,0.21407054973362236,0.42084313145563207,248.660000000516,585.439331216618,994.3511144530554,894.0730997692817,157.1003242279291,1783.225881243765,2719.2873535233457,3347161.706084153,3972736.8869240973,1653465.0326227043,0.012471504633018852,0.0011675137392125868,8991843.197953144,48.626927433323104,0.0261815497416449,0.23794822201155913,0.15767642079838065,0.6014494454175614,False,7.114394777662715,False
23.769946358978373,1152.03762069178,0.34618006081170444,6.500272950075445,3.273947347794019,1.309114333834456,0.3553079116201222,324.6123845793005,3.3424098208967283,62.43899616090197,0.5422809782688852,1.2812801471888557,27141.00000000011,17.97956362023946,0.18669588016955335,0.3366291453568741,248.660000000516,643.5515174507364,1217.435791113338,1106.7560323673304,161.83270214215085,2251.1197430346547,2896.9908356449237,4173579.98234324,4640902.831837033,2384645.797418696,0.03428882121415514,0.00048640326069773185,8781813.11610923,71.59436876034304,0.0,0.32837092122314226,0.01808418083202802,0.9478022383715733,False,11.83270214215085,False
13.76936799332837,1411.4541395035283,0.17760469466982187,14.716338906846005,2.36831638834826,1.1063268818789636,0.8894424754644789,366.67250516865823,1.8916087309645082,20.04586312869128,0.48032911872164297,0.8174064747723953,27141.000000012144,20.498109418457176,0.20384961094377857,0.45155339246352433,248.660000000516,541.5282421323699,893.6418947530655,813.469187253614,162.72657517558096,1977.6115991007882,2818.679407259904,3061256.824126108,3620142.5318118506,1397977.0918874969,0.021112239991118508,0.0010729891406889996,9100238.790020293,56.993063847478986,0.05430911502450014,0.19310636390236396,0.19875187607351927,0.49279648659231623,False,12.73042478652474,False
24.010661452390053,1558.335891549907,0.43130834725261097,5.8418604325717345,2.7894170717716227,0.9787713073859851,0.978672805158347,338.91072789283004,3.4726926016786943,25.37784193564772,0.48919016564583107,0.7637861116323936,27140.999999999993,22.131966843300535,0.13575705722869502,0.7587771956417017,248.660000000516,547.865566515968,1037.547699527773,873.8958245088527,167.81705904842028,2099.839895337789,2870.8392920124525,2553064.2142549986,2801102.086905678,1112569.9191754945,0.018723600090691336,0.002006318765123453,9124395.395225001,193.4709337176814,0.08781129886128405,0.17445371320137332,0.20970518290786788,0.45411863415956105,False,17.817059048420276,False
16.347248186443217,1593.1696926474692,0.28987260962289846,8.181552898859055,3.6528446573536906,1.7198678739971522,0.6692328934531846,341.19356461302476,0.7985067549279871,42.205051874846376,0.5158082196332598,1.0638450969010804,27141.000000016,25.53912133959862,0.17060590570960124,0.5428507770953669,248.660000000516,558.2278895377926,1206.7833623815281,1085.3577441510095,176.7423569187332,2393.5621098627807,2941.4997677690703,2770138.2584659634,3123120.0576293627,1726188.5157574797,0.024495611691068737,0.004378208083940505,9139767.502911216,97.64541223018486,0.1146102005358245,0.22699217704596372,0.13780229647352873,0.6222467540584454,False,26.742356918733208,False
19.84143602987117,1438.0547266540625,0.2343141713730546,9.03145407698375,2.4129882228368094,0.9119776071838269,0.7582782604769962,345.59622704621427,4.929725525870798,33.214053569549364,0.4914087812899542,0.8774224301207939,27140.99999999992,21.127461721217422,0.17725704335586437,0.3772634236827711,248.660000000516,593.3072878709754,947.7678641949066,878.0466431491438,176.95598294708864,2053.9860937285853,2881.241311802544,3366925.1360629764,3789180.4064330254,1416568.0423069727,0.022319305125717084,0.0014948170501913112,9119123.215798402,86.86432670890059,0.06397120706161344,0.20146366965857881,0.18140258601481585,0.5261985528190243,False,26.955982947088643,False
12.180375280381366,1380.2720563671508,0.40148161868686894,11.664805457321963,4.298634143227312,1.2766995318278718,0.8458514830276777,354.3015019999554,4.208044416855435,57.589769517457626,0.4848980739070444,0.5621090847401444,27140.99999998985,18.53435834683706,0.15241667530962524,1.9490840289683837,248.660000000516,484.9336823558084,1277.1123310102744,840.9427522775898,108.71780774389237,2222.4131118418077,2641.0941568466974,2596276.8323744587,2894103.1223718706,983360.5473110597,0.01403908568727912,0.0012171169816474327,9112295.575818632,136.53035620010806,0.04417102098867743,0.18986037598175065,0.19799953059902067,0.48950761024899203,False,27.112331010274374,False
10.865818763723173,1291.8644459022369,0.11970552206887797,14.477211598625852,4.8316778833513885,1.575327402623171,0.9734873973251963,347.58890749730006,4.540328229504568,46.07569840451057,0.5215689187291814,1.0519725578638515,27140.999999999905,19.63785527517489,0.1744618965943564,1.5949819878506892,248.660000000516,516.4985705835616,1281.6826356524782,920.958551870028,142.57375141290137,2544.614109121281,2862.234992748061,3517147.3778405497,3907157.802356557,1410676.6675510919,0.02736227561794757,0.0011893115750351247,9091403.93968441,90.82973831077595,0.02554599796917685,0.22955629839290237,0.13188000988596169,0.6351224078345487,False,31.68263565247821,False
11.602072876120985,1542.7786017617457,0.18507708877686913,9.837671823237535,3.4823487976889753,1.045377256137232,0.20645405888943302,326.0951047225857,2.7856476497537934,35.69297310997923,0.4613548133994962,0.7940716088775082,27140.999999987842,21.254323285085814,0.1739189938654327,1.161998559698486,248.660000000516,539.1765773950485,1067.4961560466159,840.1085362859244,182.56056806091652,2526.5075984599716,3085.4245734802957,2760877.636829721,3090659.7212083363,1487728.555514135,0.02013165228849676,0.0014202452480380364,9169902.18043821,92.47461605149671,0.08426620788489593,0.18415886337529902,0.22372583123014878,0.4514973614134708,False,32.56056806091652,False
11.018247670337743,1141.0431184546087,0.0316717217281699,8.63823674635696,4.591487436504356,0.9897863809865749,0.4731119528858785,330.0434487846979,3.97798520975203,70.48532940775061,0.5014854699578142,1.0871554772320318,27140.999999999833,15.668750508407118,0.18300741948775623,1.77698768834126,248.660000000516,536.9482804055447,1284.4269160657639,858.4204794855452,101.2208357414624,2424.448158294188,2817.3906822061867,3946234.2784287324,4292163.027049524,1420337.5440763487,0.028899366881707432,0.0006071199258469583,9063106.749416534,78.44583326117494,0.0,0.2523867492393824,0.12310789175683778,0.6721447437166567,False,34.42691606576386,False
14.215418841740375,1301.6946301110427,0.052476834164964015,8.277607429641968,3.6139631604190425,1.2731246033736099,0.5559002111265755,362.94146575539713,2.257747244316076,61.776204986066176,0.5157884648998535,0.8044342612513674,27141.000000000226,20.800561852927164,0.21417625850483796,0.3342304695168048,248.660000000516,577.3541425984831,1288.481795506584,1162.040504424667,79.47088096351948,2026.3334383037952,2597.290666502159,3636394.72446566,4127053.8856803062,1820539.6388011486,0.020221056408016577,0.0016120938766069667,9011642.566218134,48.6618764942852,0.029513847494709443,0.3161370020523801,0.04884290996611611,0.8661764432568527,False,38.49597176508876,False
15.56656261693804,1383.9847414653473,0.1473460207804521,6.966201712749566,3.771639566730701,1.318587484930604,0.7025230339614009,359.68991609998886,3.3494416961291487,41.20366082009777,0.5191331721396995,1.2240262321317614,27140.999999999978,21.8301053027564,0.18867555636338734,0.5271171358715007,248.660000000516,574.0150679912316,1288.9540473837617,1116.7313101170857,84.10990280202451,2220.229262197343,2745.934612080432,3393028.3553343844,3777467.244149106,1620375.0675483788,0.03069182383802861,0.0025294721282595007,9088190.89149173,71.78428839569679,0.05283633414945655,0.27525807493391385,0.08749459903610982,0.7588037103116159,False,38.95404738376169,False
12.38914100667458,1487.5663528196972,0.07339618670862158,6.907272309995907,4.457267535900592,1.241645976973631,0.9824174492929428,341.3310961721308,2.9014400523704515,38.86802067115098,0.49367885750122115,1.0785226925793667,27141.000000011998,22.047715881121785,0.17317813914404548,1.1813237964678365,248.660000000516,547.0353727206276,1299.8305664884044,990.7263250736804,113.44909518769401,2556.392093933349,2942.4747035654445,3213185.582132982,3510945.3624573243,1423630.626796844,0.02702258931821751,0.002249595081092024,9220746.658305373,94.18587151099021,0.07575742827982172,0.22558531442852145,0.15664491475652706,0.5901817731933211,False,49.83056648840443,False
14.429641114670575,1280.3474943559322,0.15738284366200822,10.895411623791182,4.632081424084438,1.3924579001601916,0.7844574187919231,356.55725604492403,3.4530319927270914,27.910458501650126,0.5353183074162894,1.0786383180724464,27141.000000014094,19.988783977286495,0.16216471964711146,1.348134823589236,248.660000000516,556.9135429350933,1286.9551775720174,960.0824669572596,180.65634722956526,2644.1538858610816,2989.02364865707,3694104.839905158,4051009.639732854,1486542.6264685537,0.02795734827958204,0.0013179743112374238,9054522.685905155,112.64069238252362,0.023160720847205288,0.23914209423534982,0.11272229150463581,0.6796427940054914,False,67.61152480158268,False
23.407000638723368,1258.283069646985,0.3838944888290865,9.8960934421352,2.1195797799063576,1.048272429756747,0.19341639901491836,346.85310409317196,0.7354082589686454,56.307006830021976,0.5080889575736719,0.8797014472850109,27140.99999999992,18.71887475605463,0.20127990440050975,0.08881338957615315,248.660000000516,657.2738212322017,957.4241028383072,941.1415066625424,224.2574554115697,1978.4929930108854,2919.9007848627853,3741715.7096022586,4374909.415695409,2220421.9257851886,0.022526148228249315,0.0013498287525130946,8853986.342482077,57.60185534246742,0.018284349287903543,0.25119115134326286,0.11853723315075386,0.6793937438344766,False,74.25873531597021,False
20.792982201867012,1537.1562194387325,0.22331752291184526,13.647378281973872,2.760745248114885,1.2011906745739194,0.32836139008759013,363.8051416384763,1.4905790331214155,60.2857502648764,0.5009538122795667,0.7144127919959281,27141.000000000124,24.796497759260465,0.1870020665007939,0.06668695594469554,248.660000000516,632.7960804516971,1098.2692945135527,1113.3328222838031,224.45370539828784,1852.904296397842,2754.24199843583,3191623.185393363,3829527.6868092306,1971330.8911665976,0.015279368068701102,0.004110509518860471,9060545.779875098,73.5045153682922,0.10084796063786305,0.25528115192461426,0.11996661579118281,0.6803002546252523,False,74.45370539828784,False
15.909645713109942,1438.9638827449053,0.47265421999997487,8.681175292877017,4.346545450494216,0.9617551436281069,0.8352716024899659,335.3800013457718,2.2779359100048793,38.00486275552139,0.4658204671286613,0.6423590775575131,27141.00000000014,18.288747805024258,0.1161036264129024,2.995905461214062,248.660000000516,505.73184019129667,1175.9830868492943,722.8808386998858,227.32429772189585,2623.7296226752255,3030.01464683736,2351289.531304528,2544918.878178222,918650.7242712663,0.016539822335411763,0.0008944453885767851,9121110.845568592,309.17847877751444,0.056361820144144814,0.14348785253201204,0.2598888593698281,0.35571674888095467,False,77.32429772189585,False
20.357200963446438,1116.6794857167306,0.4239696962217381,6.768030565914382,4.102178109447614,1.49428703443659,0.9488362882802196,369.9469361922141,4.270900829214781,20.475972571671385,0.5418404971594866,1.3350802454031916,27140.999999998683,16.252831568313578,0.16502458928458408,0.9734776274484939,248.660000000516,532.6955114055013,1337.8657693332593,1023.7975258170968,130.19670394611688,2379.3578897543835,2855.6553573518468,3711666.656437072,4074468.479447621,1661080.945429313,0.035576221609779766,0.000659191330706502,8803404.6149815,103.92105769706231,0.0,0.30655758994275684,0.03994558328166264,0.8847179871112144,False,87.86576933325932,False
20.740142336810813,1219.5900080017925,0.3021534218344361,14.546827672007005,3.1784688349908876,1.332270297735778,0.7906369935895988,371.6062719268341,2.2724780353491942,61.337302893815085,0.5138701918723271,0.4663206220634545,27141.000000000007,19.569623494478066,0.19952784471323,0.13447141217877193,248.660000000516,582.3481700625046,1224.551402848358,1169.0434195107307,238.8506427597781,1870.9442894632423,2651.486855877055,3449702.330563786,4200392.194930568,2228921.887319782,0.011949087099117186,0.0007073209043070352,8767767.482271861,58.556804228172716,0.005704876006924121,0.34656779947274247,0.01897710638639379,0.9480854305935625,False,88.85064275977811,False
18.659630139352963,1545.5871931929619,0.30273950051546733,12.434520459608123,3.514101824287683,1.4478611873108083,0.8428998401928499,325.4245547472763,3.0797252219735807,76.56575452597696,0.5186191099170536,0.7803816046661337,27140.999999999978,24.240487218593,0.14888895253278583,0.809297292666318,248.660000000516,561.4361428999728,1115.0561621758134,953.990526837279,240.07995859698656,2176.1678659915856,2898.0467323710013,2924735.285002848,3296421.717463766,1396946.003087378,0.018634994499159962,0.0025453426330835542,9146317.626692917,147.0136744292337,0.09655276653809111,0.19579284834466823,0.167110985059157,0.5395171676976958,False,90.07995859698656,False
12.2249134513487,1454.8369948798652,0.42597288564364777,13.286748455263712,4.671520497236268,1.3200266364313373,0.44380519836651855,328.1265180756933,1.516131150940558,78.27922815639266,0.48819030176453715,0.6857046196884913,27140.999999999993,19.72936066696931,0.1376682245717102,2.5072661330506807,248.660000000516,518.0740593897075,1196.7086430359757,802.5367603252666,244.70188718132897,2531.7805218361573,3004.5137527912875,2629870.272511785,2901004.3069663267,1184214.6230189777,0.01740466730354414,0.0012060417794211976,9150361.881071473,186.0527150910525,0.06541322237147372,0.16349097338699914,0.22191281431490545,0.42420697098455423,False,94.70188718132897,False
11.966936676661001,1252.6645750030314,0.47894476507525097,9.864818134703189,4.07563134185142,1.2470671941066693,0.6865009276815837,386.7700537517898,0.5822972480488631,65.00865889669805,0.48095573364761857,0.3971434272354856,27140.99999999989,16.021949615937764,0.1772235430224,1.5301666937281555,248.660000000516,486.490361676644,1345.678425422624,904.3671838792226,86.50921655435499,2005.7675018985867,2553.4806905222063,2620722.616317711,2976607.0145748677,1159042.7764860513,0.009628227515909329,0.0011506422426889418,8995657.270510381,85.73685204045385,0.01301250838254574,0.2407834364164953,0.14976486251324844,0.6165266551572157,False,95.67842542262406,False
20.380232549281118,1462.5303463011328,0.28442899535235777,9.12280866451179,3.0280667238598453,0.9750302832583746,0.37792417932809985,326.37008621586017,4.922677011787003,30.896771079845827,0.49405143030253296,0.8782619992602702,27141.000000000095,21.7940374581553,0.16319432240648307,0.5655070581987562,248.660000000516,619.3109467975037,1060.1229829746437,941.6288540764947,249.82834837292882,2444.0570903948073,3113.2608561757734,3281614.7097687535,3672175.517773295,1816960.2043983378,0.021826406262279007,0.002010502659644069,9071495.261606352,110.72931639957332,0.07314255003270739,0.2159132543020829,0.16461030407865934,0.567411003988472,False,99.82834837292882,False
20.360651231888173,1223.6492812584913,0.3551772891598047,9.012077671062594,3.8156386853696387,1.9894468165789414,0.7739162499564685,346.7421123995061,0.9004919937007008,31.094335416704503,0.5503139988359202,1.18136051772955,27140.999999998392,20.63469429341683,0.1761071125045659,0.494872823211365,248.660000000516,569.4793417024031,1256.977218294885,1106.932903480328,243.17150736322006,2485.8940198855507,2992.878328162688,3515991.494300829,3969388.6318265004,2276571.6558892224,0.03078017526377561,0.0012831305479202135,8771164.38660244,85.19722284890477,0.007927056776644112,0.3001942602288619,0.0411635798408224,0.8794122325345762,False,100.14872565810506,False
16.516199332264097,1533.896404868425,0.3758538604596334,12.388953049896218,3.408437085679777,1.131840952715576,0.041475079576498874,345.7463039976196,0.6670069902229749,61.631324682433984,0.49635453668383905,0.7325547312551485,27140.999999985193,21.741411222621274,0.15372530008645507,1.1183505645477088,248.660000000516,607.8670355338404,1078.2097173910604,890.1963980222519,250.52978336344353,2309.665523223195,2979.5218616762436,2905497.719354406,3276039.094037752,1436729.2824195311,0.01795807498007847,0.001924192980906665,9190384.79716375,134.2135994840497,0.09331591446565148,0.18002390913980923,0.1991707498459342,0.4747532827106027,False,100.52978336344353,False
24.57701755038512,1310.013269752923,0.3534781226243805,12.58582512564417,3.124627830610578,1.7473547778629535,0.7506243191751754,369.05689692354076,2.308396657855268,61.83848115586046,0.5181224214727793,0.5055324487143542,27140.999999978834,22.491032331695337,0.1980433626382784,-0.0964739495702742,248.660000000516,601.5999793687773,1278.5272578595439,1346.10226421079,232.98250547476286,1873.7545657659907,2665.14041644821,2894040.329190728,3658238.5614074683,2570080.5769856134,0.015147470470591997,-0.0014268142800464107,8755559.811812403,59.80010146509006,0.03798089542315865,0.3745809317658702,-0.012005803584848311,1.0331125955745486,False,111.60623728387698,False
19.68856891028751,1515.59068365856,0.4151997850186697,11.140696168237257,4.021095271695895,1.5363495377681207,0.27411977516685215,364.8423992428847,3.522784031678391,41.145777812984534,0.5243724646402991,1.2306165987613376,27140.99999998224,23.332083291760686,0.15939991436446094,0.639663522249652,248.660000000516,613.301186384852,1348.9436314678126,1174.5009045451177,163.87505319237886,2314.14370054754,2770.697991933287,2999211.1296490827,3426439.136063246,1693102.9585580844,0.028292778832733508,0.005107386274226093,9121467.705800889,119.48113804704124,0.10002028369121044,0.2564486893034133,0.10221192264199942,0.7150177096738021,False,112.81868466019142,False
19.199134621485168,1458.323630839858,0.12694431047136984,10.505259004942685,3.286385481046393,1.3203107068040536,0.12671338384692277,339.5413330567181,0.8570371233124352,38.17149828305472,0.5175890067926471,1.046467194514644,27141.000000000065,24.618666304383733,0.1771037163575972,0.2973034852064233,248.660000000516,633.5370202502363,1125.5511086863537,1068.05307339279,272.73221382738626,2504.8014581903494,3093.7757564997974,3517606.014016285,3995676.7954575745,2205860.2412272105,0.025505851861963007,0.002896314264359012,9013333.627336605,86.07981005006893,0.08179575645078851,0.2515999507807108,0.11163220634115306,0.6926698141880081,False,122.73221382738626,False
16.004966790678,1085.8034969548596,0.4506542181746369,9.957153167761106,4.924221112565247,1.6002648400020871,0.9939130246104789,363.6856643314361,2.868916702574846,28.125674184330194,0.5404754208695481,1.1242683221492804,27140.999999999905,14.98236621553732,0.1492354066148151,2.039698790818393,248.660000000516,492.03446915872286,1357.0510822560664,887.5063050655559,167.11727356038404,2578.6637017947364,2883.0593838509303,3708066.8131302213,4032302.12615963,1371392.5069667203,0.029853132967449052,0.0006606335640044668,8839987.799743563,141.10256965737085,0.0,0.25790280616366273,0.08945412869679059,0.7424720231000203,False,124.1683558164504,False
17.571611865012045,1112.9165560178926,0.37350241451497257,7.74417219842014,4.385903502216928,1.4366910330975824,0.5256694443509794,322.27926795932535,3.399044089455643,41.03939014593004,0.5346725424394313,1.215298369873634,27140.99999999995,16.379750421797063,0.17326113032886206,1.088921057000643,248.660000000516,569.9822112170721,1314.4509577850583,1009.8783441408448,210.46870405402905,2737.7747213585462,3121.3332061880737,3968393.1088630534,4358276.4407807775,2302496.864657618,0.032349836166301806,0.000634576890438428,8782680.588886678,89.58236739822863,0.0,0.3073856995970291,0.04394292418687352,0.8749235866022058,False,124.91966183908738,False
27.33216548333026,1569.883594812176,0.41320349881467067,13.395269882201926,2.296230205461045,1.6164347655750904,0.703516988152653,368.81926501173035,4.098268677812126,22.074273192298055,0.5098261333541481,1.156549847899852,27141.000000000837,25.864243614700044,0.17780997664878698,-0.11972210058620811,248.660000000516,611.6500661346732,1040.367343942982,1117.9358556169957,282.76951860159375,1966.52275160229,2807.409468025978,2471601.003754747,3154430.8200903423,2056355.0628701616,0.026074159740345316,0.005315759681505531,9000908.700173372,84.94090007028579,0.11810922413562376,0.24706496239967354,0.12130498003893163,0.670697942302529,False,132.88924070217996,False
18.138439882587157,1585.1334054623871,0.16015966291101563,14.807400394723848,3.9089183775679506,1.3126001202333022,0.8574844990835966,369.5669391494859,1.634148860588777,67.57134067861325,0.5030558096024751,0.6760692026117333,27141.000000000007,25.508617056020874,0.17198824815910416,0.37894948442807463,248.660000000516,590.7493367428283,1322.2974619909037,1219.3981293990023,211.57709184617346,2040.857913078732,2621.2399538184686,3078497.821716127,3609465.4304817365,1743836.6207365775,0.012273551340074101,0.006075642888010956,9137544.038871983,95.28664620170694,0.10904295526751312,0.2720892127379587,0.10208979020576406,0.7271632309600266,False,133.87455383707714,False
16.519796235400506,1515.6935925193516,0.2792582754612589,11.592506549790226,3.3585604998546126,1.591139941273493,0.2900968516874258,320.74788623732127,3.0954017074419085,38.68665284794777,0.5010357989746849,1.0507909607722146,27141.000000000022,24.63186415071064,0.18425535646711327,0.33869072503615655,248.660000000516,589.5120296268692,1136.2750076858804,1071.727743994241,288.03586268773574,2619.9447823923997,3185.2228141448695,2895672.9133270443,3384549.70929043,2406107.757842144,0.02502486636240494,0.0034946511039137575,8991754.518884318,76.25756834586885,0.0970952799843653,0.24904789713191594,0.125979338413859,0.6640794948384962,False,138.03586268773574,False
26.237173954410796,1524.9769869735387,0.34420662619297165,10.264438540199134,2.4829143104468265,1.413568025039637,0.345172051155215,338.00319662512675,3.1663034094460856,38.73619026211502,0.5150884522959163,1.0561628344041727,27140.999999999978,25.075870065889347,0.1775649633774096,-0.006992513559063308,248.660000000516,663.6985497257454,1052.4914171813566,1086.481466677021,288.68440887125087,2217.126793393355,3010.7186694539682,3099419.1723956717,3663213.1122131282,2238790.69215631,0.024535726660540543,0.004129588828023083,9036274.03750647,85.62812642170896,0.1105885544433238,0.24398355263410929,0.12079004279403006,0.6688629760817603,False,138.69140138480992,False
13.75263345804868,1373.4975413799527,0.4529047480041509,14.88950696194981,4.133367376297448,1.7049804500565249,0.9092932045442544,352.06989858968967,1.6243280610126654,30.40581024722737,0.5161510144643898,0.7407583399668372,27140.999999999964,20.007817188198203,0.13996166539930924,1.9438136036698193,248.660000000516,483.89658407349293,1107.085136315851,800.2999293231352,290.6879153829109,2492.9117980186606,2960.243678219336,2786192.348461995,3094872.714762939,1134272.1241981266,0.01898859548944765,0.0011163266155922468,9039963.169195848,174.91950251119914,0.045874061854138726,0.17006029190702027,0.19414244298710215,0.46693853618770487,False,140.6879153829109,False
13.230215409720238,1205.4643846808863,0.1309402020517601,13.289796375524269,4.400996737329205,1.369303074094958,0.6070154607890389,331.6372488212976,2.793259823979014,37.816825147214274,0.5239036532554278,0.9977166346839342,27140.999999999993,18.85366472616965,0.17307209700228676,1.3103453867778365,248.660000000516,552.9184554060946,1174.685311085679,897.1627409328628,299.6115398894404,2842.639849207828,3218.830924145291,3821040.8275928115,4239372.391452616,1978075.8085001074,0.026197846853854873,0.0008811803281017772,8918475.638571583,91.26585777833841,0.0013113915391914342,0.24413137846625646,0.1149346920661504,0.6799065645614177,False,149.6115398894404,False
21.484381776817195,1209.3925583324733,0.02848219974141636,6.5169503805641344,3.9923076660643804,1.4469751026965845,0.5190159840736788,333.9776120087138,3.0682213319581537,79.80520551249259,0.550186944440038,1.2595554757214296,27140.999999981002,22.20640276667253,0.19895080735331985,0.12754077097558253,248.660000000516,659.2298046749078,1402.7835540259039,1344.2394595988592,107.0115358685017,2241.2788499045914,2757.291795755496,4357989.778426881,4860465.095963243,2610402.617286344,0.03868208663797217,-0.0044964914714407805,8807087.546213157,59.332694657132784,0.003159986309545109,0.38821657415591265,-0.04634695579344317,1.1355690979954338,False,152.78355402590387,False
27.116567345078554,1117.0224916052243,0.3736604051659616,7.185630208055652,4.321397861732546,1.3705110622696839,0.8076984091122095,348.28278901343924,1.461619569333115,66.03707050530599,0.5579738150462079,1.1715793193834552,27140.999999999964,17.17449361829552,0.15111365019478692,0.8334265577246571,248.660000000516,604.9845819391232,1376.279029811517,1101.0702881261473,177.8435241464465,2321.6546308815286,2790.403475686337,4332237.704866113,4719198.994827294,1992246.384021012,0.031621494125293644,0.00017634018209266867,8780516.7554375,134.9919479330756,0.0,0.329980719907424,0.006602605934706506,0.9803834431839819,False,154.12255395796342,False
25.836420790083075,1417.4585285631038,0.3889242384295877,8.47131155874795,3.9433118995624437,1.0977737274622719,0.321819963387904,333.8083696095834,2.3388675125596805,34.48512487793593,0.522535013824782,1.0066996919121272,27140.999999999964,21.433392067139746,0.13738089764404215,0.8989267064976305,248.660000000516,659.3982888004836,1246.7146085712764,1034.6694949385242,304.5502388037406,2702.8762259493747,3160.539369616918,3485988.660280517,3824793.4353083083,1858575.6333760256,0.024593959175293393,0.0027288771628936103,9048057.458627705,185.1293079341141,0.06763653672912132,0.23553102958813574,0.12419182174262024,0.6547569294439151,False,154.55023880374063,False
15.692479379374708,1544.4376853445983,0.44527614318915554,14.147549469864327,2.4684486933223844,1.867694357851519,0.6319949504631371,336.8502542735042,2.0530216165103656,29.595127315356994,0.49896196705305845,0.8249564774921162,27140.999999996515,24.08286799197267,0.19344213044913225,0.22389893851042264,248.660000000516,532.1950149849562,962.8339958099134,938.1614485303965,307.4780960528537,2245.5430881106627,3031.131598691295,2223702.2303207517,2776738.784348434,1918284.4614764024,0.01989347983790624,0.002496663917704411,9005845.662741244,66.00398807371772,0.09931837859678712,0.20459334571700083,0.1718784323728577,0.5434493569612734,False,157.4780960528537,False
16.933897627171564,1212.188672240203,0.1269194411735936,14.021197710684891,4.176927636484606,0.9285183720626969,0.46152125324711457,342.5041018029449,0.6303478378005432,73.08091365855768,0.5133899721331283,0.8650833465615348,27141.000000016218,18.17898141886409,0.15669478510276783,1.366672852265422,248.660000000516,599.5511204015004,1141.3226965120725,866.9992545167513,315.20372199512843,2506.0945515602675,3058.8616165749927,4084682.6990400413,4510039.699320664,1766449.7445668038,0.022649332539077888,0.00082989456996276,8969176.806347732,123.67668407098722,0.00321172268277877,0.23414416214369438,0.13225201627716124,0.6390464091433512,False,165.20372199512843,False
19.04809653492903,1270.0520482004567,0.23903625335891548,9.214043192184135,4.4094900263425085,1.3426317718435095,0.904686160343623,322.9648838363229,3.982434542241884,27.538482868264328,0.521260952839905,1.1299343638800263,27140.999999999323,20.561769450649717,0.15991044750060748,0.8566876608040074,248.660000000516,575.4683202636788,1291.1710456187473,1039.9348461848463,280.6214763769493,2869.880388321408,3230.040420628764,3618605.469281425,3998823.7293861443,2331646.8500626413,0.029128756468117252,0.0015387921019497787,8862507.034364188,114.9807014943141,0.020702840443779052,0.28025622357246477,0.08026477857664115,0.7773644861237657,False,171.79252199569657,False
25.0004352740532,1514.9883018574255,0.3775410942338401,11.678629732920333,4.5934382901638,1.254949096520421,0.6707887907875872,356.0699149130679,2.2194623841418277,44.648680995331134,0.5329299794601083,0.968383695091264,27141.00000000005,23.351198565411416,0.1191941791215598,1.3071164157964108,248.660000000516,609.1649866634157,1324.5675990114764,1023.4428424003928,250.12251978050153,2505.5779378067923,2880.9728632688434,3183441.77370868,3494736.26489265,1310050.3093059668,0.02298014666487023,0.0033027552036018148,9149511.749767765,286.6366074512641,0.09177952611835513,0.20803585166069033,0.1450023378189011,0.5892729394725058,False,174.69011879197797,False
29.869209261997,1500.6919084108179,0.34981159119979194,14.100844480452638,2.1191861200492546,0.9773667857770778,0.4740062899880546,347.9333930365662,4.71763427957802,49.373897668710114,0.49083949165132007,0.9134468555422055,27141.00000000008,23.517093553816082,0.17574564426523617,-0.06678844003140652,248.660000000516,671.5699842548793,958.0638391623027,1001.0833867269043,330.89685659233567,1912.2581448502312,2887.5488193513115,3418567.902020321,4164014.007162422,2180590.695094779,0.021903547227064932,0.0028883138792061415,8971697.66296933,87.68388754194262,0.09081603331024271,0.23567317727604847,0.1469592676648638,0.6159257543161091,False,180.96364503236708,False
29.003522384941594,1333.991912917094,0.45780317488313726,11.057228298409713,3.1700231424237386,1.4345897338066007,0.6043104829199732,363.963833720685,4.667816420179041,75.12400613801637,0.4960933098126042,0.030236695356200806,27141.000000045467,21.404872105806803,0.19536379133757556,-0.16354313341112253,248.660000000516,628.2115708918855,1351.2795102110415,1479.862936625074,233.35801790584566,1900.732187948933,2687.6202509900545,2871036.850471557,3659389.562707212,2760854.5395549983,0.013266327836936277,-0.012445673688272256,8730660.753543913,62.117470957367765,0.04474068280838769,0.4303943516009873,-0.05157408625490945,1.136143947335534,False,184.80107125029826,False
17.141232177655837,1064.8391972183422,0.3937759198262536,5.1724226446768125,4.9571264711395635,1.094877280882259,0.5724051124346493,323.58762676712706,4.042023303451254,31.37635686909779,0.5136861450243392,1.3232906475759676,27140.99999999976,13.982570378498957,0.16549406324307206,1.601499531586889,248.660000000516,558.6101621486398,1454.7718626895912,978.6682675017663,137.5691657439005,2792.2961447263747,3078.0197503308996,3917572.038718617,4235132.481013814,2166996.5117780054,0.03547425873530327,0.00044117273055574284,8809695.886883762,103.11278968054263,0.0,0.3236011609193261,0.041985665120503814,0.8851554210109048,False,204.77186268959122,False
24.834096004631107,1369.0094349826293,0.3362055494669629,4.092213874775347,4.0351309167539595,1.4534987595971758,0.23090845048417918,333.9917207185538,1.3324233449787342,70.65560030450591,0.5196714317106462,1.361406649528417,27140.999999999978,22.85448342633861,0.18731152034033657,0.12299397597585192,248.660000000516,667.0243080329482,1464.7182092010557,1435.6173198774327,97.05899747499066,2298.881201215223,2786.5449345187076,3480266.7693363205,3889303.7786947195,2872358.870313655,0.04104432146236725,-0.004094383587516516,8873264.728838619,71.62899353615893,0.06131656193034455,0.3832660378011415,-0.021732601933060768,1.060112287763588,False,214.71820920105574,False
14.584100545841315,1260.3300257270203,0.1912337286354588,9.167679440949962,4.9384500625394185,1.3008158774050536,0.7744101333360395,364.2214077239914,4.501089900983673,41.29717106897432,0.5282687057427686,1.316210834034769,27141.000000000036,19.20828671225601,0.16979210193945093,1.1811530208624648,248.660000000516,552.2698722499146,1464.9504081291896,1069.2096216190453,92.61421775083548,2534.058231310092,2823.0346443270837,3597468.852205848,3964490.1349526774,1537082.797420091,0.03430417198846773,0.0014191062580699763,9025538.006712643,97.81816740363675,0.016873721144060792,0.28507897381751635,0.07125263016268815,0.8000384210471365,False,214.95040812918955,False
11.288605111592137,1538.1910417045497,0.10169041641202553,13.088502890416304,4.645311869248422,1.435425819300172,0.5984646931046363,362.18139651883337,3.3116958238347456,71.30250328084108,0.4903672654803524,0.7164083405295173,27140.999999999978,23.28270568771568,0.19289809411920722,0.7279524695033031,248.660000000516,531.7928193087714,1466.8636575233381,1204.7671442245892,116.29145043632496,2227.8294808515607,2558.1572696246276,2911571.5018591145,3371553.585868908,1558454.1022032788,0.014655988591260006,0.004788050179051606,9160183.498906834,67.70476583660097,0.08976503425947152,0.2816930668630685,0.1024513233767314,0.7332999622543577,False,216.86365752333813,False
12.935029615285883,1437.591351616674,0.09437253343859298,11.082852087428291,4.262917851728896,1.131805631291653,0.60095424810764,379.9142700196669,3.3719841977915004,55.82763817679894,0.4797872642463783,1.0370873878248588,27141.00000000011,21.456379690115554,0.20938189096408374,0.41318546200517187,248.660000000516,554.6997118603977,1468.698589703075,1289.8344998786022,106.56562265237763,2201.2075392937177,2611.730795949236,3158121.6715085083,3687216.899705388,1777584.2549468628,0.024840997226278777,0.003306591566675824,9075500.249096822,52.45079762426598,0.06242349840213494,0.34178910131342777,0.050431392281466675,0.8714208127697814,False,218.70797159403904,False
29.651795786101708,1548.243774904979,0.1736847101864064,12.582470376605,3.639363772104292,1.7980866373115316,0.48372695118890585,367.1961038639523,4.042685513859176,26.014078586187942,0.5245273361693455,1.5784253669604134,27140.99999999995,28.640427461287068,0.16732916840440448,-0.05491183214430815,248.660000000516,699.3012302926038,1345.7027528202177,1437.0198956687907,277.742116722767,2432.879631199604,2945.915089743744,3393934.9114727345,4052201.7652605316,2695480.928197815,0.03601513181841865,0.006824911066253842,9050471.03343697,102.4837719924077,0.14638520564754848,0.33056649217289047,0.02771076610822177,0.9226555259433205,False,223.499781375129,False
25.404774691099597,1439.0371604437162,0.12984919664917655,6.827762287043614,3.8969099522903834,1.2798272077501898,0.7965886780072875,355.69169856027656,4.022372366528774,79.42830701743044,0.5125125591942977,0.27980955570274263,27141.00000002022,25.281290995997328,0.19158033923058967,-0.09259299772563265,248.660000000516,662.4262861332824,1485.212986807367,1601.0685699374328,105.83638936250989,2128.1139311901534,2599.8076586619804,3623770.9922748627,4155880.6890076287,2512778.285082247,0.029367427556605784,-0.021773116405271988,8971681.79031093,67.68928468604295,0.07973119013066195,0.4157781853508599,-0.0489421084654856,1.133416835336996,False,235.30557980509272,False
21.715185429165757,1581.7574489918047,0.280515109627855,4.205120183102373,4.401898018041849,1.1562717012251225,0.8071051956187791,351.02885152513375,4.385938345517429,64.82729856423109,0.5041667376790643,1.484112981073049,27141.000000016043,24.574537821239034,0.15999654552196899,0.4173891740507017,248.660000000516,593.2408986978685,1518.9639615592587,1364.739813185415,65.07378997717986,2287.2205955587942,2687.426097733027,2964410.3978145486,3266806.66854686,1709352.7728382265,0.031977671059432645,0.00830263935989478,9137797.245206606,118.3609866056984,0.1041061124818075,0.30898202965605076,0.06412971530786529,0.8281219603149524,False,268.9639615592587,False
15.740878923110174,1079.9242682506613,0.46854019239948214,12.85319430617374,4.814085629469057,1.1039185771125826,0.9331557628232255,394.86025661537064,1.7759503112164454,36.478054905431776,0.4912595281998524,1.1621966123582086,27140.999999987187,13.285320006682028,0.16443382761939732,1.7092429146120476,248.660000000516,493.47240202432937,1512.4547714058235,951.2854624146692,158.19615819485534,2356.948666123979,2697.0540054992675,3241148.885816362,3676103.7963570077,1450472.1845772965,0.030960782139822316,0.0005823961161769349,8819498.165056173,105.2371922363089,0.0,0.3164944082467778,0.06550960201698713,0.8285106955506717,False,270.65092960067886,False
16.30489606190746,1535.7332251150908,0.28892860764226774,6.024112217902116,4.363787701476513,1.5732342947494273,0.053909272073752956,353.6154944000906,3.555809764544433,75.11610667865155,0.5108606177385094,1.1812446647058725,27141.000000031774,24.501104420691515,0.19740589960066715,0.2617303978568335,248.660000000516,604.345586545131,1534.545897953235,1458.7650621433447,61.07396614652103,2212.229489347298,2610.499301748784,2893481.009961085,3314759.211427192,2096723.0283881398,0.027207558461554374,0.004852602983265246,9087282.769652868,62.66896699766035,0.10521966095140717,0.3450866895626138,0.02298357594451539,0.9375565534671797,False,284.545897953235,False
27.204739948462304,1335.342286696563,0.2016102360529246,12.346216241245703,4.15078700507741,1.9860587922892692,0.2780850486129828,320.3034937927474,4.702561737416995,71.47382627227363,0.5489023520327,1.311390971881778,27141.00000000075,25.24566193210904,0.16539988414119283,0.17855775481426192,248.660000000516,691.5595319124265,1369.453031789061,1332.0580725580567,344.49631643439864,2570.136259481679,3079.648963138297,3955247.9357857346,4567950.141657175,2912239.957566754,0.03547338932553914,0.000119073042305187,8837479.469571944,103.61477584548388,0.06393670131681965,0.34143827087485284,0.0009592455197143791,0.9971984448666124,False,313.94934822345965,False
29.507000685405732,1100.789975919769,0.4863937959663276,12.442223557493143,4.472713518873493,1.595877398455797,0.668732770206732,358.1505866816955,0.5591136061538251,41.180365132509486,0.5608896840580249,1.1262810794984501,27140.999999999964,16.1770079152996,0.13585246994812694,1.200147035516612,248.660000000516,614.3454399373521,1300.39105511546,1022.3417469683708,420.96398873835307,2586.971182816466,3018.4888928655164,4535737.285221524,4998165.337296284,2066966.0847582333,0.02992269677413692,0.0006456980045304733,8701009.05834902,184.10512630878847,0.0,0.301135537914526,0.03376398744179675,0.899181739938649,False,321.355043853813,False
28.215456623476747,1219.9339863107407,0.21679616363658227,9.635219615061974,4.81665943210914,0.9340439068982658,0.7168786636316892,391.2815163433871,0.6227925058286097,51.32307483515064,0.5321057989519147,1.3208102108722415,27140.999999999978,19.71909658013751,0.15647868851948285,0.4790404257529225,248.660000000516,662.7718866874393,1582.674116068102,1342.3290661828107,186.46487601351737,2403.7169363818666,2763.935258055567,4433167.660522255,4938637.999640334,2188208.1338941567,0.04008650458554517,-0.0042383946522616955,8860207.09616404,122.68095763305459,0.006065599968039657,0.39993114909630867,-0.04674925831065271,1.1323659551362006,False,369.13899208161934,False
26.33670217583244,1356.6235742985866,0.48799453416545246,13.917188431362534,3.7868238008079365,0.9356689578459029,0.09357709581748075,325.22973720337814,2.5327991691116387,42.52608999007147,0.500168615025684,0.8982620693401812,27140.99999999989,18.750652888473052,0.13642337584556302,1.1793949144739888,248.660000000516,692.280601833268,1146.3399503623843,941.1333289717169,554.0583777216766,2922.9414621017822,3386.956333409938,3530313.7977633933,3983438.242420777,2223404.731946683,0.022508778423749678,0.0018709524002120807,8971076.151788644,187.44637404196956,0.05055903410812809,0.2238452374100656,0.1517582798834585,0.5959615048948983,False,404.0583777216766,False
26.014891373510732,1580.9569454316384,0.15671208907962142,11.615548772362455,4.629167456888115,1.8840673298542323,0.08504421136977791,323.12438265863057,1.2642368880405601,72.68855020576478,0.5208934061566608,1.5417494402442864,27140.999999999993,29.174117489578872,0.1547495266987377,0.21403086614044284,248.660000000516,696.6733243628569,1426.0934255271864,1418.7133304079553,425.13895365767064,2908.66752661727,3288.0028184535913,3581512.6430699457,4099165.5305647105,3063454.083766884,0.03306370807796271,0.008780913479707456,9050435.96356656,129.56281895514715,0.16187195080139552,0.32153535680185297,0.0392135534451826,0.8912995927878763,False,451.232379184857,False
18.838085614968467,1348.9464444065748,0.4948758538318526,6.24296847756434,2.7431987052870648,1.188390392150203,0.7501724132979928,356.5580261948554,0.7561824728499275,50.510974436614376,0.49950677727964066,0.6443747570217394,27141.000000011038,18.493850109537757,0.16357482502991902,0.813802183151509,248.660000000516,534.2898718905177,1050.8131516226385,864.9925084533505,108.01821533105037,1867.890867951199,2689.0840244690853,2685925.5575209865,2991412.807811328,1160193.7206745185,0.01609306151244998,0.001395913767884162,9013336.013503555,109.25342116034471,0.038878596860620646,0.19740578458519437,0.17863861272380682,0.5249533991141561,False,0.0,True
12.36385258694077,1502.1986693281074,0.3720679606847676,10.495726024118289,2.728674724894612,1.5855718597063424,0.638355320741173,346.205555528986,0.8037020438039403,72.8323158538596,0.4961431723961682,0.5870312542366202,27141.00000000008,21.901638481390872,0.19319218857543072,0.6283213877261643,248.660000000516,508.4569758369848,1000.1098349901953,880.1865228926675,134.4026775604019,1863.5491787199596,2753.8376000423095,2468115.5427179546,2871590.5824051197,1262281.7448695325,0.014195786327021422,0.001736828944214732,9134186.072937349,67.20476148268791,0.0797513069410872,0.18618094756879122,0.19307410436442904,0.4909122412997525,False,0.0,True
14.710585153604713,1383.9847414653473,0.14958004765610752,10.9990222983129,3.5497539699387812,1.3066591517562578,0.7998219094784991,363.5187499341367,1.1432930931621392,41.20366082009777,0.5151367461013442,0.9013327845495306,27141.00000000005,21.418274019026565,0.17941750714532947,0.7601378619686486,248.660000000516,561.0662921764945,1151.2243549111931,964.2904108928144,132.6724282597635,2160.5962735712837,2771.4463673405257,3362524.3915321305,3777228.9596067024,1454464.4418733083,0.022725269773025556,0.001737803332433298,9110321.910802368,83.68317420702449,0.05146918577984991,0.22889670736345308,0.1367946378065792,0.625928697484008,False,0.0,True
12.302218302507447,1572.3762507493034,0.3720679606847676,10.495726024118289,2.715747924456174,1.5917921193119837,0.632801316715384,346.205555528986,0.8224949412322776,73.12166211363005,0.49234227899731936,0.5723744197303701,27141.000000010572,22.88148763760289,0.19065378533240201,0.6108441610038425,248.660000000516,508.2260281822236,998.8496167980799,886.9856538732871,132.78552257247867,1854.0263097538116,2750.083999816779,2365636.0861988612,2758275.1704992196,1222087.6172171463,0.013557899417241918,0.0019769147086661078,9175258.691105245,70.23941689445941,0.09695080030485428,0.17962414036321628,0.2026881103426684,0.46983621380577284,False,0.0,True
12.36385258694077,1538.2127434258348,0.3720679606847676,10.23741401028155,2.93492080906283,1.5855718597063424,0.5841103254817529,346.205555528986,0.8037020438039403,72.8323158538596,0.49617408432463084,0.6078514370182755,27140.999999999964,22.39841117506013,0.185885766304684,0.7315910319137894,248.660000000516,512.826248375502,1036.0963353805205,894.5643322914528,133.54349084682624,1921.0458397626826,2757.4080539354454,2472122.4272525427,2848568.6684017465,1246348.6852429658,0.014558420991800455,0.0019392748603125408,9163134.184154829,75.68407630777811,0.08925839646871574,0.18431252183221414,0.19503000423936132,0.4858736080579521,False,0.0,True
13.073521340317914,1468.823851368647,0.14392563362228183,9.146049126564247,3.7800906760139634,1.9894468165789414,0.8117175784960208,346.7421123995061,0.9004919937007008,52.40553084987909,0.5245506734410876,1.1134819310785367,27140.999999999993,24.481618808396743,0.19953148283885963,0.472580722585827,248.660000000516,543.2431379600123,1233.4805992431368,1113.7339499065504,139.66051073895326,2286.371021604585,2852.409221991598,3029029.1595205795,3454814.460342872,1853668.973651343,0.026846742825917057,0.0033742702654854977,9084321.907679515,60.66764013580498,0.08263381006501953,0.25632221211319917,0.10264477798186979,0.7140551058617248,False,0.0,True
12.356553743500827,1472.8416502064686,0.2343756817553504,10.36228575825845,3.639899431439039,1.1545094586681135,0.9089315943565432,361.0138887292488,0.7935249009034018,63.52903522419755,0.4797569681145387,0.5286630067488384,27141.00000000347,20.42382315402899,0.1657214190398529,1.354871288492138,248.660000000516,513.137047787669,1132.414604221725,843.8977487360457,108.03442376416942,2019.087236485543,2679.2936631256166,2788490.7357487227,3105222.1993043865,1046653.9386556437,0.013001082815890052,0.0013473598502820056,9209188.31525108,107.34561301423618,0.06700352566670996,0.18357578133374375,0.20919077974759295,0.46739157434465933,False,0.0,True
21.095006135814785,1348.9464444065748,0.4948758538318526,5.001256216010936,2.595974311448499,1.0351768205170413,0.33821866328934413,356.5580261948554,0.7450120531309198,78.49058659660164,0.4971934191602524,0.6628529748917257,27141.00000000008,18.25058034395952,0.18518587594038,0.38099145433310166,248.660000000516,611.2402676897287,1115.4597310860302,1008.9386976130186,77.4229736572882,1754.5057333471245,2638.9727593312978,3005479.4930895637,3372213.0426288014,1571627.2526869224,0.015843036334889857,0.0021474562566465207,9021536.900929466,75.36259188911497,0.04225498824736593,0.2484595664177374,0.12943588053507493,0.6574822968130719,False,0.0,True
20.380232549281118,1462.5303463011328,0.28442899535235777,9.677954899702653,3.0280667238598453,0.9718670309048598,0.37792417932809985,370.467005073763,2.8288975643405623,58.65217197578671,0.48955727159152135,0.6483702187443615,27141.000000000007,21.818858024815544,0.18873476312570442,0.16946460724931556,248.660000000516,619.3109467975037,1209.313468940906,1171.1219013628554,140.9113259048999,1892.0927364061226,2610.3138397595308,3278208.38456551,3804388.547612286,1778817.9207967548,0.013750140844609024,0.003847275262331696,9059951.98718587,71.49391372543565,0.07317187796787877,0.2887184927352276,0.09524081595586116,0.7519507567597837,False,0.0,True
12.294919459067504,1569.6935552242426,0.22495606673997026,10.36228575825845,3.2244104082838434,1.1607296782673306,0.9033795205622538,365.8943589337829,0.5129164716402154,57.028694817243434,0.4727666112293748,0.5292771119731096,27141.000000000022,21.788576262565304,0.17273068809336029,1.0525825482829338,248.660000000516,514.6112607536514,1067.1349408325773,849.9657242363955,103.44860952964083,1939.2086060219697,2688.9878629624527,2643261.7524421755,2976046.6555706183,1023345.6524753356,0.012782137625029336,0.0015829724710328438,9253377.190695325,95.25562548362785,0.08950466221545846,0.17539719326801945,0.223355967507393,0.4398640826493848,False,0.0,True
12.294919459067504,1569.6935552242426,0.22108135415176133,6.107500868600109,3.201603472952064,1.250566892543909,0.9631312191304514,361.5560501898421,0.5016595242000679,67.282553057463,0.4777118272432506,0.5863717254415871,27141.000000009117,22.276598740855402,0.1906648281650826,0.6924255213891148,248.660000000516,512.638796511463,1140.9721479903612,961.6510545200625,63.93547055806575,1885.2249388611508,2628.533911088827,2620748.1216981346,2937554.8862593155,1148922.2447033487,0.013468513721669408,0.002446201278546054,9236772.769332042,70.69804062617922,0.0909532366689794,0.20678955892590356,0.1877977449762928,0.5240654143731879,False,0.0,True
16.17283895261302,1439.9470406358564,0.37223657653886605,6.435363709990211,2.6423364104619456,1.1188427157697733,0.14251833776584466,350.16660793658673,0.6198254811122966,26.655222142054438,0.4941159083744332,0.9276615495606646,27141.00000000024,20.35038309270668,0.19099845855670908,0.48019920423266005,248.660000000516,594.2516998181707,1045.6631599371915,941.5513306651293,118.99029839032146,2079.6142146939947,2856.3294030958573,2942445.2685915246,3314155.8929791814,1538419.1167589528,0.02321575708846212,0.0019619050281641038,9115562.744719608,69.40532221265403,0.06669006653748173,0.21274159992123137,0.1679252096537001,0.5588656393731504,False,0.0,True
16.111455157541958,1411.5695849886783,0.4371003081212149,6.353899289162521,2.6423364104619456,1.0255338871970805,0.14251833776584466,350.16660793658673,0.6198254811122966,26.655222142054438,0.48546944163330563,0.8589803465323821,27140.999999999905,18.812263925963187,0.1827321290688909,0.7208503536883837,248.660000000516,592.1501105732654,1034.2495932535817,884.343943999219,117.82207955516384,2077.4030283201682,2855.516838515337,2838524.2494651675,3180571.7828216497,1403923.4810717572,0.021750755842236277,0.0015628297429990201,9125584.80057488,79.34413667689229,0.057310626705389806,0.1971973385716555,0.1902055665177955,0.5090239024565983,False,0.0,True
10.275350251154336,1250.0343774224177,0.469240945928367,7.773309208134473,4.3392328864478,1.0922099441101483,0.34195283630245243,331.56781766704773,3.725468663658692,61.95845742180885,0.46612161571297583,0.7691635627957866,27140.99999999119,14.797657629477925,0.15432464501952967,3.1391510458349314,248.660000000516,499.6953285233878,1227.0698892870648,728.0823522283262,99.62990355603655,2376.4112036383044,2814.0443674781595,2588447.5992992157,2827500.6365068667,963339.2334874859,0.020224964773537604,0.0006509034842960636,9104147.978902988,131.41118303008483,0.012188165423669782,0.16884925047115965,0.2344847115877843,0.41863385272397097,False,0.0,True
10.936877811815783,1429.0726311778762,0.0316717217281699,8.817351370172142,4.254069474689885,0.9897863809865749,0.4731119528858785,329.44218116584847,4.211248705992717,72.80008323022395,0.47258926748201924,0.8892803669859832,27141.00000000037,19.678902834244,0.17186840060942504,1.5501579304566677,248.660000000516,535.7363473715516,1232.4752875398049,872.5606459211733,94.53065775824147,2312.6358920229513,2777.4238543749284,3195035.7300802334,3501068.5026234947,1174386.1079430748,0.022851460919694963,0.001284497520671937,9219754.948686419,96.34521463614176,0.0565753986376275,0.20525803120208572,0.19370621014158662,0.5144772637036262,False,0.0,True
10.387339157405941,1407.3013197639345,0.10581405800002952,6.921013253094488,3.474719477841015,0.9586987996287885,0.5741176054920131,331.7382859924648,3.151874916064779,61.98550160125587,0.45639579658781143,0.8519207119529834,27141.00000000011,18.464811865115795,0.18971077952832974,1.2758148278772459,248.660000000516,518.7146981642106,1113.1918105527318,827.6476027099096,80.72479046831114,2147.2611313746756,2769.120057149428,3047916.908997607,3358778.762452694,1151371.6956296037,0.022056598164174306,0.0010653818789417072,9208888.152462749,71.55336284653956,0.05015782535946092,0.1995826412881251,0.21327590627154452,0.48341651751628034,False,0.0,True
10.387339157405941,1407.3013197639345,0.10581405800002952,6.921013253094488,3.474719477841015,0.9586987996287885,0.5010138242681424,331.7382859924648,3.151874916064779,61.98550160125587,0.4573503008693153,0.8529603778246312,27141.000000000124,18.50530814642021,0.18942422144418383,1.2703470600818272,248.660000000516,519.7976816958825,1113.8988086926845,829.2179564118803,81.05366196070815,2148.321222392782,2770.0060260531714,3048189.0796752498,3359016.8528835448,1153835.6538913576,0.022078907182750143,0.0010712904317882767,9204257.658855839,71.84244624804948,0.05023346005057173,0.19964793928707517,0.2122907320275736,0.48465452065940956,False,0.0,True
14.55195476644506,1203.1160909723833,0.1863717565566213,11.639616427895865,2.832521983731417,1.6703183813967948,0.47049767615220905,386.1307354025179,2.4656712937935676,40.417045008146346,0.0,999.0,0.0,0.0,0.0,0.0,0.0,0.0,0.0,0.0,0.0,0.0,0.0,0.0,0.0,0.0,0.0,0.0,0.0,0.0,0.0,0.0,0.0,0.0,0,0.0,False
18.7061191525904,1554.073729071265,0.3514724785910534,9.256451592966904,2.378630311248076,1.9745792323497884,0.2392682042694929,340.8766667606664,2.4403178982216693,44.25211434650883,0.0,999.0,0.0,0.0,0.0,0.0,0.0,0.0,0.0,0.0,0.0,0.0,0.0,0.0,0.0,0.0,0.0,0.0,0.0,0.0,0.0,0.0,0.0,0.0,0,0.0,False
14.91037360373015,1546.611543794181,0.021767131878882684,14.458287708671024,3.669220747012776,1.3139995383557963,0.9950523223391111,324.6690116918105,2.8251786189542547,21.865824527332872,0.0,999.0,0.0,0.0,0.0,0.0,0.0,0.0,0.0,0.0,0.0,0.0,0.0,0.0,0.0,0.0,0.0,0.0,0.0,0.0,0.0,0.0,0.0,0.0,0,0.0,False
26.250146083493433,1170.2811009681245,0.26392339805897974,7.733583964193704,3.664001932363,1.971843815804303,0.3117029177189814,373.5037284738296,1.9668524328904364,66.46863596090478,0.0,999.0,0.0,0.0,0.0,0.0,0.0,0.0,0.0,0.0,0.0,0.0,0.0,0.0,0.0,0.0,0.0,0.0,0.0,0.0,0.0,0.0,0.0,0.0,0,0.0,False
18.886963148922543,1050.2649723072764,0.08265924524011992,6.169159811133362,4.0730820246701125,1.5311831560818883,0.8733231340367321,339.57072525753665,3.333235805235109,22.065875918425736,0.0,999.0,0.0,0.0,0.0,0.0,0.0,0.0,0.0,0.0,0.0,0.0,0.0,0.0,0.0,0.0,0.0,0.0,0.0,0.0,0.0,0.0,0.0,0.0,0,0.0,False
13.791034056678546,1578.9933544665482,0.14788075017547095,5.138055117280414,2.4329462006871445,0.9090756674096423,0.69655734356074,365.15006859140505,4.09097704078499,49.466748553954865,0.0,999.0,0.0,0.0,0.0,0.0,0.0,0.0,0.0,0.0,0.0,0.0,0.0,0.0,0.0,0.0,0.0,0.0,0.0,0.0,0.0,0.0,0.0,0.0,0,0.0,False
10.752077572992002,1458.8359834002918,0.2591407901634062,4.058481862572136,2.834519425125486,1.4883154557717928,0.7679628782813116,325.32748353102227,2.9707404973273386,65.97833705094165,0.0,999.0,0.0,0.0,0.0,0.0,0.0,0.0,0.0,0.0,0.0,0.0,0.0,0.0,0.0,0.0,0.0,0.0,0.0,0.0,0.0,0.0,0.0,0.0,0,0.0,False
25.337758162166878,1204.039604138962,0.3982792937683555,7.839229782819181,2.925184185632791,1.9209199863507989,0.42008742603927873,361.8844243773514,3.648589992116745,62.35506557844633,0.0,999.0,0.0,0.0,0.0,0.0,0.0,0.0,0.0,0.0,0.0,0.0,0.0,0.0,0.0,0.0,0.0,0.0,0.0,0.0,0.0,0.0,0.0,0.0,0,0.0,False
17.89764525073601,1276.9478265774317,0.2804743775609726,12.583998756181954,3.4615817272202714,1.3619929072112649,0.26199970471933565,392.86449112694066,0.6002218018976186,69.26731389313788,0.0,999.0,0.0,0.0,0.0,0.0,0.0,0.0,0.0,0.0,0.0,0.0,0.0,0.0,0.0,0.0,0.0,0.0,0.0,0.0,0.0,0.0,0.0,0.0,0,0.0,False
28.3903111370193,1110.63066542066,0.2926742294691255,12.543484964267481,3.338351657103289,1.914055136032197,0.2789908904569709,368.70649393550366,3.5710416939506695,39.46277053787324,0.0,999.0,0.0,0.0,0.0,0.0,0.0,0.0,0.0,0.0,0.0,0.0,0.0,0.0,0.0,0.0,0.0,0.0,0.0,0.0,0.0,0.0,0.0,0.0,0,0.0,False
15.680619705740098,1530.2533049083604,0.22037083006173097,5.148490120104431,2.671448927160599,1.5747872016343332,0.24078312886220465,371.15643983966265,2.726877250301933,76.78085911818208,0.0,999.0,0.0,0.0,0.0,0.0,0.0,0.0,0.0,0.0,0.0,0.0,0.0,0.0,0.0,0.0,0.0,0.0,0.0,0.0,0.0,0.0,0.0,0.0,0,0.0,False
25.021132629195616,1468.6274933163743,0.4527478958389437,7.76345940497383,2.5300366792170244,1.3302090354174387,0.3205646539951602,383.8584439523878,3.260866548507942,65.60010514098494,0.0,999.0,0.0,0.0,0.0,0.0,0.0,0.0,0.0,0.0,0.0,0.0,0.0,0.0,0.0,0.0,0.0,0.0,0.0,0.0,0.0,0.0,0.0,0.0,0,0.0,False
20.241220550478374,1370.4766072102937,0.21617779738217202,13.324705150611814,3.362177168177454,0.916943871771113,0.8730681484470995,372.4961238195279,4.203513682918119,77.1065415820311,0.0,999.0,0.0,0.0,0.0,0.0,0.0,0.0,0.0,0.0,0.0,0.0,0.0,0.0,0.0,0.0,0.0,0.0,0.0,0.0,0.0,0.0,0.0,0.0,0,0.0,False
23.14130849245779,1396.1782004602537,0.015868429004059326,9.825012715262343,4.683297255282717,1.5764280222443718,0.8709456091610533,392.69962182867107,1.9843005320684706,50.65681839678268,0.0,999.0,0.0,0.0,0.0,0.0,0.0,0.0,0.0,0.0,0.0,0.0,0.0,0.0,0.0,0.0,0.0,0.0,0.0,0.0,0.0,0.0,0.0,0.0,0,0.0,False
15.26593540974222,1039.5766544104142,0.36753298164433473,12.493958324975715,4.723447557510572,1.925169276116521,0.013951572975597015,338.74896688971364,3.2755026065074593,76.94097924125698,0.0,999.0,0.0,0.0,0.0,0.0,0.0,0.0,0.0,0.0,0.0,0.0,0.0,0.0,0.0,0.0,0.0,0.0,0.0,0.0,0.0,0.0,0.0,0.0,0,0.0,False
10.00804049782715,1586.0554894186357,0.18829015737288723,14.711618921941549,3.8141483029221592,1.8117303887787624,0.5747115047081023,370.246095864588,1.7850932676306228,55.210000439364975,0.0,999.0,0.0,0.0,0.0,0.0,0.0,0.0,0.0,0.0,0.0,0.0,0.0,0.0,0.0,0.0,0.0,0.0,0.0,0.0,0.0,0.0,0.0,0.0,0,0.0,False
22.090914173390612,1455.4689190672984,0.08497035710862888,9.724469672073594,3.617283858561632,1.737711266492179,0.18395344154722204,357.0271294966608,4.401091864042426,49.83735115517098,0.0,999.0,0.0,0.0,0.0,0.0,0.0,0.0,0.0,0.0,0.0,0.0,0.0,0.0,0.0,0.0,0.0,0.0,0.0,0.0,0.0,0.0,0.0,0.0,0,0.0,False
11.439485593789735,1365.3256423683913,0.2839677511651768,7.937296863318282,2.5916202096241783,1.9264884969471556,0.1954294811093188,364.08424775815496,4.8650899508974055,70.31894842455978,0.0,999.0,0.0,0.0,0.0,0.0,0.0,0.0,0.0,0.0,0.0,0.0,0.0,0.0,0.0,0.0,0.0,0.0,0.0,0.0,0.0,0.0,0.0,0.0,0,0.0,False
19.197605316336137,1327.808089612224,0.3993017955760197,7.1429073690756235,3.470760567859783,1.5590213384104663,0.015533275550835723,367.478512655731,2.4515435704525625,68.44163173309049,0.0,999.0,0.0,0.0,0.0,0.0,0.0,0.0,0.0,0.0,0.0,0.0,0.0,0.0,0.0,0.0,0.0,0.0,0.0,0.0,0.0,0.0,0.0,0.0,0,0.0,False
22.031587870900246,1233.987890217771,0.28800976469748746,4.207335720695095,3.815845357749539,1.8282244718243077,0.3810161240622142,379.98866485809145,2.800136652337077,31.14591659537632,0.0,999.0,0.0,0.0,0.0,0.0,0.0,0.0,0.0,0.0,0.0,0.0,0.0,0.0,0.0,0.0,0.0,0.0,0.0,0.0,0.0,0.0,0.0,0.0,0,0.0,False
17.128740753094537,1039.5766544104142,0.011926388220063505,12.493958324975715,4.723447557510572,1.0839485416920944,0.0039996728246777385,349.58682375821655,3.34042713092763,76.94097924125698,0.0,999.0,0.0,0.0,0.0,0.0,0.0,0.0,0.0,0.0,0.0,0.0,0.0,0.0,0.0,0.0,0.0,0.0,0.0,0.0,0.0,0.0,0.0,0.0,0,0.0,False
13.465127005499351,1316.2348613545655,0.44297104965538725,7.929967360027497,3.058175652290733,1.585696127370983,0.6090512623401807,390.43161701745174,4.34976240872877,79.83937102708883,0.0,999.0,0.0,0.0,0.0,0.0,0.0,0.0,0.0,0.0,0.0,0.0,0.0,0.0,0.0,0.0,0.0,0.0,0.0,0.0,0.0,0.0,0.0,0.0,0,0.0,False
17.6569853345995,1252.9877867081707,0.27644267533169264,12.48065215272179,3.4615817272202714,1.9360436612246341,0.26199970471933565,392.86449112694066,1.1840624380494478,69.26731389313788,0.0,999.0,0.0,0.0,0.0,0.0,0.0,0.0,0.0,0.0,0.0,0.0,0.0,0.0,0.0,0.0,0.0,0.0,0.0,0.0,0.0,0.0,0.0,0.0,0,0.0,False
21.02863147346745,1111.1735436211313,0.2210505553133829,6.038494105314529,4.842127753861877,1.4432071232401942,0.9639177674239978,371.59533380097696,2.679420978645735,78.06171475767185,0.0,999.0,0.0,0.0,0.0,0.0,0.0,0.0,0.0,0.0,0.0,0.0,0.0,0.0,0.0,0.0,0.0,0.0,0.0,0.0,0.0,0.0,0.0,0.0,0,0.0,False
18.838085614968467,1538.1261794946565,0.0306842724524182,6.193794714005002,2.7431987052870648,1.313085581626832,0.7501724132979928,356.5580261948554,0.7561824728499275,50.510974436614376,0.0,999.0,0.0,0.0,0.0,0.0,0.0,0.0,0.0,0.0,0.0,0.0,0.0,0.0,0.0,0.0,0.0,0.0,0.0,0.0,0.0,0.0,0.0,0.0,0,0.0,False
28.354357576499588,1548.7662106644475,0.028442799916410466,5.1735903186371885,2.609068678754,1.9598949217961632,0.7285856679745962,336.6555550727033,1.8234784098648846,50.03887424103449,0.0,999.0,0.0,0.0,0.0,0.0,0.0,0.0,0.0,0.0,0.0,0.0,0.0,0.0,0.0,0.0,0.0,0.0,0.0,0.0,0.0,0.0,0.0,0.0,0,0.0,False
22.69652292251891,1111.1735436211313,0.23690941648436392,6.731349687611464,4.8618544805974455,1.421595464174991,0.904166065613774,352.35850350424664,2.679420978645735,78.06171475767185,0.0,999.0,0.0,0.0,0.0,0.0,0.0,0.0,0.0,0.0,0.0,0.0,0.0,0.0,0.0,0.0,0.0,0.0,0.0,0.0,0.0,0.0,0.0,0.0,0,0.0,False
17.114103419677622,1325.129049190532,0.08019758975982455,12.202009119782456,2.157348471668887,1.2995730104391772,0.8710003153882304,393.25773371048194,3.3976546917976926,31.318208057318653,0.0,999.0,0.0,0.0,0.0,0.0,0.0,0.0,0.0,0.0,0.0,0.0,0.0,0.0,0.0,0.0,0.0,0.0,0.0,0.0,0.0,0.0,0.0,0.0,0,0.0,False
14.716292742950275,1564.4967779208396,0.34210902549161376,4.714027438730422,4.611274570469199,1.6715183240966809,0.6049268729742817,378.5899919343465,1.6404756912490135,56.02933731647266,0.0,999.0,0.0,0.0,0.0,0.0,0.0,0.0,0.0,0.0,0.0,0.0,0.0,0.0,0.0,0.0,0.0,0.0,0.0,0.0,0.0,0.0,0.0,0.0,0,0.0,False
16.419727490489066,1073.7728629313071,0.3606516720932854,8.84381795514362,2.3802071274260257,1.548806012920878,0.03606831456985993,336.01456931287896,4.047355353505861,20.725805600921472,0.0,999.0,0.0,0.0,0.0,0.0,0.0,0.0,0.0,0.0,0.0,0.0,0.0,0.0,0.0,0.0,0.0,0.0,0.0,0.0,0.0,0.0,0.0,0.0,0,0.0,False
21.124804679808378,1085.6040428674396,0.02918960307385774,5.334778013148111,2.1336556356342853,1.0250120831181395,0.16263805394191944,377.04891545847704,3.0033519553377546,21.93222425613969,0.0,999.0,0.0,0.0,0.0,0.0,0.0,0.0,0.0,0.0,0.0,0.0,0.0,0.0,0.0,0.0,0.0,0.0,0.0,0.0,0.0,0.0,0.0,0.0,0,0.0,False
11.439485593789735,1580.365798000163,0.28405023095997106,6.2362255812708955,2.75697723371097,1.7182084394826023,0.1954294811093188,366.5087141818606,4.8650899508974055,70.80972808940211,0.0,999.0,0.0,0.0,0.0,0.0,0.0,0.0,0.0,0.0,0.0,0.0,0.0,0.0,0.0,0.0,0.0,0.0,0.0,0.0,0.0,0.0,0.0,0.0,0,0.0,False
18.34044009405148,1432.194696065295,5.718740867244332e-05,7.325658298950238,2.440267672451339,1.0015724542456776,0.1862602113776709,347.6448581634438,2.2854536340380145,52.32900404020142,0.0,999.0,0.0,0.0,0.0,0.0,0.0,0.0,0.0,0.0,0.0,0.0,0.0,0.0,0.0,0.0,0.0,0.0,0.0,0.0,0.0,0.0,0.0,0.0,0,0.0,False
25.420107159093646,1196.1253218070224,0.21999482415971355,7.754632914820976,2.9288894679875845,1.9245597932138043,0.9769161619458502,386.057321165075,4.2017810693687725,77.78724032708729,0.0,999.0,0.0,0.0,0.0,0.0,0.0,0.0,0.0,0.0,0.0,0.0,0.0,0.0,0.0,0.0,0.0,0.0,0.0,0.0,0.0,0.0,0.0,0.0,0,0.0,False
19.49263470227826,1585.7101810244997,0.2725061684448218,5.664298768232955,2.5030466455971325,1.4557186869357421,0.5502882935269116,393.9763345228822,4.2754312637299865,20.206915358987228,0.0,999.0,0.0,0.0,0.0,0.0,0.0,0.0,0.0,0.0,0.0,0.0,0.0,0.0,0.0,0.0,0.0,0.0,0.0,0.0,0.0,0.0,0.0,0.0,0,0.0,False
15.26593540974222,1008.3487782851784,0.290964489520795,12.493958324975715,4.775724356673315,1.926988410266488,0.016218451219621288,338.74896688971364,3.2755026065074593,76.94097924125698,0.0,999.0,0.0,0.0,0.0,0.0,0.0,0.0,0.0,0.0,0.0,0.0,0.0,0.0,0.0,0.0,0.0,0.0,0.0,0.0,0.0,0.0,0.0,0.0,0,0.0,False
13.439416357895144,1051.46521590946,0.04799049544005998,12.766584771778902,2.286146661570097,1.7492464576623528,0.2902979970618682,326.7105313349619,0.5752201508465289,69.72793653554585,0.0,999.0,0.0,0.0,0.0,0.0,0.0,0.0,0.0,0.0,0.0,0.0,0.0,0.0,0.0,0.0,0.0,0.0,0.0,0.0,0.0,0.0,0.0,0.0,0,0.0,False
15.512062055217175,1554.844488123023,0.19349461712814608,9.421689607744522,2.763314306943266,1.8734631707218696,0.38326345680528673,343.80597722511004,3.7291773298763946,31.452196590338446,0.0,999.0,0.0,0.0,0.0,0.0,0.0,0.0,0.0,0.0,0.0,0.0,0.0,0.0,0.0,0.0,0.0,0.0,0.0,0.0,0.0,0.0,0.0,0.0,0,0.0,False
27.193019071384022,1402.959028543834,0.3167370063112105,5.372264300760971,3.411763638496657,1.9852300575455697,0.9482991740726651,371.6068512208355,1.1827619196438812,58.3476109231943,0.0,999.0,0.0,0.0,0.0,0.0,0.0,0.0,0.0,0.0,0.0,0.0,0.0,0.0,0.0,0.0,0.0,0.0,0.0,0.0,0.0,0.0,0.0,0.0,0,0.0,False
25.21604912611512,1470.9801157600314,0.45205149295690245,6.571455618645166,2.5300366792170244,1.3302090354174387,0.2398905163304853,385.2381543204501,3.260866548507942,65.60010514098494,0.0,999.0,0.0,0.0,0.0,0.0,0.0,0.0,0.0,0.0,0.0,0.0,0.0,0.0,0.0,0.0,0.0,0.0,0.0,0.0,0.0,0.0,0.0,0.0,0,0.0,False
18.658770174683262,1214.506700398265,0.16513846826254047,11.671057631744533,2.8059503717186796,1.7891058150759183,0.2952887943998478,363.5297106868286,2.695646713123411,71.32138475572219,0.0,999.0,0.0,0.0,0.0,0.0,0.0,0.0,0.0,0.0,0.0,0.0,0.0,0.0,0.0,0.0,0.0,0.0,0.0,0.0,0.0,0.0,0.0,0.0,0,0.0,False
20.537037517836687,1250.2614508641147,0.29164048432098216,14.265225720053499,2.5335942438540457,1.8460734479638379,0.9573949263266688,396.75764854798257,0.6703816447419373,25.2586607336233,0.0,999.0,0.0,0.0,0.0,0.0,0.0,0.0,0.0,0.0,0.0,0.0,0.0,0.0,0.0,0.0,0.0,0.0,0.0,0.0,0.0,0.0,0.0,0.0,0,0.0,False
17.621629825869046,1395.6069617172188,0.03545920023519361,5.678643857464991,2.0497276487028024,1.0251759920921475,0.6517892760100904,352.2125481739935,1.9446184137529214,53.47471965462635,0.0,999.0,0.0,0.0,0.0,0.0,0.0,0.0,0.0,0.0,0.0,0.0,0.0,0.0,0.0,0.0,0.0,0.0,0.0,0.0,0.0,0.0,0.0,0.0,0,0.0,False
11.749644191071818,1102.7738045395436,0.05154061386505393,5.922424639919427,3.8212824859173815,1.6032678482513363,0.819278919981702,346.9023840083351,3.658444383903397,47.49520764830885,0.0,999.0,0.0,0.0,0.0,0.0,0.0,0.0,0.0,0.0,0.0,0.0,0.0,0.0,0.0,0.0,0.0,0.0,0.0,0.0,0.0,0.0,0.0,0.0,0,0.0,False
29.66718818867235,1046.6287421994318,0.22096787322598155,13.754801000272057,2.026817307113735,1.8050030059641293,0.8612116383667944,355.1864651366858,1.7742689861281529,67.34570264681444,0.0,999.0,0.0,0.0,0.0,0.0,0.0,0.0,0.0,0.0,0.0,0.0,0.0,0.0,0.0,0.0,0.0,0.0,0.0,0.0,0.0,0.0,0.0,0.0,0,0.0,False
29.669798130174097,1456.9570072722793,0.16545981386326808,12.682072612966374,2.3064296832707214,1.3926828787934957,0.23912411055258453,346.61182062253704,1.7949890236385693,70.3346633791909,0.0,999.0,0.0,0.0,0.0,0.0,0.0,0.0,0.0,0.0,0.0,0.0,0.0,0.0,0.0,0.0,0.0,0.0,0.0,0.0,0.0,0.0,0.0,0.0,0,0.0,False
18.04492717762733,1102.0778896661022,0.02668569065075002,7.678613319669999,4.337163072911778,1.9364395157081982,0.6786209260137326,368.00700216144685,3.8402005563749837,52.51872749654235,0.0,999.0,0.0,0.0,0.0,0.0,0.0,0.0,0.0,0.0,0.0,0.0,0.0,0.0,0.0,0.0,0.0,0.0,0.0,0.0,0.0,0.0,0.0,0.0,0,0.0,False
13.446810166906571,1082.2814497773265,0.4662977315185818,11.664999776388902,2.1980005181661877,1.731009357862713,0.7538761884612464,393.84196284371865,3.701861413828123,27.45625771832988,0.0,999.0,0.0,0.0,0.0,0.0,0.0,0.0,0.0,0.0,0.0,0.0,0.0,0.0,0.0,0.0,0.0,0.0,0.0,0.0,0.0,0.0,0.0,0.0,0,0.0,False
22.271773890056714,1388.9876536978747,0.08497035710862888,5.643914788327487,3.5425251305776486,1.8628659989899932,0.18395344154722204,357.0271294966608,2.4301955031345632,49.83735115517098,0.0,999.0,0.0,0.0,0.0,0.0,0.0,0.0,0.0,0.0,0.0,0.0,0.0,0.0,0.0,0.0,0.0,0.0,0.0,0.0,0.0,0.0,0.0,0.0,0,0.0,False
28.326111069367016,1545.781314970934,0.1285591468910981,5.219804308184321,2.5788881960573384,1.4495425877467747,0.7285856679745962,336.6555550727033,1.6161510126975382,71.10031249618203,0.0,999.0,0.0,0.0,0.0,0.0,0.0,0.0,0.0,0.0,0.0,0.0,0.0,0.0,0.0,0.0,0.0,0.0,0.0,0.0,0.0,0.0,0.0,0.0,0,0.0,False
13.851120419101369,1451.7555489879653,0.0036594846639319,7.61081714015859,4.752819042933179,1.5472040661832644,0.8551902839041353,368.373764187935,4.201601686357419,72.76901140575902,0.0,999.0,0.0,0.0,0.0,0.0,0.0,0.0,0.0,0.0,0.0,0.0,0.0,0.0,0.0,0.0,0.0,0.0,0.0,0.0,0.0,0.0,0.0,0.0,0,0.0,False
22.370271338241707,1003.8053489482307,0.2693136412881735,4.344831264834114,4.897608074617185,1.895942237073056,0.7959669419422694,324.87604047047034,1.1550120402127868,29.95430181552129,0.0,999.0,0.0,0.0,0.0,0.0,0.0,0.0,0.0,0.0,0.0,0.0,0.0,0.0,0.0,0.0,0.0,0.0,0.0,0.0,0.0,0.0,0.0,0.0,0,0.0,False
23.14130849245779,1348.621394450854,0.1003637440175455,9.825012715262343,4.683297255282717,1.2354933734187377,0.8709456091610533,392.69962182867107,1.9843005320684706,60.98446198019385,0.0,999.0,0.0,0.0,0.0,0.0,0.0,0.0,0.0,0.0,0.0,0.0,0.0,0.0,0.0,0.0,0.0,0.0,0.0,0.0,0.0,0.0,0.0,0.0,0,0.0,False
10.062257156503842,1464.9379880347587,0.4482083012284235,6.632472781812551,2.362301552927689,1.1423123865731004,0.3020967312900983,390.64228068510675,2.9442489360714252,37.20269897638583,0.0,999.0,0.0,0.0,0.0,0.0,0.0,0.0,0.0,0.0,0.0,0.0,0.0,0.0,0.0,0.0,0.0,0.0,0.0,0.0,0.0,0.0,0.0,0.0,0,0.0,False
10.458302626447635,1311.4493933271938,0.40499435533120814,4.13864143732864,4.017409533961201,1.655489049322691,0.44924675358663757,393.18309493935476,3.399624881406468,20.31439025908795,0.0,999.0,0.0,0.0,0.0,0.0,0.0,0.0,0.0,0.0,0.0,0.0,0.0,0.0,0.0,0.0,0.0,0.0,0.0,0.0,0.0,0.0,0.0,0.0,0,0.0,False
29.188686421235047,1482.376534899188,0.01616153331178699,11.803259763544247,3.3950044446905183,1.9423038355346098,0.2214327343234883,341.3657615747493,0.866632841947679,45.71712971982719,0.0,999.0,0.0,0.0,0.0,0.0,0.0,0.0,0.0,0.0,0.0,0.0,0.0,0.0,0.0,0.0,0.0,0.0,0.0,0.0,0.0,0.0,0.0,0.0,0,0.0,False
11.787921320908524,1539.2614338540002,0.08271720553627691,13.088502890416304,4.019708870060658,1.435425819300172,0.5984646931046363,362.18139651883337,4.233646973657422,66.90044062774419,0.0,999.0,0.0,0.0,0.0,0.0,0.0,0.0,0.0,0.0,0.0,0.0,0.0,0.0,0.0,0.0,0.0,0.0,0.0,0.0,0.0,0.0,0.0,0.0,0,0.0,False
26.328784050266663,1376.9437582783946,0.47815075487761605,10.448463604637787,2.740722747782324,1.3722637948781415,0.8814261850342329,399.35560095258245,2.2225236624716214,51.2657039425914,0.0,999.0,0.0,0.0,0.0,0.0,0.0,0.0,0.0,0.0,0.0,0.0,0.0,0.0,0.0,0.0,0.0,0.0,0.0,0.0,0.0,0.0,0.0,0.0,0,0.0,False
27.599965771268636,1544.1639038815276,0.3313599061876311,6.972290882327336,2.757100104513769,1.928855520181955,0.5277146463087466,358.83270332702756,3.0761983273622286,56.714512709260774,0.0,999.0,0.0,0.0,0.0,0.0,0.0,0.0,0.0,0.0,0.0,0.0,0.0,0.0,0.0,0.0,0.0,0.0,0.0,0.0,0.0,0.0,0.0,0.0,0,0.0,False
29.89335931047204,1535.4025591894515,0.3586457989057049,9.171314761516246,2.018113766823481,1.9736479055145226,0.15983365034409336,356.41023548323136,2.0041400751614598,45.16431917498163,0.0,999.0,0.0,0.0,0.0,0.0,0.0,0.0,0.0,0.0,0.0,0.0,0.0,0.0,0.0,0.0,0.0,0.0,0.0,0.0,0.0,0.0,0.0,0.0,0,0.0,False
20.537037517836687,1250.2614508641147,0.40032982906461984,14.265225720053499,2.5335942438540457,1.8460734479638379,0.9573949263266688,396.75764854798257,0.6703816447419373,23.455010336490425,0.0,999.0,0.0,0.0,0.0,0.0,0.0,0.0,0.0,0.0,0.0,0.0,0.0,0.0,0.0,0.0,0.0,0.0,0.0,0.0,0.0,0.0,0.0,0.0,0,0.0,False
27.709799708840194,1408.2814295929813,0.4482083012284235,5.351027018973209,2.2472886679378137,1.1266994250545834,0.2754977090296465,383.90898933389116,3.396853112264595,58.63706498656422,0.0,999.0,0.0,0.0,0.0,0.0,0.0,0.0,0.0,0.0,0.0,0.0,0.0,0.0,0.0,0.0,0.0,0.0,0.0,0.0,0.0,0.0,0.0,0.0,0,0.0,False
18.383890288065896,1411.1317002380556,0.10222612486575872,4.908298079497318,2.043906524808667,1.6375142611962425,0.4173410181855096,364.7657933563497,1.0830822218050804,50.34260262212933,0.0,999.0,0.0,0.0,0.0,0.0,0.0,0.0,0.0,0.0,0.0,0.0,0.0,0.0,0.0,0.0,0.0,0.0,0.0,0.0,0.0,0.0,0.0,0.0,0,0.0,False
23.56964907995848,1412.381889624634,0.2807456293996871,7.938879054142294,3.8393370061010366,1.92930989326902,0.5968885249459731,398.367213948754,2.48452979183992,64.3767177504528,0.0,999.0,0.0,0.0,0.0,0.0,0.0,0.0,0.0,0.0,0.0,0.0,0.0,0.0,0.0,0.0,0.0,0.0,0.0,0.0,0.0,0.0,0.0,0.0,0,0.0,False
12.62826733699714,1432.194696065295,0.0010579487569231036,7.325658298950238,2.412654461195702,0.9818602265952489,0.1862602113776709,338.039020508783,2.3409607751033152,36.100906002887264,0.0,999.0,0.0,0.0,0.0,0.0,0.0,0.0,0.0,0.0,0.0,0.0,0.0,0.0,0.0,0.0,0.0,0.0,0.0,0.0,0.0,0.0,0.0,0.0,0,0.0,False
20.376085014668284,1136.9798581175446,0.03728703562573993,8.073362631512765,2.9699260257438667,1.3496477961703133,0.4140749144174959,399.57979419657437,4.68480030643993,28.84437963848564,0.0,999.0,0.0,0.0,0.0,0.0,0.0,0.0,0.0,0.0,0.0,0.0,0.0,0.0,0.0,0.0,0.0,0.0,0.0,0.0,0.0,0.0,0.0,0.0,0,0.0,False
18.383890288065896,1411.1317002380556,0.10222612486575872,13.6592918003004,2.0821627795937783,1.6375142611962425,0.41730480236712697,364.69518627566015,1.131741223678552,31.886089345092728,0.0,999.0,0.0,0.0,0.0,0.0,0.0,0.0,0.0,0.0,0.0,0.0,0.0,0.0,0.0,0.0,0.0,0.0,0.0,0.0,0.0,0.0,0.0,0.0,0,0.0,False
21.42351478372467,1108.2811053970693,0.31547960016976523,14.790160433256396,4.6247076536371425,1.3970198743629578,0.7084608700517172,382.19750000025516,2.7267938788215362,51.712009410653906,0.0,999.0,0.0,0.0,0.0,0.0,0.0,0.0,0.0,0.0,0.0,0.0,0.0,0.0,0.0,0.0,0.0,0.0,0.0,0.0,0.0,0.0,0.0,0.0,0,0.0,False
23.372450038371223,1258.283069646985,0.3838944888290865,4.5996754035671366,2.7828949209583813,1.7675054380133508,0.19343384543298642,370.67134621979585,0.7354082589686454,56.59143237056005,0.0,999.0,0.0,0.0,0.0,0.0,0.0,0.0,0.0,0.0,0.0,0.0,0.0,0.0,0.0,0.0,0.0,0.0,0.0,0.0,0.0,0.0,0.0,0.0,0,0.0,False
29.777221778129896,1448.8993926279036,0.1402219960322026,12.682072612966374,2.3096780197329263,1.3926828787934957,0.9085955030930956,343.4891318698944,1.7949890236385693,27.80171432709666,0.0,999.0,0.0,0.0,0.0,0.0,0.0,0.0,0.0,0.0,0.0,0.0,0.0,0.0,0.0,0.0,0.0,0.0,0.0,0.0,0.0,0.0,0.0,0.0,0,0.0,False
22.59435014043129,1126.1044059489038,0.37637777686940693,4.731901294895264,2.7809452957356227,1.78523002011768,0.19343428262332774,371.15687047039523,2.8610163910568014,75.48847822396104,0.0,999.0,0.0,0.0,0.0,0.0,0.0,0.0,0.0,0.0,0.0,0.0,0.0,0.0,0.0,0.0,0.0,0.0,0.0,0.0,0.0,0.0,0.0,0.0,0,0.0,False
22.893034690155385,1479.162546856126,0.1505156249042764,4.30366613149954,3.780297348393863,1.8282244718243077,0.20290581482239325,380.0381717120498,2.800136652337077,52.45710829773132,0.0,999.0,0.0,0.0,0.0,0.0,0.0,0.0,0.0,0.0,0.0,0.0,0.0,0.0,0.0,0.0,0.0,0.0,0.0,0.0,0.0,0.0,0.0,0.0,0,0.0,False
27.984418991319377,1045.418129054982,0.4392939316023852,6.099232995953287,4.549306730053792,1.6338306675691245,0.34433919545005387,332.1100455994239,3.3591693266980402,70.86728262288449,0.0,999.0,0.0,0.0,0.0,0.0,0.0,0.0,0.0,0.0,0.0,0.0,0.0,0.0,0.0,0.0,0.0,0.0,0.0,0.0,0.0,0.0,0.0,0.0,0,0.0,False
13.932521629458183,1163.726079174518,0.0036594846639319,8.618214823720708,4.752819042933179,1.5472040661832644,0.8551902839041353,368.9766950912052,3.9683381901167314,70.45425758328568,0.0,999.0,0.0,0.0,0.0,0.0,0.0,0.0,0.0,0.0,0.0,0.0,0.0,0.0,0.0,0.0,0.0,0.0,0.0,0.0,0.0,0.0,0.0,0.0,0,0.0,False
12.926016307829117,1430.5209356130426,0.22283386374208003,10.63318186587799,2.6726314887975056,0.9193218135588356,0.33538093254820445,389.73244982798207,4.3209513023816015,52.305971765416764,0.0,999.0,0.0,0.0,0.0,0.0,0.0,0.0,0.0,0.0,0.0,0.0,0.0,0.0,0.0,0.0,0.0,0.0,0.0,0.0,0.0,0.0,0.0,0.0,0,0.0,False
11.601219545424346,1289.0177698127063,0.20297915518951465,10.40280110626885,3.390579843890892,1.6815910345347864,0.4319477687892387,375.7718823002205,3.356344197968967,29.058843996778748,0.0,999.0,0.0,0.0,0.0,0.0,0.0,0.0,0.0,0.0,0.0,0.0,0.0,0.0,0.0,0.0,0.0,0.0,0.0,0.0,0.0,0.0,0.0,0.0,0,0.0,False
12.889268421117652,1435.899981467884,0.11231018517044394,9.712870068026362,3.595674445472907,0.9350361445681256,0.4946010766079109,391.7075408763709,4.648189977289327,52.30643555567262,0.0,999.0,0.0,0.0,0.0,0.0,0.0,0.0,0.0,0.0,0.0,0.0,0.0,0.0,0.0,0.0,0.0,0.0,0.0,0.0,0.0,0.0,0.0,0.0,0,0.0,False
22.370271338241707,1006.2185568011391,0.473886400629121,4.03319752281556,4.853581356470613,1.9521662114606637,0.7596258825676724,393.221945593183,3.36118717478333,29.463804192231997,0.0,999.0,0.0,0.0,0.0,0.0,0.0,0.0,0.0,0.0,0.0,0.0,0.0,0.0,0.0,0.0,0.0,0.0,0.0,0.0,0.0,0.0,0.0,0.0,0,0.0,False
25.21604912611512,1468.6274933163743,0.45205149295690245,6.571455618645166,2.5300366792170244,1.3302090354174387,0.3205646539951602,385.2381543204501,3.260866548507942,65.60010514098494,0.0,999.0,0.0,0.0,0.0,0.0,0.0,0.0,0.0,0.0,0.0,0.0,0.0,0.0,0.0,0.0,0.0,0.0,0.0,0.0,0.0,0.0,0.0,0.0,0,0.0,False
17.897512258471096,1577.957517064427,0.08697783334023218,5.38962471383601,2.405237474140194,1.4562283822445865,0.021524805274197978,395.8376168974145,4.222019620268297,20.901138844527342,0.0,999.0,0.0,0.0,0.0,0.0,0.0,0.0,0.0,0.0,0.0,0.0,0.0,0.0,0.0,0.0,0.0,0.0,0.0,0.0,0.0,0.0,0.0,0.0,0,0.0,False
22.991661097569576,1562.841376472926,0.4897325468306441,7.0448710886064525,4.835430377150885,1.7415056631279573,0.5997403444720987,386.63745150696565,4.532195712087509,78.3632211711695,0.0,999.0,0.0,0.0,0.0,0.0,0.0,0.0,0.0,0.0,0.0,0.0,0.0,0.0,0.0,0.0,0.0,0.0,0.0,0.0,0.0,0.0,0.0,0.0,0,0.0,False
27.599965771268636,1542.305173495823,0.3313599061876311,6.972290882327336,2.757100104513769,1.8403877369671426,0.5277146463087466,384.17288672036784,3.0761983273622286,63.98855151725067,0.0,999.0,0.0,0.0,0.0,0.0,0.0,0.0,0.0,0.0,0.0,0.0,0.0,0.0,0.0,0.0,0.0,0.0,0.0,0.0,0.0,0.0,0.0,0.0,0,0.0,False
12.868460973404899,1047.032139912969,0.009166321456503645,4.733974974032921,3.3757514411252956,1.0246761150443495,0.027783348848669953,380.3889185112374,2.2768271620728773,64.8163097364515,0.0,999.0,0.0,0.0,0.0,0.0,0.0,0.0,0.0,0.0,0.0,0.0,0.0,0.0,0.0,0.0,0.0,0.0,0.0,0.0,0.0,0.0,0.0,0.0,0,0.0,False
20.345351970022598,1549.8435118323387,0.2197923951015662,6.72135640262624,3.1138812838371632,1.7219214578848,0.9368683813090937,387.5463958852571,4.640929314375472,32.62174643772824,0.0,999.0,0.0,0.0,0.0,0.0,0.0,0.0,0.0,0.0,0.0,0.0,0.0,0.0,0.0,0.0,0.0,0.0,0.0,0.0,0.0,0.0,0.0,0.0,0,0.0,False
17.89764525073601,1024.6108564290564,0.004137837440172737,12.583998756181954,3.611553286289443,1.3549208160198425,0.5377369989555791,387.52136867519954,0.6002218018976186,69.26731389313788,0.0,999.0,0.0,0.0,0.0,0.0,0.0,0.0,0.0,0.0,0.0,0.0,0.0,0.0,0.0,0.0,0.0,0.0,0.0,0.0,0.0,0.0,0.0,0.0,0,0.0,False
12.131790606134162,1458.9500645642154,0.28853899329734234,6.653710064051766,3.4663235595890853,1.9885455743128724,0.987951398099481,371.6068512208355,1.1827619196438812,36.91324503749207,0.0,999.0,0.0,0.0,0.0,0.0,0.0,0.0,0.0,0.0,0.0,0.0,0.0,0.0,0.0,0.0,0.0,0.0,0.0,0.0,0.0,0.0,0.0,0.0,0,0.0,False
11.049355043661555,1119.6973276831368,0.1485722321098537,5.182597638036844,3.3184636879360974,1.3253587220281968,0.2931470323057198,322.74892948713483,1.3041089739843716,63.16528804554362,0.0,999.0,0.0,0.0,0.0,0.0,0.0,0.0,0.0,0.0,0.0,0.0,0.0,0.0,0.0,0.0,0.0,0.0,0.0,0.0,0.0,0.0,0.0,0.0,0,0.0,False
15.512062055217175,1562.527192322519,0.19349461712814608,9.19020624283966,2.8748817956930415,1.8734631707218696,0.38326345680528673,395.78560116523045,3.7291773298763946,34.73216991413869,0.0,999.0,0.0,0.0,0.0,0.0,0.0,0.0,0.0,0.0,0.0,0.0,0.0,0.0,0.0,0.0,0.0,0.0,0.0,0.0,0.0,0.0,0.0,0.0,0,0.0,False
12.868460973404899,1047.032139912969,0.009166321456503645,4.733974974032921,3.3757514411252956,1.0246761150443495,0.019211370081349655,380.3889185112374,2.2768271620728773,64.8163097364515,0.0,999.0,0.0,0.0,0.0,0.0,0.0,0.0,0.0,0.0,0.0,0.0,0.0,0.0,0.0,0.0,0.0,0.0,0.0,0.0,0.0,0.0,0.0,0.0,0,0.0,False
11.819445123010528,1330.141635990582,0.4518480072330449,7.1429073690756235,4.07126762519606,1.722225546283936,0.023560345849940156,367.478512655731,2.4515435704525625,64.89719694715671,0.0,999.0,0.0,0.0,0.0,0.0,0.0,0.0,0.0,0.0,0.0,0.0,0.0,0.0,0.0,0.0,0.0,0.0,0.0,0.0,0.0,0.0,0.0,0.0,0,0.0,False
26.250146083493433,1225.4024353064037,0.26392339805897974,5.443897990292052,2.0059354502375637,0.9300200692223384,0.3117029177189814,377.1303178879475,1.9712933890067874,70.9645682941713,0.0,999.0,0.0,0.0,0.0,0.0,0.0,0.0,0.0,0.0,0.0,0.0,0.0,0.0,0.0,0.0,0.0,0.0,0.0,0.0,0.0,0.0,0.0,0.0,0,0.0,False
16.532898035441924,1316.2348613545655,0.44297104965538725,7.929967360027497,4.725605452759398,1.585696127370983,0.015821242846556283,394.3549786995009,3.609036128826158,79.83937102708883,0.0,999.0,0.0,0.0,0.0,0.0,0.0,0.0,0.0,0.0,0.0,0.0,0.0,0.0,0.0,0.0,0.0,0.0,0.0,0.0,0.0,0.0,0.0,0.0,0,0.0,False
27.74847081802604,1368.004767654189,0.3754712170136686,7.56967352317005,3.687098309134924,1.900091623870076,0.9708710976899024,397.7888847325609,4.620452200725954,73.06804486015938,0.0,999.0,0.0,0.0,0.0,0.0,0.0,0.0,0.0,0.0,0.0,0.0,0.0,0.0,0.0,0.0,0.0,0.0,0.0,0.0,0.0,0.0,0.0,0.0,0,0.0,False
27.666121824116196,1374.2033242333653,0.3754712170136686,7.837881761756268,2.809783675295078,1.8854748400156738,0.4280911898712949,397.1872037718708,3.4854867401830165,57.30174321254731,0.0,999.0,0.0,0.0,0.0,0.0,0.0,0.0,0.0,0.0,0.0,0.0,0.0,0.0,0.0,0.0,0.0,0.0,0.0,0.0,0.0,0.0,0.0,0.0,0,0.0,False
21.124804679808378,1081.873135396411,0.02995884475610583,5.334778013148111,2.1336556356342853,1.0182435420167022,0.2257093386078547,377.0391184306141,3.018726419243641,20.753358809546953,0.0,999.0,0.0,0.0,0.0,0.0,0.0,0.0,0.0,0.0,0.0,0.0,0.0,0.0,0.0,0.0,0.0,0.0,0.0,0.0,0.0,0.0,0.0,0.0,0,0.0,False
18.02959166939081,1190.430367574966,0.3109596839601507,8.732719979033908,4.921406233781757,1.6455809805777424,0.19856988842711087,354.13608074784264,2.0450580789849035,67.858328237514,0.0,999.0,0.0,0.0,0.0,0.0,0.0,0.0,0.0,0.0,0.0,0.0,0.0,0.0,0.0,0.0,0.0,0.0,0.0,0.0,0.0,0.0,0.0,0.0,0,0.0,False
13.446810166906571,1095.4703080099425,0.07361741814965289,11.52740468644391,2.1980005181661877,1.7817773502199634,0.14406489409687556,393.84196284371865,3.701861413828123,27.45625771832988,0.0,999.0,0.0,0.0,0.0,0.0,0.0,0.0,0.0,0.0,0.0,0.0,0.0,0.0,0.0,0.0,0.0,0.0,0.0,0.0,0.0,0.0,0.0,0.0,0,0.0,False
10.981642336830017,1059.6643377493535,0.06416710921900613,6.266372993465965,2.5815433025285213,1.792672819226916,0.40854148224447806,375.06824812071557,2.847782955703309,24.857636678897553,0.0,999.0,0.0,0.0,0.0,0.0,0.0,0.0,0.0,0.0,0.0,0.0,0.0,0.0,0.0,0.0,0.0,0.0,0.0,0.0,0.0,0.0,0.0,0.0,0,0.0,False
25.834838984111933,1187.046722352237,0.21922266138672425,7.232487340175986,3.06804945809356,1.9953934523330639,0.3120943063580923,336.30144571569303,1.6038663216184323,58.59571048574825,0.0,999.0,0.0,0.0,0.0,0.0,0.0,0.0,0.0,0.0,0.0,0.0,0.0,0.0,0.0,0.0,0.0,0.0,0.0,0.0,0.0,0.0,0.0,0.0,0,0.0,False
18.364858359883947,1071.936334701626,0.029406218361173162,5.334778013148111,2.1336556356342853,1.0182435420167022,0.23398099633527092,347.3876428185564,2.998213971654115,52.23647793979237,0.0,999.0,0.0,0.0,0.0,0.0,0.0,0.0,0.0,0.0,0.0,0.0,0.0,0.0,0.0,0.0,0.0,0.0,0.0,0.0,0.0,0.0,0.0,0.0,0,0.0,False
19.423354773580524,1370.0110402931418,0.11683306961962503,5.649641812695411,3.5475710509055896,1.5831141536394564,0.15267164409316325,325.67435372227004,4.994088926148811,31.492885963990645,0.0,999.0,0.0,0.0,0.0,0.0,0.0,0.0,0.0,0.0,0.0,0.0,0.0,0.0,0.0,0.0,0.0,0.0,0.0,0.0,0.0,0.0,0.0,0.0,0,0.0,False
11.4402407033954,1250.8816802351894,0.012876741203291686,7.202693346076709,3.5105285295451893,1.9625263715216947,0.10938291419358459,373.84328433732975,2.7496956699463997,66.62589375654699,0.0,999.0,0.0,0.0,0.0,0.0,0.0,0.0,0.0,0.0,0.0,0.0,0.0,0.0,0.0,0.0,0.0,0.0,0.0,0.0,0.0,0.0,0.0,0.0,0,0.0,False
16.591696141986315,1199.2381446201023,0.06549842240545845,12.904397613392403,4.701352686639908,1.9341182305667042,0.006716336794754252,397.0627928549759,3.560578720398427,74.32353912251895,0.0,999.0,0.0,0.0,0.0,0.0,0.0,0.0,0.0,0.0,0.0,0.0,0.0,0.0,0.0,0.0,0.0,0.0,0.0,0.0,0.0,0.0,0.0,0.0,0,0.0,False
20.384476970121504,1250.605504709904,0.40032982906461984,6.109138458387016,2.5335942438540457,1.8460734479638379,0.9573949263266688,396.9816489503796,0.6703816447419373,29.09180473608076,0.0,999.0,0.0,0.0,0.0,0.0,0.0,0.0,0.0,0.0,0.0,0.0,0.0,0.0,0.0,0.0,0.0,0.0,0.0,0.0,0.0,0.0,0.0,0.0,0,0.0,False
13.582935072107077,1412.5143885373318,0.15092390395261612,5.138055117280414,2.4329095637973692,0.9187792421735548,0.6961042674500315,380.9755067584605,4.075602580331385,50.424795397048186,0.0,999.0,0.0,0.0,0.0,0.0,0.0,0.0,0.0,0.0,0.0,0.0,0.0,0.0,0.0,0.0,0.0,0.0,0.0,0.0,0.0,0.0,0.0,0.0,0,0.0,False
22.370271338241707,1006.2185568011391,0.2693136412881735,4.03319752281556,4.853581356470613,1.895942237073056,0.7959669419422694,393.221945593183,1.1550120402127868,29.463804192231997,0.0,999.0,0.0,0.0,0.0,0.0,0.0,0.0,0.0,0.0,0.0,0.0,0.0,0.0,0.0,0.0,0.0,0.0,0.0,0.0,0.0,0.0,0.0,0.0,0,0.0,False
10.613057280169008,1170.8430723091735,0.317186552102477,7.733583964193704,3.664001932363,1.971843815804303,0.47655953384770244,373.5037284738296,2.708877128259195,66.47440095409901,0.0,999.0,0.0,0.0,0.0,0.0,0.0,0.0,0.0,0.0,0.0,0.0,0.0,0.0,0.0,0.0,0.0,0.0,0.0,0.0,0.0,0.0,0.0,0.0,0,0.0,False
23.56964907995848,1582.5860432647353,0.2808281091944813,7.215826323779316,4.00469659554228,1.7210289562735168,0.5968885249459731,398.367213948754,2.2722608374671767,64.86749741525966,0.0,999.0,0.0,0.0,0.0,0.0,0.0,0.0,0.0,0.0,0.0,0.0,0.0,0.0,0.0,0.0,0.0,0.0,0.0,0.0,0.0,0.0,0.0,0.0,0,0.0,False
29.78680112333276,1046.6287421994318,0.1610647568073848,14.407676350024419,2.026817307113735,1.8050030059641293,0.8612116383667944,355.1864651366858,1.6508533721266905,68.16137117799792,0.0,999.0,0.0,0.0,0.0,0.0,0.0,0.0,0.0,0.0,0.0,0.0,0.0,0.0,0.0,0.0,0.0,0.0,0.0,0.0,0.0,0.0,0.0,0.0,0,0.0,False
16.16714978201973,1222.9927460345095,0.12222399968580544,10.548572539059581,4.087538401796979,1.1170105296478525,0.9901786422685526,380.2456524695564,3.507909528121951,65.09842424487744,0.0,999.0,0.0,0.0,0.0,0.0,0.0,0.0,0.0,0.0,0.0,0.0,0.0,0.0,0.0,0.0,0.0,0.0,0.0,0.0,0.0,0.0,0.0,0.0,0,0.0,False
20.55251515036232,1438.0417520027906,0.24737570019075011,10.061958916056689,2.649851624986338,1.7351156542488593,0.7591037076848197,334.2757222642048,4.37884950950183,21.186505970980654,0.0,999.0,0.0,0.0,0.0,0.0,0.0,0.0,0.0,0.0,0.0,0.0,0.0,0.0,0.0,0.0,0.0,0.0,0.0,0.0,0.0,0.0,0.0,0.0,0,0.0,False
27.767728687907717,1110.63066542066,0.2926742294691255,13.880255506188508,3.338351657103289,1.914055136032197,0.2789908904569709,368.70649393550366,3.5710416939506695,33.69234400102904,0.0,999.0,0.0,0.0,0.0,0.0,0.0,0.0,0.0,0.0,0.0,0.0,0.0,0.0,0.0,0.0,0.0,0.0,0.0,0.0,0.0,0.0,0.0,0.0,0,0.0,False
23.363636331153277,1101.60473307192,0.004527455138973596,9.787489132519362,3.1696275054082,1.0859925089193687,0.8709456091610533,392.69962182867107,1.6291787905032182,61.023505060674225,0.0,999.0,0.0,0.0,0.0,0.0,0.0,0.0,0.0,0.0,0.0,0.0,0.0,0.0,0.0,0.0,0.0,0.0,0.0,0.0,0.0,0.0,0.0,0.0,0,0.0,False
21.419856587535808,1412.381889624634,0.200267201228676,12.789912203468218,3.86828441911079,1.9424874865518693,0.5968885249459731,398.28701532778933,1.8174412997960039,44.209912006542396,0.0,999.0,0.0,0.0,0.0,0.0,0.0,0.0,0.0,0.0,0.0,0.0,0.0,0.0,0.0,0.0,0.0,0.0,0.0,0.0,0.0,0.0,0.0,0.0,0,0.0,False
28.06803830575767,1082.4848224877426,0.06963817362537927,12.881304175804761,3.193030510956601,1.081889616828626,0.9275085803960339,347.82126877964055,3.8786544641127,63.55987912102709,0.0,999.0,0.0,0.0,0.0,0.0,0.0,0.0,0.0,0.0,0.0,0.0,0.0,0.0,0.0,0.0,0.0,0.0,0.0,0.0,0.0,0.0,0.0,0.0,0,0.0,False
18.08003218108758,1081.6678925488732,0.22532163433606722,7.678613319669999,2.6539067901835036,1.9183522818000838,0.6896393990795577,367.90567124987376,3.8599586245535225,52.51826370628649,0.0,999.0,0.0,0.0,0.0,0.0,0.0,0.0,0.0,0.0,0.0,0.0,0.0,0.0,0.0,0.0,0.0,0.0,0.0,0.0,0.0,0.0,0.0,0.0,0,0.0,False
18.7061191525904,1554.073729071265,0.3530259021679666,9.258344387618116,2.378630311248076,1.9736479055145226,0.15983365034409336,336.208170017573,2.4403178982216693,44.25211434650883,0.0,999.0,0.0,0.0,0.0,0.0,0.0,0.0,0.0,0.0,0.0,0.0,0.0,0.0,0.0,0.0,0.0,0.0,0.0,0.0,0.0,0.0,0.0,0.0,0,0.0,False
11.601219545424346,1289.0177698127063,0.22283647820082803,11.397199155774228,3.3462117764729657,1.6747447382223006,0.6816453376026229,375.7718823002205,3.283703341526914,29.058843996778748,0.0,999.0,0.0,0.0,0.0,0.0,0.0,0.0,0.0,0.0,0.0,0.0,0.0,0.0,0.0,0.0,0.0,0.0,0.0,0.0,0.0,0.0,0.0,0.0,0,0.0,False
16.105765986948665,1222.9927460345095,0.12222399968580544,10.430019927282927,4.087538401796979,0.9791419421804013,0.9710833196254638,380.2456524695564,4.1277342332903375,65.09842424487744,0.0,999.0,0.0,0.0,0.0,0.0,0.0,0.0,0.0,0.0,0.0,0.0,0.0,0.0,0.0,0.0,0.0,0.0,0.0,0.0,0.0,0.0,0.0,0.0,0,0.0,False
14.701552733723407,1276.9612485349733,0.09929575152696313,4.280238593567024,4.188193094768458,1.6974084219410313,0.33039174636170277,387.47953008509245,2.4279911417798306,71.88116868581206,0.0,999.0,0.0,0.0,0.0,0.0,0.0,0.0,0.0,0.0,0.0,0.0,0.0,0.0,0.0,0.0,0.0,0.0,0.0,0.0,0.0,0.0,0.0,0.0,0,0.0,False
20.376085014668284,1103.3678208862752,0.03728703562573993,8.073362631512765,2.37025657944419,1.5979705879210258,0.4139198457294089,399.273250602036,4.68480030643993,28.954161938585003,0.0,999.0,0.0,0.0,0.0,0.0,0.0,0.0,0.0,0.0,0.0,0.0,0.0,0.0,0.0,0.0,0.0,0.0,0.0,0.0,0.0,0.0,0.0,0.0,0,0.0,False
11.40243615148556,1250.8816802351894,0.012876741203291686,8.093374315374046,3.5200831024522046,1.9754796068812537,0.10804602274819117,330.3234605996162,1.7348990742982684,66.62589375654699,0.0,999.0,0.0,0.0,0.0,0.0,0.0,0.0,0.0,0.0,0.0,0.0,0.0,0.0,0.0,0.0,0.0,0.0,0.0,0.0,0.0,0.0,0.0,0.0,0,0.0,False
27.666121824116196,1374.2033242333653,0.37702464059058177,7.839774556407484,2.809783675295078,1.8845421125734712,0.4280911898712949,397.1872037718708,3.4854867401830165,57.30174321254731,0.0,999.0,0.0,0.0,0.0,0.0,0.0,0.0,0.0,0.0,0.0,0.0,0.0,0.0,0.0,0.0,0.0,0.0,0.0,0.0,0.0,0.0,0.0,0.0,0,0.0,False
14.701552733723407,1249.9329228636157,0.09929575152696313,7.129466406033931,3.226702376591222,1.7451762843265515,0.14219182900159144,330.8565836249175,3.162528661896944,73.39956885113692,0.0,999.0,0.0,0.0,0.0,0.0,0.0,0.0,0.0,0.0,0.0,0.0,0.0,0.0,0.0,0.0,0.0,0.0,0.0,0.0,0.0,0.0,0.0,0.0,0,0.0,False
20.323969221541383,1513.9627209920882,0.04492152831305449,4.108602728948104,2.674559565218866,1.3397837984086738,0.047537594227760493,320.81379650094203,2.705878905099043,20.37384037142969,0.0,999.0,0.0,0.0,0.0,0.0,0.0,0.0,0.0,0.0,0.0,0.0,0.0,0.0,0.0,0.0,0.0,0.0,0.0,0.0,0.0,0.0,0.0,0.0,0,0.0,False
13.940528245445911,1126.1044059489038,0.3745278209256514,4.731901294895264,2.7809452957356227,1.78523002011768,0.3715445919071828,371.10736361643654,2.8610163910568014,75.48847822396104,0.0,999.0,0.0,0.0,0.0,0.0,0.0,0.0,0.0,0.0,0.0,0.0,0.0,0.0,0.0,0.0,0.0,0.0,0.0,0.0,0.0,0.0,0.0,0.0,0,0.0,False
23.491280475268212,1478.5551278981834,0.19188680441313727,6.548725415343712,2.622876985411443,1.9090669193897938,0.6841107608194352,370.38466797349605,1.870330945642791,47.99439531787267,0.0,999.0,0.0,0.0,0.0,0.0,0.0,0.0,0.0,0.0,0.0,0.0,0.0,0.0,0.0,0.0,0.0,0.0,0.0,0.0,0.0,0.0,0.0,0.0,0,0.0,False
12.046688576556516,1248.433592691741,0.34720007886387255,8.55597196479593,2.1498603768382614,1.489486046507063,0.6637946452197888,361.1911289646647,4.75067640195866,55.19330243011957,0.0,999.0,0.0,0.0,0.0,0.0,0.0,0.0,0.0,0.0,0.0,0.0,0.0,0.0,0.0,0.0,0.0,0.0,0.0,0.0,0.0,0.0,0.0,0.0,0,0.0,False
17.897512258471096,1271.2188832064085,0.08697783334023218,10.317370414394441,4.452169248312514,1.7267428396226034,0.01585823851653595,393.8171409411807,0.747356250254402,77.80674514476829,0.0,999.0,0.0,0.0,0.0,0.0,0.0,0.0,0.0,0.0,0.0,0.0,0.0,0.0,0.0,0.0,0.0,0.0,0.0,0.0,0.0,0.0,0.0,0.0,0,0.0,False
26.43698749528021,1376.9437582783946,0.47815075487761605,10.489154397833467,2.593498353943758,1.3722637948781415,0.3367459987011673,399.35560095258245,2.2110642325276912,79.56205241988908,0.0,999.0,0.0,0.0,0.0,0.0,0.0,0.0,0.0,0.0,0.0,0.0,0.0,0.0,0.0,0.0,0.0,0.0,0.0,0.0,0.0,0.0,0.0,0.0,0,0.0,False
29.92576094903392,1022.7168015957415,0.045456184277869315,4.808133197961356,2.0424420723835053,1.596837876575225,0.2749181278174835,387.338946094868,3.583278486084648,70.31484540596287,0.0,999.0,0.0,0.0,0.0,0.0,0.0,0.0,0.0,0.0,0.0,0.0,0.0,0.0,0.0,0.0,0.0,0.0,0.0,0.0,0.0,0.0,0.0,0.0,0,0.0,False
18.69112557071186,1079.7752483791132,0.10163245611586853,6.169159811133362,4.698684233188242,1.5311831560818883,0.8733231340367321,339.57072525753665,3.119693976219538,22.065875918425736,0.0,999.0,0.0,0.0,0.0,0.0,0.0,0.0,0.0,0.0,0.0,0.0,0.0,0.0,0.0,0.0,0.0,0.0,0.0,0.0,0.0,0.0,0.0,0.0,0,0.0,False
29.97041014179612,1083.7896002104621,0.03527102237184959,4.808133197961356,2.0442313726998407,1.9690020802757187,0.09476691645722912,387.338946094868,3.583278486084648,49.25343004897509,0.0,999.0,0.0,0.0,0.0,0.0,0.0,0.0,0.0,0.0,0.0,0.0,0.0,0.0,0.0,0.0,0.0,0.0,0.0,0.0,0.0,0.0,0.0,0.0,0,0.0,False
18.838085614968467,1348.9464444065748,0.4948758538318526,6.24296847756434,2.7431987052870648,1.188390392150203,0.7501724132979928,356.5580261948554,0.7561824728499275,50.510974436614376,0.49950677727964066,0.6443747570217394,27141.000000011038,18.493850109537757,0.16357482502991902,0.813802183151509,248.660000000516,534.2898718905177,1050.8131516226385,864.9925084533505,108.01821533105037,1867.890867951199,2689.0840244690853,2685925.5575209865,2991412.807811328,1160193.7206745185,0.01609306151244998,0.001395913767884162,9013336.013503555,109.25342116034471,0.038878596860620646,0.19740578458519437,0.17863861272380682,0.5249533991141561,False,0.0,True
12.36385258694077,1502.1986693281074,0.3720679606847676,10.495726024118289,2.728674724894612,1.5855718597063424,0.638355320741173,346.205555528986,0.8037020438039403,72.8323158538596,0.4961431723961682,0.5870312542366202,27141.00000000008,21.901638481390872,0.19319218857543072,0.6283213877261643,248.660000000516,508.4569758369848,1000.1098349901953,880.1865228926675,134.4026775604019,1863.5491787199596,2753.8376000423095,2468115.5427179546,2871590.5824051197,1262281.7448695325,0.014195786327021422,0.001736828944214732,9134186.072937349,67.20476148268791,0.0797513069410872,0.18618094756879122,0.19307410436442904,0.4909122412997525,False,0.0,True
14.710585153604713,1383.9847414653473,0.14958004765610752,10.9990222983129,3.5497539699387812,1.3066591517562578,0.7998219094784991,363.5187499341367,1.1432930931621392,41.20366082009777,0.5151367461013442,0.9013327845495306,27141.00000000005,21.418274019026565,0.17941750714532947,0.7601378619686486,248.660000000516,561.0662921764945,1151.2243549111931,964.2904108928144,132.6724282597635,2160.5962735712837,2771.4463673405257,3362524.3915321305,3777228.9596067024,1454464.4418733083,0.022725269773025556,0.001737803332433298,9110321.910802368,83.68317420702449,0.05146918577984991,0.22889670736345308,0.1367946378065792,0.625928697484008,False,0.0,True
12.36385258694077,1538.2127434258348,0.3720679606847676,10.23741401028155,2.93492080906283,1.5855718597063424,0.5841103254817529,346.205555528986,0.8037020438039403,72.8323158538596,0.49617408432463084,0.6078514370182755,27140.999999999964,22.39841117506013,0.185885766304684,0.7315910319137894,248.660000000516,512.826248375502,1036.0963353805205,894.5643322914528,133.54349084682624,1921.0458397626826,2757.4080539354454,2472122.4272525427,2848568.6684017465,1246348.6852429658,0.014558420991800455,0.0019392748603125408,9163134.184154829,75.68407630777811,0.08925839646871574,0.18431252183221414,0.19503000423936132,0.4858736080579521,False,0.0,True
13.073521340317914,1468.823851368647,0.14392563362228183,9.146049126564247,3.7800906760139634,1.9894468165789414,0.8117175784960208,346.7421123995061,0.9004919937007008,52.40553084987909,0.5245506734410876,1.1134819310785367,27140.999999999993,24.481618808396743,0.19953148283885963,0.472580722585827,248.660000000516,543.2431379600123,1233.4805992431368,1113.7339499065504,139.66051073895326,2286.371021604585,2852.409221991598,3029029.1595205795,3454814.460342872,1853668.973651343,0.026846742825917057,0.0033742702654854977,9084321.907679515,60.66764013580498,0.08263381006501953,0.25632221211319917,0.10264477798186979,0.7140551058617248,False,0.0,True
12.356553743500827,1472.8416502064686,0.2343756817553504,10.36228575825845,3.639899431439039,1.1545094586681135,0.9089315943565432,361.0138887292488,0.7935249009034018,63.52903522419755,0.4797569681145387,0.5286630067488384,27141.00000000347,20.42382315402899,0.1657214190398529,1.354871288492138,248.660000000516,513.137047787669,1132.414604221725,843.8977487360457,108.03442376416942,2019.087236485543,2679.2936631256166,2788490.7357487227,3105222.1993043865,1046653.9386556437,0.013001082815890052,0.0013473598502820056,9209188.31525108,107.34561301423618,0.06700352566670996,0.18357578133374375,0.20919077974759295,0.46739157434465933,False,0.0,True
13.465127005499351,1430.535769641719,0.16984225851478768,7.995375491401653,3.458240682202039,1.580455033401129,0.6090512623401807,322.3742615510851,4.34976240872877,79.83937102708883,0.5177470636085605,0.9977583176746245,27141.000000000022,22.684203759656793,0.1989723287319076,0.49255851395394373,248.660000000516,550.0178861844156,1194.4765709292612,1061.273190002727,95.91996738073173,2083.9469171993624,2743.811485587066,3089139.996355471,3494321.830702683,1604246.229835351,0.024470913358224454,0.0026092451417825528,9099909.436490977,61.28552326231207,0.06665197087877804,0.24891737408356618,0.11477647087393793,0.6844145908288631,False,0.0,True
25.821386700408336,1586.6610278915664,0.3250376518337955,6.107500868600109,2.4905748099402074,1.246838271599231,0.9592388395417332,364.1241663112727,0.5016595242000679,67.282553057463,0.5123004001647584,0.7653145268811847,27141.000000000007,25.286054141065563,0.17179507598734717,0.00596001370074563,248.660000000516,592.3544922390699,1084.169576084136,1126.9197253186824,109.57100135750125,1739.9066535978482,2660.9179668647903,2805093.9774668324,3190671.036182994,1542017.9546654206,0.01554906209565508,0.005222339478427164,9122017.454961628,95.4459797298247,0.10774756134703257,0.2396534168380717,0.12738352682207257,0.6529408578008904,False,0.0,True
12.36385258694077,1502.1986693281074,0.4459082351917899,10.495726024118289,2.728674724894612,1.5859466768013508,0.6203007901512065,345.22175606681134,0.8037020438039403,72.8323158538596,0.4927165595236548,0.5561835768874266,27141.00000000011,21.32960999733605,0.18608964766869018,0.773153992884289,248.660000000516,501.1331619596039,991.5040876091542,850.3920297246442,138.02608154675616,1866.71061522442,2755.7563344655723,2348990.190357767,2727421.4330872707,1184846.3015778768,0.013504951815064944,0.0015904266452367603,9131143.434547888,75.17222429642337,0.07869559785405307,0.17535345455270632,0.20641491525642566,0.45931897040180575,False,0.0,True
21.095006135814785,1348.9464444065748,0.4948758538318526,5.001256216010936,2.595974311448499,1.0351768205170413,0.33821866328934413,356.5580261948554,0.7450120531309198,78.49058659660164,0.4971934191602524,0.6628529748917257,27141.00000000008,18.25058034395952,0.18518587594038,0.38099145433310166,248.660000000516,611.2402676897287,1115.4597310860302,1008.9386976130186,77.4229736572882,1754.5057333471245,2638.9727593312978,3005479.4930895637,3372213.0426288014,1571627.2526869224,0.015843036334889857,0.0021474562566465207,9021536.900929466,75.36259188911497,0.04225498824736593,0.2484595664177374,0.12943588053507493,0.6574822968130719,False,0.0,True
21.095006135814785,1328.7334999256116,0.4948758538318526,5.001256216010936,2.595974311448499,1.0351768205170413,0.33821866328934413,356.5580261948554,0.5217834753564545,78.49058659660164,0.4987852283112649,0.7143826583419645,27141.00000000005,17.93694560737005,0.18472516346749404,0.4108180119855819,248.660000000516,611.2402676897287,1108.4389220160722,994.344931807541,82.13942948457208,1778.7634115400338,2661.3749930274244,3054214.996461211,3419333.35978333,1581521.1117284065,0.01742882032773354,0.0019602394023257546,9007543.379602026,75.81009844528377,0.03665530435631945,0.24723480722745028,0.12943868088030996,0.6563637076488918,False,0.0,True
11.928363212170947,1279.7086330919892,0.0946228942920716,10.363030655530661,3.639899431439039,1.1545094586681135,0.9089315943565432,361.2129616639162,0.7391699578294707,63.52903522419755,0.4977022531006324,0.7097254141549281,27141.00000000005,18.48818233770431,0.19413499101674966,1.0398772378267442,248.660000000516,537.0631263302611,1150.0972920268623,891.679936299561,103.00499712129448,2049.4620674034823,2704.6550558722433,3502950.3313030535,3910207.3390631247,1371551.2222263217,0.01822983491964068,0.0010328225459382606,9108547.57792741,66.04448351198627,0.020970394696057607,0.2329722362835538,0.14572290000072655,0.615197328831457,False,0.0,True
12.294919459067504,1569.6935552242426,0.22495606673997026,10.36228575825845,3.2244104082838434,1.1607296782673306,0.9033795205622538,365.8943589337829,0.5129164716402154,57.028694817243434,0.4727666112293748,0.5292771119731096,27141.000000000022,21.788576262565304,0.17273068809336029,1.0525825482829338,248.660000000516,514.6112607536514,1067.1349408325773,849.9657242363955,103.44860952964083,1939.2086060219697,2688.9878629624527,2643261.7524421755,2976046.6555706183,1023345.6524753356,0.012782137625029336,0.0015829724710328438,9253377.190695325,95.25562548362785,0.08950466221545846,0.17539719326801945,0.223355967507393,0.4398640826493848,False,0.0,True
26.915672502206213,1406.8167259979682,0.3167370063112105,5.4044938684064885,3.47701294366141,0.9377543011655339,0.9482991740726651,332.06941143123515,3.2575419989250496,61.87450939941247,0.5132732847842546,1.0477091871570983,27141.000000000444,21.242865687260508,0.14096500176638793,0.6435249696157489,248.660000000516,602.6275789897315,1219.516831990782,1030.8946878476934,141.8934013118236,2194.4206759629683,2803.990429726593,3403159.78358283,3689023.2312308,1448581.0510752574,0.02593444029970671,0.0025014347489245568,9065507.134057911,171.6947744517555,0.05671739433145629,0.24200782673946372,0.12423416271279016,0.6607866757752355,False,0.0,True
10.502330499956374,1540.4908948661728,0.14710091250397347,9.17310154935086,3.912500492594229,1.673864128360784,0.4370129742715968,351.8214932294423,0.8037020438039403,72.8323158538596,0.503291323215863,0.7716979687059858,27140.99999999455,23.465333120615025,0.19197888157537374,0.8614664724056356,248.660000000516,518.9143581805184,1226.16095579943,1012.3783404894808,98.38295363823384,2109.0339174129917,2717.4809545317066,2848011.263864306,3208652.0160906315,1380444.595236213,0.018176941000834872,0.0027677135678100865,9194151.772455145,68.93664982146075,0.09239254706327629,0.21859398307563738,0.15587812468197365,0.5837390250093855,False,0.0,True
14.781195568535239,1383.9847414653473,0.14958004765610752,10.953575271281448,2.983270541021879,1.3066591517562578,0.7881387644613984,363.5187499341367,1.1679942913493386,38.572669117884125,0.5107695161049305,0.8625491047344921,27140.999999987856,21.509974103484065,0.19546688717363264,0.4703733089114032,248.660000000516,562.2242759004725,1064.6202156265729,954.3269967732967,128.3131811878966,2022.362943825041,2756.832517459833,3294989.012006675,3766922.9499464147,1517243.2373066973,0.02172636540009889,0.0016840798514894848,9089122.767084498,64.56560961300686,0.051597058610960166,0.22934019841739792,0.13934727023250995,0.6220450053732935,False,0.0,True
12.302218302507447,1572.3762507493034,0.3720679606847676,10.495726024118289,2.715747924456174,1.5917921193119837,0.632801316715384,346.205555528986,0.8224949412322776,73.12166211363005,0.49234227899731936,0.5723744197303701,27141.000000010572,22.88148763760289,0.19065378533240201,0.6108441610038425,248.660000000516,508.2260281822236,998.8496167980799,886.9856538732871,132.78552257247867,1854.0263097538116,2750.083999816779,2365636.0861988612,2758275.1704992196,1222087.6172171463,0.013557899417241918,0.0019769147086661078,9175258.691105245,70.23941689445941,0.09695080030485428,0.17962414036321628,0.2026881103426684,0.46983621380577284,False,0.0,True
18.838085614968467,1348.9464444065748,0.4948758538318526,6.24296847756434,2.2993867513634423,1.188390392150203,0.7404508936866183,340.1177517494305,0.7604344885429415,50.510974436614376,0.4938649889218113,0.7405206224382967,27140.99999999992,18.582402738489474,0.17912525540097382,0.5065817411207864,248.660000000516,535.6578382331024,963.3832272598186,853.375270770479,124.56608023542474,1854.4756283235045,2753.4404932420066,2635126.8104775795,2982247.9433482895,1323321.306837921,0.018760043970305968,0.0013384262432917875,8981857.37977519,82.90764206596883,0.03898429443294513,0.19830948971411613,0.1819362074011512,0.5215298719185789,False,0.0,True
20.602411968036733,1405.4806993971747,0.4371003081212149,6.353899289162521,2.6423364104619456,0.9738897625442808,0.19360000296067803,350.16660793658673,0.6691042912759801,25.335616421165234,0.4957925382226118,0.9189039367858418,27140.999999999804,19.351252465021478,0.17334235907590181,0.540222686348924,248.660000000516,630.6040684544292,1056.4314924527118,939.8294741706234,146.0785259733527,2127.4458050844573,2896.1520850997995,3139094.432500777,3498448.1430540504,1592502.2766813645,0.023008690442747365,0.0019312813055569872,9088902.35520188,92.57552985768228,0.058855135867068496,0.21448829729128788,0.16469680926194302,0.5656559120714766,False,0.0,True
16.17283895261302,1439.9470406358564,0.29352241974228527,6.441453266750023,3.347127026350094,1.1695673169965093,0.14251833776584466,350.16660793658673,3.5932737329996782,39.74094766393101,0.5079934041263758,1.0955292225890687,27140.999999999964,21.207594272711482,0.1790090210442284,0.6393206417065044,248.660000000516,596.1215548518397,1192.5477072780889,1023.692214731774,100.62686331314458,2186.0697862251573,2801.889380685807,3148405.6612461265,3494388.0196730047,1486096.3542397674,0.027244299228814828,0.0024894594014750436,9133607.277577195,84.47271608384888,0.06789489840391277,0.23393592630809115,0.1365514898510214,0.6314274550356742,False,0.0,True
20.380232549281118,1462.5303463011328,0.28442899535235777,9.677954899702653,3.0280667238598453,0.9718670309048598,0.37792417932809985,370.467005073763,2.8288975643405623,58.65217197578671,0.48955727159152135,0.6483702187443615,27141.000000000007,21.818858024815544,0.18873476312570442,0.16946460724931556,248.660000000516,619.3109467975037,1209.313468940906,1171.1219013628554,140.9113259048999,1892.0927364061226,2610.3138397595308,3278208.38456551,3804388.547612286,1778817.9207967548,0.013750140844609024,0.003847275262331696,9059951.98718587,71.49391372543565,0.07317187796787877,0.2887184927352276,0.09524081595586116,0.7519507567597837,False,0.0,True
12.294919459067504,1569.6935552242426,0.22108135415176133,6.107500868600109,3.201603472952064,1.250566892543909,0.9631312191304514,361.5560501898421,0.5016595242000679,67.282553057463,0.4777118272432506,0.5863717254415871,27141.000000009117,22.276598740855402,0.1906648281650826,0.6924255213891148,248.660000000516,512.638796511463,1140.9721479903612,961.6510545200625,63.93547055806575,1885.2249388611508,2628.533911088827,2620748.1216981346,2937554.8862593155,1148922.2447033487,0.013468513721669408,0.002446201278546054,9236772.769332042,70.69804062617922,0.0909532366689794,0.20678955892590356,0.1877977449762928,0.5240654143731879,False,0.0,True
12.294919459067504,1453.815803708672,0.22495606673997026,10.36228575825845,3.7125587153482833,1.1607296782673306,0.8658320005631636,365.8943589337829,0.5129164716402154,57.028694817243434,0.482640213320011,0.6151438756279763,27141.000000001754,20.248895560049085,0.1665209612016931,1.3712074385565274,248.660000000516,516.3742917324569,1145.107670925783,850.0747606752976,108.81605747556762,2073.907120199112,2710.8689946536647,2853665.1139027197,3173491.7187044816,1069786.4356684322,0.015361378349323674,0.0013342415790963107,9201197.842786575,105.714976750633,0.06293669984942607,0.18748113345953155,0.20293963362004994,0.48020276908404386,False,0.0,True
16.17283895261302,1439.9470406358564,0.37223657653886605,6.435363709990211,2.6423364104619456,1.1188427157697733,0.14251833776584466,350.16660793658673,0.6198254811122966,26.655222142054438,0.4941159083744332,0.9276615495606646,27141.00000000024,20.35038309270668,0.19099845855670908,0.48019920423266005,248.660000000516,594.2516998181707,1045.6631599371915,941.5513306651293,118.99029839032146,2079.6142146939947,2856.3294030958573,2942445.2685915246,3314155.8929791814,1538419.1167589528,0.02321575708846212,0.0019619050281641038,9115562.744719608,69.40532221265403,0.06669006653748173,0.21274159992123137,0.1679252096537001,0.5588656393731504,False,0.0,True
13.384566497087578,1576.3374086902268,0.22108135415176133,6.776737118732615,3.201603472952064,1.250566892543909,0.9631312191304514,355.66446906614124,0.5056983636255709,67.282553057463,0.48516754041923865,0.6753863929377136,27141.000000000036,22.80731361980401,0.18059327025050664,0.7228901205127997,248.660000000516,524.4011063248478,1117.4458717781868,944.4963871025682,85.84229750733319,1949.1465879214009,2688.0103966828087,2694872.038747809,3007942.295842303,1171410.110454272,0.01598644266617199,0.002344219424550523,9235263.592411067,83.1847058381019,0.09414487941519781,0.19860479009010007,0.18992736297304014,0.5111669356688349,False,0.0,True
16.031234915550467,1397.544378006903,0.4740631134661183,7.214374145950984,3.0725940753870433,1.0255338871970805,0.14251833776584466,349.59576269933314,0.6198254811122966,27.71009474519262,0.4867056028302292,0.8077648316648932,27140.99999998841,18.189898068101993,0.16391626408246338,1.2136874674795406,248.660000000516,590.5017927875348,1080.1072008489944,851.3947951812573,145.84613604427128,2250.4983329704723,2920.127100268037,2775645.565492371,3081477.4840937234,1315310.354818447,0.020539579534789756,0.0013839657614177494,9136553.283548366,110.05635535972023,0.05347875165873648,0.18403751681799954,0.202411239696058,0.4762274783288246,False,0.0,True
10.275350251154336,1250.0343774224177,0.469240945928367,7.773309208134473,4.3392328864478,1.0922099441101483,0.34195283630245243,331.56781766704773,3.725468663658692,61.95845742180885,0.46612161571297583,0.7691635627957866,27140.99999999119,14.797657629477925,0.15432464501952967,3.1391510458349314,248.660000000516,499.6953285233878,1227.0698892870648,728.0823522283262,99.62990355603655,2376.4112036383044,2814.0443674781595,2588447.5992992157,2827500.6365068667,963339.2334874859,0.020224964773537604,0.0006509034842960636,9104147.978902988,131.41118303008483,0.012188165423669782,0.16884925047115965,0.2344847115877843,0.41863385272397097,False,0.0,True
10.275350251154336,1346.8411844299283,0.469240945928367,7.773309208134473,4.3392328864478,1.0919052187715244,0.3236891614278239,331.56781766704773,3.725468663658692,61.95845742180885,0.45967564486747053,0.7291072627438532,27140.99999999973,16.10352248799301,0.1491107104980369,3.102020093012426,248.660000000516,501.3021761418576,1226.9209275002834,735.7882886194137,99.58753658140448,2377.0901869594345,2814.6205653070606,2408561.1029590284,2634030.610329021,905635.3688925365,0.01900432255989835,0.0007843776582323691,9167035.84512983,146.69026316592243,0.035634255542759175,0.15736920947256788,0.25182709956514965,0.38458120466101864,False,0.0,True
10.387339157405941,1330.759791869085,0.4678702574219894,7.421474967844247,4.079758682161792,0.9255617762082726,0.4087323794641507,330.87961092414474,3.151874916064779,61.98550160125587,0.436513820299034,0.678756245420611,27140.999999999964,14.991075473325386,0.14775997577174724,3.3101283933160253,248.660000000516,495.38762563463706,1171.965139141291,692.2635588617951,99.79489939155356,2316.550943457992,2811.0477079983716,2376462.4276831886,2594267.2182984725,857717.7462869803,0.017775022535866332,0.0006471007210944463,9163053.13244045,150.68452315527372,0.030906433368280525,0.1506110183757645,0.2800181556735869,0.34974643487230156,False,0.0,True
16.111455157541958,1411.5695849886783,0.4371003081212149,6.353899289162521,2.6423364104619456,1.0255338871970805,0.14251833776584466,350.16660793658673,0.6198254811122966,26.655222142054438,0.48546944163330563,0.8589803465323821,27140.999999999905,18.812263925963187,0.1827321290688909,0.7208503536883837,248.660000000516,592.1501105732654,1034.2495932535817,884.343943999219,117.82207955516384,2077.4030283201682,2855.516838515337,2838524.2494651675,3180571.7828216497,1403923.4810717572,0.021750755842236277,0.0015628297429990201,9125584.80057488,79.34413667689229,0.057310626705389806,0.1971973385716555,0.1902055665177955,0.5090239024565983,False,0.0,True
10.387339157405941,1407.3013197639345,0.10581405800002952,6.921013253094488,3.474719477841015,0.9586987996287885,0.5741176054920131,331.7382859924648,3.151874916064779,61.98550160125587,0.45639579658781143,0.8519207119529834,27141.00000000011,18.464811865115795,0.18971077952832974,1.2758148278772459,248.660000000516,518.7146981642106,1113.1918105527318,827.6476027099096,80.72479046831114,2147.2611313746756,2769.120057149428,3047916.908997607,3358778.762452694,1151371.6956296037,0.022056598164174306,0.0010653818789417072,9208888.152462749,71.55336284653956,0.05015782535946092,0.1995826412881251,0.21327590627154452,0.48341651751628034,False,0.0,True
10.387339157405941,1407.3013197639345,0.10581405800002952,6.921013253094488,3.474719477841015,0.9586987996287885,0.5010138242681424,331.7382859924648,3.151874916064779,61.98550160125587,0.4573503008693153,0.8529603778246312,27141.000000000124,18.50530814642021,0.18942422144418383,1.2703470600818272,248.660000000516,519.7976816958825,1113.8988086926845,829.2179564118803,81.05366196070815,2148.321222392782,2770.0060260531714,3048189.0796752498,3359016.8528835448,1153835.6538913576,0.022078907182750143,0.0010712904317882767,9204257.658855839,71.84244624804948,0.05023346005057173,0.19964793928707517,0.2122907320275736,0.48465452065940956,False,0.0,True
10.308797217998634,1407.3013197639345,0.1466634633460469,8.202001876402003,2.8557074686065773,0.9586987996287885,0.4983491610791653,331.7382859924648,3.151874916064779,58.89297892919295,0.45229742074257645,0.7405961791714121,27140.999999991844,18.24614505553948,0.19972343337712667,1.065862698869032,248.660000000516,514.6499490128347,979.9097638803415,773.9640002442897,92.99837762755787,2003.388778618684,2777.03397893541,2949382.5847142627,3299336.6480419985,1109070.3003593613,0.019219206451117108,0.0008813144477681448,9196441.64579424,61.23949865300284,0.04986855739836083,0.18275053574043595,0.2336373894771609,0.4388948974563415,False,0.0,True
10.936877811815783,1429.0726311778762,0.0316717217281699,8.817351370172142,4.254069474689885,0.9897863809865749,0.4731119528858785,329.44218116584847,4.211248705992717,72.80008323022395,0.47258926748201924,0.8892803669859832,27141.00000000037,19.678902834244,0.17186840060942504,1.5501579304566677,248.660000000516,535.7363473715516,1232.4752875398049,872.5606459211733,94.53065775824147,2312.6358920229513,2777.4238543749284,3195035.7300802334,3501068.5026234947,1174386.1079430748,0.022851460919694963,0.001284497520671937,9219754.948686419,96.34521463614176,0.0565753986376275,0.20525803120208572,0.19370621014158662,0.5144772637036262,False,0.0,True
10.228026625001512,1407.3013197639345,0.10581405800002952,6.921013253094488,3.607856291562964,0.947453141101393,0.5767822686809903,331.7382859924648,3.5107104268252445,61.98550160125587,0.45383124923354473,0.8649795173684697,27141.000000000153,18.291539222733494,0.18691381651727132,1.389482644883114,248.660000000516,516.3095280566341,1134.562927448332,825.0336162278919,79.22203195188325,2180.0114258461117,2769.7473104163387,3043273.839929227,3346279.6229031547,1128121.4654453867,0.02242249439957119,0.0010539146813265787,9215561.959197585,74.86804358565841,0.04998397729413633,0.1991446390617975,0.21606072128188514,0.4796292583914554,False,0.0,True
27.984418991319377,1045.418129054982,0.4392939316023852,6.099232995953287,4.549306730053792,1.6338306675691245,0.34433919545005387,332.1100455994239,3.3591693266980402,70.86728262288449,0.0,999.0,0.0,0.0,0.0,0.0,0.0,0.0,0.0,0.0,0.0,0.0,0.0,0.0,0.0,0.0,0.0,0.0,0.0,0.0,0.0,0.0,0.0,0.0,0,0.0,False
10.062257156503842,1461.682420533567,0.34618631421747414,7.816190311997067,2.362301552927689,1.1423123865731004,0.9708945508444615,386.06241129455515,2.9442489360714252,32.74735970072136,0.0,999.0,0.0,0.0,0.0,0.0,0.0,0.0,0.0,0.0,0.0,0.0,0.0,0.0,0.0,0.0,0.0,0.0,0.0,0.0,0.0,0.0,0.0,0.0,0,0.0,False
23.14130849245779,1348.621394450854,0.1003637440175455,9.825012715262343,4.683297255282717,1.2354933734187377,0.8709456091610533,392.69962182867107,1.9843005320684706,60.98446198019385,0.0,999.0,0.0,0.0,0.0,0.0,0.0,0.0,0.0,0.0,0.0,0.0,0.0,0.0,0.0,0.0,0.0,0.0,0.0,0.0,0.0,0.0,0.0,0.0,0,0.0,False
14.174050133665654,1039.5766544104142,0.36753298164433473,12.67379532779049,2.806645283290128,1.925169276116521,0.00045324048695460917,339.3056576329634,3.2755026065074593,76.94097924125698,0.0,999.0,0.0,0.0,0.0,0.0,0.0,0.0,0.0,0.0,0.0,0.0,0.0,0.0,0.0,0.0,0.0,0.0,0.0,0.0,0.0,0.0,0.0,0.0,0,0.0,False
27.740192949457903,1374.2033242333653,0.3754712170136686,9.009418090434165,2.809783675295078,1.440842239213568,0.9080590858800875,397.1872037718708,2.6758749731081317,78.54651806361662,0.0,999.0,0.0,0.0,0.0,0.0,0.0,0.0,0.0,0.0,0.0,0.0,0.0,0.0,0.0,0.0,0.0,0.0,0.0,0.0,0.0,0.0,0.0,0.0,0,0.0,False
18.02959166939081,1190.430367574966,0.3109596839601507,8.732719979033908,4.921406233781757,1.6455809805777424,0.19856988842711087,354.13608074784264,2.0450580789849035,67.858328237514,0.0,999.0,0.0,0.0,0.0,0.0,0.0,0.0,0.0,0.0,0.0,0.0,0.0,0.0,0.0,0.0,0.0,0.0,0.0,0.0,0.0,0.0,0.0,0.0,0,0.0,False
14.55195476644506,1203.1160909723833,0.1863717565566213,11.639616427895865,2.832521983731417,1.6703183813967948,0.47049767615220905,386.1307354025179,2.4656712937935676,40.417045008146346,0.0,999.0,0.0,0.0,0.0,0.0,0.0,0.0,0.0,0.0,0.0,0.0,0.0,0.0,0.0,0.0,0.0,0.0,0.0,0.0,0.0,0.0,0.0,0.0,0,0.0,False
11.601219545424346,1289.0177698127063,0.22283647820082803,11.397199155774228,3.3462117764729657,1.6747447382223006,0.6816453376026229,375.7718823002205,3.283703341526914,29.058843996778748,0.0,999.0,0.0,0.0,0.0,0.0,0.0,0.0,0.0,0.0,0.0,0.0,0.0,0.0,0.0,0.0,0.0,0.0,0.0,0.0,0.0,0.0,0.0,0.0,0,0.0,False
22.370271338241707,1003.8053489482307,0.2693136412881735,4.344831264834114,4.897608074617185,1.895942237073056,0.7959669419422694,324.87604047047034,1.1550120402127868,29.95430181552129,0.0,999.0,0.0,0.0,0.0,0.0,0.0,0.0,0.0,0.0,0.0,0.0,0.0,0.0,0.0,0.0,0.0,0.0,0.0,0.0,0.0,0.0,0.0,0.0,0,0.0,False
18.385342292004275,1045.72097937085,0.2773517777749953,13.172358709115079,2.059754539006139,1.8050030059641293,0.8660579918894105,392.5282108802502,1.6508533721266905,69.26511435417252,0.0,999.0,0.0,0.0,0.0,0.0,0.0,0.0,0.0,0.0,0.0,0.0,0.0,0.0,0.0,0.0,0.0,0.0,0.0,0.0,0.0,0.0,0.0,0.0,0,0.0,False
20.537037517836687,1250.2614508641147,0.40032982906461984,14.265225720053499,2.5335942438540457,1.8460734479638379,0.9573949263266688,396.75764854798257,0.6703816447419373,23.455010336490425,0.0,999.0,0.0,0.0,0.0,0.0,0.0,0.0,0.0,0.0,0.0,0.0,0.0,0.0,0.0,0.0,0.0,0.0,0.0,0.0,0.0,0.0,0.0,0.0,0,0.0,False
18.838085614968467,1538.1261794946565,0.0306842724524182,6.193794714005002,2.7431987052870648,1.313085581626832,0.7501724132979928,356.5580261948554,0.7561824728499275,50.510974436614376,0.0,999.0,0.0,0.0,0.0,0.0,0.0,0.0,0.0,0.0,0.0,0.0,0.0,0.0,0.0,0.0,0.0,0.0,0.0,0.0,0.0,0.0,0.0,0.0,0,0.0,False
17.62359356299536,1309.5964715008727,0.44297104965538725,7.021700806293234,4.725605452759398,1.6963754899124661,0.015821242846556283,384.90997644191845,3.609036128826158,79.87859502828815,0.0,999.0,0.0,0.0,0.0,0.0,0.0,0.0,0.0,0.0,0.0,0.0,0.0,0.0,0.0,0.0,0.0,0.0,0.0,0.0,0.0,0.0,0.0,0.0,0,0.0,False
11.601219545424346,1289.0177698127063,0.2031835270929105,10.305341860914384,3.346356388201764,1.6815910345347864,0.6788014089134193,375.7718823002205,3.354209763410926,29.058843996778748,0.0,999.0,0.0,0.0,0.0,0.0,0.0,0.0,0.0,0.0,0.0,0.0,0.0,0.0,0.0,0.0,0.0,0.0,0.0,0.0,0.0,0.0,0.0,0.0,0,0.0,False
27.508093324830703,1054.2530742208621,0.0910222547079731,12.58006022435162,3.3159653729144907,1.081889616828626,0.9275085803960339,347.82126877964055,3.914232585468253,63.16520722662353,0.0,999.0,0.0,0.0,0.0,0.0,0.0,0.0,0.0,0.0,0.0,0.0,0.0,0.0,0.0,0.0,0.0,0.0,0.0,0.0,0.0,0.0,0.0,0.0,0,0.0,False
13.439416357895144,1051.46521590946,0.04799049544005998,12.766584771778902,2.286146661570097,1.7492464576623528,0.2902979970618682,326.7105313349619,0.5752201508465289,69.72793653554585,0.0,999.0,0.0,0.0,0.0,0.0,0.0,0.0,0.0,0.0,0.0,0.0,0.0,0.0,0.0,0.0,0.0,0.0,0.0,0.0,0.0,0.0,0.0,0.0,0,0.0,False
29.188686421235047,1482.376534899188,0.01616153331178699,11.803259763544247,3.3950044446905183,1.9423038355346098,0.2214327343234883,341.3657615747493,0.866632841947679,45.71712971982719,0.0,999.0,0.0,0.0,0.0,0.0,0.0,0.0,0.0,0.0,0.0,0.0,0.0,0.0,0.0,0.0,0.0,0.0,0.0,0.0,0.0,0.0,0.0,0.0,0,0.0,False
11.439485593789735,1580.365798000163,0.28405023095997106,6.2362255812708955,2.75697723371097,1.7182084394826023,0.1954294811093188,366.5087141818606,4.8650899508974055,70.80972808940211,0.0,999.0,0.0,0.0,0.0,0.0,0.0,0.0,0.0,0.0,0.0,0.0,0.0,0.0,0.0,0.0,0.0,0.0,0.0,0.0,0.0,0.0,0.0,0.0,0,0.0,False
18.383890288065896,1411.1317002380556,0.10222612486575872,13.6592918003004,2.0821627795937783,1.6375142611962425,0.41730480236712697,364.69518627566015,1.131741223678552,31.886089345092728,0.0,999.0,0.0,0.0,0.0,0.0,0.0,0.0,0.0,0.0,0.0,0.0,0.0,0.0,0.0,0.0,0.0,0.0,0.0,0.0,0.0,0.0,0.0,0.0,0,0.0,False
11.767598784952646,1003.8053489482307,0.27221255271219785,4.374297331053784,3.3446068909309283,1.895942237073056,0.8071114906595228,375.96519603898764,1.087739614635717,29.95430181552129,0.0,999.0,0.0,0.0,0.0,0.0,0.0,0.0,0.0,0.0,0.0,0.0,0.0,0.0,0.0,0.0,0.0,0.0,0.0,0.0,0.0,0.0,0.0,0.0,0,0.0,False
11.787921320908524,1539.2614338540002,0.08271720553627691,13.088502890416304,4.019708870060658,1.435425819300172,0.5984646931046363,362.18139651883337,4.233646973657422,66.90044062774419,0.0,999.0,0.0,0.0,0.0,0.0,0.0,0.0,0.0,0.0,0.0,0.0,0.0,0.0,0.0,0.0,0.0,0.0,0.0,0.0,0.0,0.0,0.0,0.0,0,0.0,False
21.02863147346745,1111.1735436211313,0.2210505553133829,6.038494105314529,4.842127753861877,1.4432071232401942,0.9639177674239978,371.59533380097696,2.679420978645735,78.06171475767185,0.0,999.0,0.0,0.0,0.0,0.0,0.0,0.0,0.0,0.0,0.0,0.0,0.0,0.0,0.0,0.0,0.0,0.0,0.0,0.0,0.0,0.0,0.0,0.0,0,0.0,False
22.293784489783178,1006.2185568011391,0.2520655093342612,4.03319752281556,4.853581356470613,1.964276044965014,0.04711583031521599,395.37340337103416,1.1550120402127868,29.48793595401967,0.0,999.0,0.0,0.0,0.0,0.0,0.0,0.0,0.0,0.0,0.0,0.0,0.0,0.0,0.0,0.0,0.0,0.0,0.0,0.0,0.0,0.0,0.0,0.0,0,0.0,False
27.767728687907717,1119.6054045527815,0.2926742294691255,14.952719693786726,3.3518617946164575,1.914055136032197,0.2789908904569709,368.70649393550366,3.5710416939506695,68.31134637910783,0.0,999.0,0.0,0.0,0.0,0.0,0.0,0.0,0.0,0.0,0.0,0.0,0.0,0.0,0.0,0.0,0.0,0.0,0.0,0.0,0.0,0.0,0.0,0.0,0,0.0,False
13.932521629458183,1146.0296613278806,0.0036594846639319,9.072626043805865,4.752819042933179,1.5404422493723495,0.849705797800526,368.746350197136,3.9683381901167314,72.77933373673028,0.0,999.0,0.0,0.0,0.0,0.0,0.0,0.0,0.0,0.0,0.0,0.0,0.0,0.0,0.0,0.0,0.0,0.0,0.0,0.0,0.0,0.0,0.0,0.0,0,0.0,False
20.384476970121504,1250.605504709904,0.40032982906461984,6.109138458387016,2.5335942438540457,1.8460734479638379,0.9573949263266688,396.9816489503796,0.6703816447419373,29.09180473608076,0.0,999.0,0.0,0.0,0.0,0.0,0.0,0.0,0.0,0.0,0.0,0.0,0.0,0.0,0.0,0.0,0.0,0.0,0.0,0.0,0.0,0.0,0.0,0.0,0,0.0,False
27.56275761794059,1403.8763101804186,0.0036594846639319,7.61081714015859,4.925777631356612,1.5472040661832644,0.8551902839041353,368.373764187935,4.291095585403729,58.647975136542925,0.0,999.0,0.0,0.0,0.0,0.0,0.0,0.0,0.0,0.0,0.0,0.0,0.0,0.0,0.0,0.0,0.0,0.0,0.0,0.0,0.0,0.0,0.0,0.0,0,0.0,False
11.639978927245847,1119.6973276831368,0.1485722321098537,5.182597638036844,3.195528825978208,1.3253587220281968,0.2931470323057198,322.74892948713483,1.2102671506444078,68.22477975672572,0.0,999.0,0.0,0.0,0.0,0.0,0.0,0.0,0.0,0.0,0.0,0.0,0.0,0.0,0.0,0.0,0.0,0.0,0.0,0.0,0.0,0.0,0.0,0.0,0,0.0,False
11.819445123010528,1330.141635990582,0.4518480072330449,7.1429073690756235,4.07126762519606,1.722225546283936,0.023560345849940156,367.478512655731,2.4515435704525625,64.89719694715671,0.0,999.0,0.0,0.0,0.0,0.0,0.0,0.0,0.0,0.0,0.0,0.0,0.0,0.0,0.0,0.0,0.0,0.0,0.0,0.0,0.0,0.0,0.0,0.0,0,0.0,False
13.082744505606732,1368.004767654189,0.375182673727535,11.836658592696724,3.687098309134924,1.9347279806398976,0.9679641912443829,397.7888847325609,0.837155244506173,73.06837634731274,0.0,999.0,0.0,0.0,0.0,0.0,0.0,0.0,0.0,0.0,0.0,0.0,0.0,0.0,0.0,0.0,0.0,0.0,0.0,0.0,0.0,0.0,0.0,0.0,0,0.0,False
19.49263470227826,1585.7101810244997,0.2725061684448218,5.664298768232955,2.5030466455971325,1.4557186869357421,0.5502882935269116,393.9763345228822,4.2754312637299865,20.206915358987228,0.0,999.0,0.0,0.0,0.0,0.0,0.0,0.0,0.0,0.0,0.0,0.0,0.0,0.0,0.0,0.0,0.0,0.0,0.0,0.0,0.0,0.0,0.0,0.0,0,0.0,False
27.599965771268636,1544.1639038815276,0.3313599061876311,6.972290882327336,2.757100104513769,1.928855520181955,0.5277146463087466,358.83270332702756,3.0761983273622286,56.714512709260774,0.0,999.0,0.0,0.0,0.0,0.0,0.0,0.0,0.0,0.0,0.0,0.0,0.0,0.0,0.0,0.0,0.0,0.0,0.0,0.0,0.0,0.0,0.0,0.0,0,0.0,False
11.439485593789735,1367.5309148940175,0.2839677511651768,7.937296863318282,3.044753016169269,1.9264884969471556,0.1954294811093188,361.7651449108726,4.859232811999593,70.31894842455978,0.0,999.0,0.0,0.0,0.0,0.0,0.0,0.0,0.0,0.0,0.0,0.0,0.0,0.0,0.0,0.0,0.0,0.0,0.0,0.0,0.0,0.0,0.0,0.0,0,0.0,False
22.59435014043129,1126.1044059489038,0.37637777686940693,4.731901294895264,2.7809452957356227,1.78523002011768,0.19343428262332774,371.15687047039523,2.8610163910568014,75.48847822396104,0.0,999.0,0.0,0.0,0.0,0.0,0.0,0.0,0.0,0.0,0.0,0.0,0.0,0.0,0.0,0.0,0.0,0.0,0.0,0.0,0.0,0.0,0.0,0.0,0,0.0,False
25.337758162166878,1204.039604138962,0.3982792937683555,7.839229782819181,2.925184185632791,1.9209199863507989,0.42008742603927873,361.8844243773514,3.648589992116745,62.35506557844633,0.0,999.0,0.0,0.0,0.0,0.0,0.0,0.0,0.0,0.0,0.0,0.0,0.0,0.0,0.0,0.0,0.0,0.0,0.0,0.0,0.0,0.0,0.0,0.0,0,0.0,False
14.55195476644506,1203.1160909723833,0.1863717565566213,11.639616427895865,2.889220216406726,1.6703183813967948,0.45025084608015353,386.1307354025179,2.4656712937935676,39.83779844735488,0.0,999.0,0.0,0.0,0.0,0.0,0.0,0.0,0.0,0.0,0.0,0.0,0.0,0.0,0.0,0.0,0.0,0.0,0.0,0.0,0.0,0.0,0.0,0.0,0,0.0,False
16.591696141986315,1199.2381446201023,0.37655360152066625,12.904397613392403,4.701352686639908,1.9307874644124685,0.4324257771721113,397.062792048768,3.4832198076213023,73.33630531334721,0.0,999.0,0.0,0.0,0.0,0.0,0.0,0.0,0.0,0.0,0.0,0.0,0.0,0.0,0.0,0.0,0.0,0.0,0.0,0.0,0.0,0.0,0.0,0.0,0,0.0,False
12.926016307829117,1430.5209356130426,0.22283386374208003,10.63318186587799,2.6726314887975056,0.9193218135588356,0.33538093254820445,389.73244982798207,4.3209513023816015,52.305971765416764,0.0,999.0,0.0,0.0,0.0,0.0,0.0,0.0,0.0,0.0,0.0,0.0,0.0,0.0,0.0,0.0,0.0,0.0,0.0,0.0,0.0,0.0,0.0,0.0,0,0.0,False
16.591696141986315,1199.2381446201023,0.06549842240545845,12.904397613392403,4.701352686639908,1.9341182305667042,0.006716336794754252,397.0627928549759,3.560578720398427,74.32353912251895,0.0,999.0,0.0,0.0,0.0,0.0,0.0,0.0,0.0,0.0,0.0,0.0,0.0,0.0,0.0,0.0,0.0,0.0,0.0,0.0,0.0,0.0,0.0,0.0,0,0.0,False
23.14130849245779,1396.1782004602537,0.015868429004059326,9.825012715262343,4.683297255282717,1.5764280222443718,0.8709456091610533,392.69962182867107,1.9843005320684706,50.65681839678268,0.0,999.0,0.0,0.0,0.0,0.0,0.0,0.0,0.0,0.0,0.0,0.0,0.0,0.0,0.0,0.0,0.0,0.0,0.0,0.0,0.0,0.0,0.0,0.0,0,0.0,False
18.364858359883947,1071.936334701626,0.029406218361173162,5.334778013148111,2.1336556356342853,1.0182435420167022,0.23398099633527092,347.3876428185564,2.998213971654115,52.23647793979237,0.0,999.0,0.0,0.0,0.0,0.0,0.0,0.0,0.0,0.0,0.0,0.0,0.0,0.0,0.0,0.0,0.0,0.0,0.0,0.0,0.0,0.0,0.0,0.0,0,0.0,False
12.868460973404899,1047.032139912969,0.2684000518312385,4.0627437036499785,4.85435586008482,1.9664230879131899,0.019211370081349655,379.9567559240177,2.2768271620728773,33.98328060112889,0.0,999.0,0.0,0.0,0.0,0.0,0.0,0.0,0.0,0.0,0.0,0.0,0.0,0.0,0.0,0.0,0.0,0.0,0.0,0.0,0.0,0.0,0.0,0.0,0,0.0,False
12.868460973404899,1047.032139912969,0.009166321456503645,5.271225992529226,3.6790878351340446,1.0246761150443495,0.027783348848669953,380.3889185112374,2.2768271620728773,64.8163097364515,0.0,999.0,0.0,0.0,0.0,0.0,0.0,0.0,0.0,0.0,0.0,0.0,0.0,0.0,0.0,0.0,0.0,0.0,0.0,0.0,0.0,0.0,0.0,0.0,0,0.0,False
13.582935072107077,1412.5143885373318,0.15092390395261612,5.138055117280414,2.4329095637973692,0.9187792421735548,0.6961042674500315,380.9755067584605,4.075602580331385,50.424795397048186,0.0,999.0,0.0,0.0,0.0,0.0,0.0,0.0,0.0,0.0,0.0,0.0,0.0,0.0,0.0,0.0,0.0,0.0,0.0,0.0,0.0,0.0,0.0,0.0,0,0.0,False
17.114103419677622,1325.129049190532,0.08019758975982455,12.202009119782456,2.157348471668887,1.2995730104391772,0.8710003153882304,393.25773371048194,3.3976546917976926,31.318208057318653,0.0,999.0,0.0,0.0,0.0,0.0,0.0,0.0,0.0,0.0,0.0,0.0,0.0,0.0,0.0,0.0,0.0,0.0,0.0,0.0,0.0,0.0,0.0,0.0,0,0.0,False
22.090914173390612,1455.4689190672984,0.08497035710862888,9.724469672073594,3.617283858561632,1.737711266492179,0.18395344154722204,357.0271294966608,4.401091864042426,49.83735115517098,0.0,999.0,0.0,0.0,0.0,0.0,0.0,0.0,0.0,0.0,0.0,0.0,0.0,0.0,0.0,0.0,0.0,0.0,0.0,0.0,0.0,0.0,0.0,0.0,0,0.0,False
25.915047396267394,1201.0719293675108,0.1815706131533414,6.372012483387524,2.441245003998823,1.9953934523330639,0.3120943063580923,334.38581552048504,1.9977320743624822,57.54260882949933,0.0,999.0,0.0,0.0,0.0,0.0,0.0,0.0,0.0,0.0,0.0,0.0,0.0,0.0,0.0,0.0,0.0,0.0,0.0,0.0,0.0,0.0,0.0,0.0,0,0.0,False
16.16714978201973,1222.9927460345095,0.12222399968580544,10.548572539059581,4.087538401796979,1.1170105296478525,0.9901786422685526,380.2456524695564,3.507909528121951,65.09842424487744,0.0,999.0,0.0,0.0,0.0,0.0,0.0,0.0,0.0,0.0,0.0,0.0,0.0,0.0,0.0,0.0,0.0,0.0,0.0,0.0,0.0,0.0,0.0,0.0,0,0.0,False
28.354357576499588,1548.7662106644475,0.028442799916410466,5.1735903186371885,2.609068678754,1.9598949217961632,0.7285856679745962,336.6555550727033,1.8234784098648846,50.03887424103449,0.0,999.0,0.0,0.0,0.0,0.0,0.0,0.0,0.0,0.0,0.0,0.0,0.0,0.0,0.0,0.0,0.0,0.0,0.0,0.0,0.0,0.0,0.0,0.0,0,0.0,False
22.031587870900246,1233.987890217771,0.28800976469748746,4.207335720695095,3.815845357749539,1.8282244718243077,0.3810161240622142,379.98866485809145,2.800136652337077,31.14591659537632,0.0,999.0,0.0,0.0,0.0,0.0,0.0,0.0,0.0,0.0,0.0,0.0,0.0,0.0,0.0,0.0,0.0,0.0,0.0,0.0,0.0,0.0,0.0,0.0,0,0.0,False
17.897512258471096,1464.3518941535146,0.22673062872624986,10.31662551712223,4.452169248312514,1.7267428396226034,0.01585823851653595,393.6150322221705,0.8017111933283331,77.80674514476829,0.0,999.0,0.0,0.0,0.0,0.0,0.0,0.0,0.0,0.0,0.0,0.0,0.0,0.0,0.0,0.0,0.0,0.0,0.0,0.0,0.0,0.0,0.0,0.0,0,0.0,False
22.271773890056714,1388.9876536978747,0.08497035710862888,5.643914788327487,3.5425251305776486,1.8628659989899932,0.18395344154722204,357.0271294966608,2.4301955031345632,49.83735115517098,0.0,999.0,0.0,0.0,0.0,0.0,0.0,0.0,0.0,0.0,0.0,0.0,0.0,0.0,0.0,0.0,0.0,0.0,0.0,0.0,0.0,0.0,0.0,0.0,0,0.0,False
13.932521629458183,1163.726079174518,0.0036594846639319,8.618214823720708,4.752819042933179,1.5472040661832644,0.8551902839041353,368.9766950912052,3.9683381901167314,70.45425758328568,0.0,999.0,0.0,0.0,0.0,0.0,0.0,0.0,0.0,0.0,0.0,0.0,0.0,0.0,0.0,0.0,0.0,0.0,0.0,0.0,0.0,0.0,0.0,0.0,0,0.0,False
17.6569853345995,1252.9877867081707,0.27644267533169264,12.48065215272179,3.4615817272202714,1.9360436612246341,0.26199970471933565,392.86449112694066,1.1840624380494478,69.26731389313788,0.0,999.0,0.0,0.0,0.0,0.0,0.0,0.0,0.0,0.0,0.0,0.0,0.0,0.0,0.0,0.0,0.0,0.0,0.0,0.0,0.0,0.0,0.0,0.0,0,0.0,False
10.35456469450427,1250.8683374351594,0.436933786362944,4.13864143732864,4.017409533961201,1.7119162809390749,0.44924675358663757,393.99483709915626,3.759183907664567,20.233515010160538,0.0,999.0,0.0,0.0,0.0,0.0,0.0,0.0,0.0,0.0,0.0,0.0,0.0,0.0,0.0,0.0,0.0,0.0,0.0,0.0,0.0,0.0,0.0,0.0,0,0.0,False
27.754257720558023,1401.490604107404,0.3313599061876311,6.972290882327336,3.1712041172380436,1.8403877369671426,0.5277146463087466,384.17288672036784,2.4337015024862154,63.98855151725067,0.0,999.0,0.0,0.0,0.0,0.0,0.0,0.0,0.0,0.0,0.0,0.0,0.0,0.0,0.0,0.0,0.0,0.0,0.0,0.0,0.0,0.0,0.0,0.0,0,0.0,False
12.046688576556516,1248.433592691741,0.34720007886387255,8.55597196479593,2.1498603768382614,1.489486046507063,0.6637946452197888,361.1911289646647,4.75067640195866,55.19330243011957,0.0,999.0,0.0,0.0,0.0,0.0,0.0,0.0,0.0,0.0,0.0,0.0,0.0,0.0,0.0,0.0,0.0,0.0,0.0,0.0,0.0,0.0,0.0,0.0,0,0.0,False
21.90183422650534,1389.8996346484,0.006861866919050342,5.678643857464991,2.0497276487028024,1.025594778403878,0.6567623968626076,336.81759057062567,1.9446184137529214,53.47471965462635,0.0,999.0,0.0,0.0,0.0,0.0,0.0,0.0,0.0,0.0,0.0,0.0,0.0,0.0,0.0,0.0,0.0,0.0,0.0,0.0,0.0,0.0,0.0,0.0,0,0.0,False
21.124804679808378,1158.463999804935,0.10389651420907417,5.334778013148111,2.1336556356342853,1.0182435420167022,0.2257093386078547,346.9936794833677,3.021509370028612,20.383842228145614,0.0,999.0,0.0,0.0,0.0,0.0,0.0,0.0,0.0,0.0,0.0,0.0,0.0,0.0,0.0,0.0,0.0,0.0,0.0,0.0,0.0,0.0,0.0,0.0,0,0.0,False
29.89335931047204,1535.4025591894515,0.3586457989057049,9.171314761516246,2.018113766823481,1.9736479055145226,0.15983365034409336,356.41023548323136,2.0041400751614598,45.16431917498163,0.0,999.0,0.0,0.0,0.0,0.0,0.0,0.0,0.0,0.0,0.0,0.0,0.0,0.0,0.0,0.0,0.0,0.0,0.0,0.0,0.0,0.0,0.0,0.0,0,0.0,False
11.698321995401448,1102.7738045395436,0.11167413468471869,5.922424639919427,3.5258159413253933,1.6342247041613418,0.8537425354049837,346.9023840083351,3.767765503916373,50.36834027188768,0.0,999.0,0.0,0.0,0.0,0.0,0.0,0.0,0.0,0.0,0.0,0.0,0.0,0.0,0.0,0.0,0.0,0.0,0.0,0.0,0.0,0.0,0.0,0.0,0,0.0,False
27.666121824116196,1374.2033242333653,0.06443694659639104,7.837881761756268,2.809783675295078,1.880514567812063,0.008226345807588215,397.1872045780787,3.5628456529601413,58.28891087730781,0.0,999.0,0.0,0.0,0.0,0.0,0.0,0.0,0.0,0.0,0.0,0.0,0.0,0.0,0.0,0.0,0.0,0.0,0.0,0.0,0.0,0.0,0.0,0.0,0,0.0,False
28.3903111370193,1110.63066542066,0.2926742294691255,12.543484964267481,3.338351657103289,1.914055136032197,0.2789908904569709,368.70649393550366,3.5710416939506695,39.46277053787324,0.0,999.0,0.0,0.0,0.0,0.0,0.0,0.0,0.0,0.0,0.0,0.0,0.0,0.0,0.0,0.0,0.0,0.0,0.0,0.0,0.0,0.0,0.0,0.0,0,0.0,False
23.023011219535622,1161.83737986495,0.317186552102477,7.733583964193704,3.7215841080832384,1.0944776682053685,0.7151694857529546,381.7640295327687,2.708877128259195,64.84730066114312,0.0,999.0,0.0,0.0,0.0,0.0,0.0,0.0,0.0,0.0,0.0,0.0,0.0,0.0,0.0,0.0,0.0,0.0,0.0,0.0,0.0,0.0,0.0,0.0,0,0.0,False
15.26593540974222,1008.3487782851784,0.290964489520795,12.493958324975715,4.775724356673315,1.926988410266488,0.016218451219621288,338.74896688971364,3.2755026065074593,76.94097924125698,0.0,999.0,0.0,0.0,0.0,0.0,0.0,0.0,0.0,0.0,0.0,0.0,0.0,0.0,0.0,0.0,0.0,0.0,0.0,0.0,0.0,0.0,0.0,0.0,0,0.0,False
18.08003218108758,1081.6678925488732,0.22532163433606722,7.678613319669999,2.6539067901835036,1.9183522818000838,0.6896393990795577,367.90567124987376,3.8599586245535225,52.51826370628649,0.0,999.0,0.0,0.0,0.0,0.0,0.0,0.0,0.0,0.0,0.0,0.0,0.0,0.0,0.0,0.0,0.0,0.0,0.0,0.0,0.0,0.0,0.0,0.0,0,0.0,False
17.89764525073601,1024.6108564290564,0.004137837440172737,12.583998756181954,3.611553286289443,1.3549208160198425,0.5377369989555791,387.52136867519954,0.6002218018976186,69.26731389313788,0.0,999.0,0.0,0.0,0.0,0.0,0.0,0.0,0.0,0.0,0.0,0.0,0.0,0.0,0.0,0.0,0.0,0.0,0.0,0.0,0.0,0.0,0.0,0.0,0,0.0,False
10.458302626447635,1311.4493933271938,0.40499435533120814,4.13864143732864,4.017409533961201,1.655489049322691,0.44924675358663757,393.18309493935476,3.399624881406468,20.31439025908795,0.0,999.0,0.0,0.0,0.0,0.0,0.0,0.0,0.0,0.0,0.0,0.0,0.0,0.0,0.0,0.0,0.0,0.0,0.0,0.0,0.0,0.0,0.0,0.0,0,0.0,False
22.991661097569576,1562.841376472926,0.4897325468306441,7.0448710886064525,4.835430377150885,1.7415056631279573,0.5997403444720987,386.63745150696565,4.532195712087509,78.3632211711695,0.0,999.0,0.0,0.0,0.0,0.0,0.0,0.0,0.0,0.0,0.0,0.0,0.0,0.0,0.0,0.0,0.0,0.0,0.0,0.0,0.0,0.0,0.0,0.0,0,0.0,False
12.685114124576147,1047.032139912969,0.005306807355830445,4.733974974032921,3.3757514411252956,1.0246761150443495,0.027783348848669953,380.3889185112374,2.2768271620728773,64.8163097364515,0.0,999.0,0.0,0.0,0.0,0.0,0.0,0.0,0.0,0.0,0.0,0.0,0.0,0.0,0.0,0.0,0.0,0.0,0.0,0.0,0.0,0.0,0.0,0.0,0,0.0,False
17.621629825869046,1431.6805654051884,0.017337297910264757,7.228081882322188,2.4478212720515735,1.0251642254224795,0.24121891290978445,352.1542273308797,1.9446184137529214,36.53848177671785,0.0,999.0,0.0,0.0,0.0,0.0,0.0,0.0,0.0,0.0,0.0,0.0,0.0,0.0,0.0,0.0,0.0,0.0,0.0,0.0,0.0,0.0,0.0,0.0,0,0.0,False
17.128740753094537,1039.5766544104142,0.011926388220063505,12.493958324975715,4.723447557510572,1.0839485416920944,0.0039996728246777385,349.58682375821655,3.34042713092763,76.94097924125698,0.0,999.0,0.0,0.0,0.0,0.0,0.0,0.0,0.0,0.0,0.0,0.0,0.0,0.0,0.0,0.0,0.0,0.0,0.0,0.0,0.0,0.0,0.0,0.0,0,0.0,False
18.658770174683262,1214.506700398265,0.16513846826254047,11.671057631744533,2.8059503717186796,1.7891058150759183,0.2952887943998478,363.5297106868286,2.695646713123411,71.32138475572219,0.0,999.0,0.0,0.0,0.0,0.0,0.0,0.0,0.0,0.0,0.0,0.0,0.0,0.0,0.0,0.0,0.0,0.0,0.0,0.0,0.0,0.0,0.0,0.0,0,0.0,False
13.381830479570493,1075.2664702946918,0.466894651491908,9.858643515889383,2.1703159802518237,1.3302090354174387,0.7578994042174854,385.2381543204501,3.260866548507942,77.67791084368622,0.0,999.0,0.0,0.0,0.0,0.0,0.0,0.0,0.0,0.0,0.0,0.0,0.0,0.0,0.0,0.0,0.0,0.0,0.0,0.0,0.0,0.0,0.0,0.0,0,0.0,False
12.889268421117652,1435.899981467884,0.11231018517044394,9.712870068026362,3.595674445472907,0.9350361445681256,0.4946010766079109,391.7075408763709,4.648189977289327,52.30643555567262,0.0,999.0,0.0,0.0,0.0,0.0,0.0,0.0,0.0,0.0,0.0,0.0,0.0,0.0,0.0,0.0,0.0,0.0,0.0,0.0,0.0,0.0,0.0,0.0,0,0.0,False
10.292540010579739,1462.5303463011328,0.28442899535235777,9.329104680122706,3.0280667238598453,1.9547024876591679,0.37792417932809985,373.5541145102983,2.8288975643405623,58.6207158090969,0.0,999.0,0.0,0.0,0.0,0.0,0.0,0.0,0.0,0.0,0.0,0.0,0.0,0.0,0.0,0.0,0.0,0.0,0.0,0.0,0.0,0.0,0.0,0.0,0,0.0,False
18.886963148922543,1050.2649723072764,0.08265924524011992,6.169159811133362,4.0730820246701125,1.5311831560818883,0.8733231340367321,339.57072525753665,3.333235805235109,22.065875918425736,0.0,999.0,0.0,0.0,0.0,0.0,0.0,0.0,0.0,0.0,0.0,0.0,0.0,0.0,0.0,0.0,0.0,0.0,0.0,0.0,0.0,0.0,0.0,0.0,0,0.0,False
15.26593540974222,1039.5766544104142,0.36753298164433473,12.493958324975715,4.723447557510572,1.925169276116521,0.013951572975597015,338.74896688971364,3.2755026065074593,76.94097924125698,0.0,999.0,0.0,0.0,0.0,0.0,0.0,0.0,0.0,0.0,0.0,0.0,0.0,0.0,0.0,0.0,0.0,0.0,0.0,0.0,0.0,0.0,0.0,0.0,0,0.0,False
21.419856587535808,1412.381889624634,0.200267201228676,13.35304217090302,3.86828441911079,1.9424874865518693,0.3603879124141932,393.97372913342974,1.8174412997960039,44.209912006542396,0.0,999.0,0.0,0.0,0.0,0.0,0.0,0.0,0.0,0.0,0.0,0.0,0.0,0.0,0.0,0.0,0.0,0.0,0.0,0.0,0.0,0.0,0.0,0.0,0,0.0,False
12.384815706096045,1539.6812924644296,0.048875436993774724,4.280238593567024,4.188193094768458,1.5820706082322733,0.33039174636170277,346.5956222985916,0.7448417187947837,71.88654708377567,0.0,999.0,0.0,0.0,0.0,0.0,0.0,0.0,0.0,0.0,0.0,0.0,0.0,0.0,0.0,0.0,0.0,0.0,0.0,0.0,0.0,0.0,0.0,0.0,0,0.0,False
14.701552733723407,1276.9612485349733,0.09929575152696313,4.280238593567024,4.188193094768458,1.6974084219410313,0.33039174636170277,387.47953008509245,2.4279911417798306,71.88116868581206,0.0,999.0,0.0,0.0,0.0,0.0,0.0,0.0,0.0,0.0,0.0,0.0,0.0,0.0,0.0,0.0,0.0,0.0,0.0,0.0,0.0,0.0,0.0,0.0,0,0.0,False
10.752077572992002,1458.8359834002918,0.2591407901634062,4.058481862572136,2.834519425125486,1.4883154557717928,0.7679628782813116,325.32748353102227,2.9707404973273386,65.97833705094165,0.0,999.0,0.0,0.0,0.0,0.0,0.0,0.0,0.0,0.0,0.0,0.0,0.0,0.0,0.0,0.0,0.0,0.0,0.0,0.0,0.0,0.0,0.0,0.0,0,0.0,False
25.085375578205813,1201.8343316207875,0.3982792937683555,7.839229782819181,2.9314064038539858,1.9209199863507989,0.42008742603927873,364.2035272246338,3.6536754383348518,62.35506557844633,0.0,999.0,0.0,0.0,0.0,0.0,0.0,0.0,0.0,0.0,0.0,0.0,0.0,0.0,0.0,0.0,0.0,0.0,0.0,0.0,0.0,0.0,0.0,0.0,0,0.0,False
16.046080707438257,1256.35033644609,0.29164048432098216,14.233465237572956,2.5335942438540457,1.5474125896380828,0.9040205448776928,386.28992524415867,0.6211028345782542,26.57826645451251,0.0,999.0,0.0,0.0,0.0,0.0,0.0,0.0,0.0,0.0,0.0,0.0,0.0,0.0,0.0,0.0,0.0,0.0,0.0,0.0,0.0,0.0,0.0,0.0,0,0.0,False
13.851120419101369,1451.7555489879653,0.0036594846639319,7.61081714015859,4.752819042933179,1.5472040661832644,0.8551902839041353,368.373764187935,4.201601686357419,72.76901140575902,0.0,999.0,0.0,0.0,0.0,0.0,0.0,0.0,0.0,0.0,0.0,0.0,0.0,0.0,0.0,0.0,0.0,0.0,0.0,0.0,0.0,0.0,0.0,0.0,0,0.0,False
23.56964907995848,1582.5860432647353,0.2808281091944813,7.215826323779316,4.00469659554228,1.7210289562735168,0.5968885249459731,398.367213948754,2.2722608374671767,64.86749741525966,0.0,999.0,0.0,0.0,0.0,0.0,0.0,0.0,0.0,0.0,0.0,0.0,0.0,0.0,0.0,0.0,0.0,0.0,0.0,0.0,0.0,0.0,0.0,0.0,0,0.0,False
11.40243615148556,1250.8816802351894,0.012876741203291686,8.093374315374046,3.5200831024522046,1.9754796068812537,0.10804602274819117,330.3234605996162,1.7348990742982684,66.62589375654699,0.0,999.0,0.0,0.0,0.0,0.0,0.0,0.0,0.0,0.0,0.0,0.0,0.0,0.0,0.0,0.0,0.0,0.0,0.0,0.0,0.0,0.0,0.0,0.0,0,0.0,False
12.131790606134162,1458.9500645642154,0.28853899329734234,6.653710064051766,3.4663235595890853,1.9885455743128724,0.987951398099481,371.6068512208355,1.1827619196438812,36.91324503749207,0.0,999.0,0.0,0.0,0.0,0.0,0.0,0.0,0.0,0.0,0.0,0.0,0.0,0.0,0.0,0.0,0.0,0.0,0.0,0.0,0.0,0.0,0.0,0.0,0,0.0,False
28.06803830575767,1082.4848224877426,0.06963817362537927,12.881304175804761,3.193030510956601,1.081889616828626,0.9275085803960339,347.82126877964055,3.8786544641127,63.55987912102709,0.0,999.0,0.0,0.0,0.0,0.0,0.0,0.0,0.0,0.0,0.0,0.0,0.0,0.0,0.0,0.0,0.0,0.0,0.0,0.0,0.0,0.0,0.0,0.0,0,0.0,False
20.537037517836687,1250.2614508641147,0.29164048432098216,14.265225720053499,2.5335942438540457,1.8460734479638379,0.9573949263266688,396.75764854798257,0.6703816447419373,25.2586607336233,0.0,999.0,0.0,0.0,0.0,0.0,0.0,0.0,0.0,0.0,0.0,0.0,0.0,0.0,0.0,0.0,0.0,0.0,0.0,0.0,0.0,0.0,0.0,0.0,0,0.0,False
11.497306022249486,1580.365798000163,0.33087046552065474,6.2362255812708955,2.005074874377557,1.7182084394826023,0.1954294811093188,386.3932350895563,4.8650899508974055,70.80972808940211,0.0,999.0,0.0,0.0,0.0,0.0,0.0,0.0,0.0,0.0,0.0,0.0,0.0,0.0,0.0,0.0,0.0,0.0,0.0,0.0,0.0,0.0,0.0,0.0,0,0.0,False
13.457716338826783,1316.2348613545655,0.15487588989876253,9.238211941791334,3.060716509966765,1.601095529516826,0.6090512623401807,390.4840067186755,4.34976240872877,79.02712186959866,0.0,999.0,0.0,0.0,0.0,0.0,0.0,0.0,0.0,0.0,0.0,0.0,0.0,0.0,0.0,0.0,0.0,0.0,0.0,0.0,0.0,0.0,0.0,0.0,0,0.0,False
18.383890288065896,1411.1317002380556,0.10222612486575872,4.908298079497318,2.043906524808667,1.6375142611962425,0.4173410181855096,364.7657933563497,1.0830822218050804,50.34260262212933,0.0,999.0,0.0,0.0,0.0,0.0,0.0,0.0,0.0,0.0,0.0,0.0,0.0,0.0,0.0,0.0,0.0,0.0,0.0,0.0,0.0,0.0,0.0,0.0,0,0.0,False
29.811415519347797,1553.5208038136607,0.1402219960322026,9.378045593654972,2.4905410787956304,1.4027837225581297,0.2802976539426473,340.6167233540941,1.7949890236385693,45.077496943238195,0.0,999.0,0.0,0.0,0.0,0.0,0.0,0.0,0.0,0.0,0.0,0.0,0.0,0.0,0.0,0.0,0.0,0.0,0.0,0.0,0.0,0.0,0.0,0.0,0,0.0,False
17.893874795432446,1164.785402228664,0.16513846826254047,11.671057631744533,4.41262812771218,1.7891058150759183,0.2952887943998478,363.5297106868286,2.695646713123411,71.32138475572219,0.0,999.0,0.0,0.0,0.0,0.0,0.0,0.0,0.0,0.0,0.0,0.0,0.0,0.0,0.0,0.0,0.0,0.0,0.0,0.0,0.0,0.0,0.0,0.0,0,0.0,False
20.376085014668284,1136.9798581175446,0.03728703562573993,8.073362631512765,2.9699260257438667,1.3496477961703133,0.4140749144174959,399.57979419657437,4.68480030643993,28.84437963848564,0.0,999.0,0.0,0.0,0.0,0.0,0.0,0.0,0.0,0.0,0.0,0.0,0.0,0.0,0.0,0.0,0.0,0.0,0.0,0.0,0.0,0.0,0.0,0.0,0,0.0,False
23.491280475268212,1478.5551278981834,0.19188680441313727,6.548725415343712,2.622876985411443,1.9090669193897938,0.6841107608194352,370.38466797349605,1.870330945642791,47.99439531787267,0.0,999.0,0.0,0.0,0.0,0.0,0.0,0.0,0.0,0.0,0.0,0.0,0.0,0.0,0.0,0.0,0.0,0.0,0.0,0.0,0.0,0.0,0.0,0.0,0,0.0,False
29.92576094903392,1022.7168015957415,0.045456184277869315,4.808133197961356,2.310513311990883,1.596837876575225,0.2749181278174835,383.8490668085594,3.583278486084648,70.31484540596287,0.0,999.0,0.0,0.0,0.0,0.0,0.0,0.0,0.0,0.0,0.0,0.0,0.0,0.0,0.0,0.0,0.0,0.0,0.0,0.0,0.0,0.0,0.0,0.0,0,0.0,False
22.370271338241707,1006.2185568011391,0.011557862097461152,5.354064208983691,3.7709491225493483,0.9487778527303413,0.7959669419422694,393.65409839278374,1.3979403524805236,60.29724422982986,0.0,999.0,0.0,0.0,0.0,0.0,0.0,0.0,0.0,0.0,0.0,0.0,0.0,0.0,0.0,0.0,0.0,0.0,0.0,0.0,0.0,0.0,0.0,0.0,0,0.0,False
13.446810166906571,1081.6357807479048,0.4662977315185818,11.664999776388902,2.1980005181661877,1.731009357862713,0.8805746555209101,399.27922360872856,4.443790828180449,27.544674503539692,0.0,999.0,0.0,0.0,0.0,0.0,0.0,0.0,0.0,0.0,0.0,0.0,0.0,0.0,0.0,0.0,0.0,0.0,0.0,0.0,0.0,0.0,0.0,0.0,0,0.0,False
16.532898035441924,1316.2348613545655,0.44297104965538725,7.929967360027497,4.725605452759398,1.585696127370983,0.015821242846556283,394.3549786995009,3.609036128826158,79.83937102708883,0.0,999.0,0.0,0.0,0.0,0.0,0.0,0.0,0.0,0.0,0.0,0.0,0.0,0.0,0.0,0.0,0.0,0.0,0.0,0.0,0.0,0.0,0.0,0.0,0,0.0,False
27.666121824116196,1374.2033242333653,0.37702464059058177,7.839774556407484,2.809783675295078,1.8845421125734712,0.4280911898712949,397.1872037718708,3.4854867401830165,57.30174321254731,0.0,999.0,0.0,0.0,0.0,0.0,0.0,0.0,0.0,0.0,0.0,0.0,0.0,0.0,0.0,0.0,0.0,0.0,0.0,0.0,0.0,0.0,0.0,0.0,0,0.0,False
23.572141109037524,1187.046722352237,0.21863895609541076,7.232487340175986,3.06804945809356,1.9315013041392692,0.3120943063580923,335.78483887319646,1.503636548250325,58.59571048574825,0.0,999.0,0.0,0.0,0.0,0.0,0.0,0.0,0.0,0.0,0.0,0.0,0.0,0.0,0.0,0.0,0.0,0.0,0.0,0.0,0.0,0.0,0.0,0.0,0,0.0,False
16.55292836680342,1314.696012763337,0.08498656429812054,7.929967360027497,4.670925271487354,1.9227433219629,0.015821242846556283,394.3549786995009,4.366678835689501,79.83937102708883,0.0,999.0,0.0,0.0,0.0,0.0,0.0,0.0,0.0,0.0,0.0,0.0,0.0,0.0,0.0,0.0,0.0,0.0,0.0,0.0,0.0,0.0,0.0,0.0,0,0.0,False
18.7061191525904,1554.073729071265,0.3530259021679666,10.012305165412803,2.378630311248076,1.9736479055145226,0.15983365034409336,336.208170017573,2.4403178982216693,43.58615417255329,0.0,999.0,0.0,0.0,0.0,0.0,0.0,0.0,0.0,0.0,0.0,0.0,0.0,0.0,0.0,0.0,0.0,0.0,0.0,0.0,0.0,0.0,0.0,0.0,0,0.0,False
22.893034690155385,1479.162546856126,0.1505156249042764,4.30366613149954,3.780297348393863,1.8282244718243077,0.20290581482239325,380.0381717120498,2.800136652337077,52.45710829773132,0.0,999.0,0.0,0.0,0.0,0.0,0.0,0.0,0.0,0.0,0.0,0.0,0.0,0.0,0.0,0.0,0.0,0.0,0.0,0.0,0.0,0.0,0.0,0.0,0,0.0,False
17.666036677125845,1107.3130424090443,0.03313156323749229,9.787489132519362,3.1696275054082,1.0855737226076423,0.8659724755349631,394.09547092114536,1.6291787905032182,61.023505060674225,0.0,999.0,0.0,0.0,0.0,0.0,0.0,0.0,0.0,0.0,0.0,0.0,0.0,0.0,0.0,0.0,0.0,0.0,0.0,0.0,0.0,0.0,0.0,0.0,0,0.0,False
10.668797624215289,1206.4927059258223,0.4471612647159219,5.117196486520344,3.0888796352358385,1.3305998159979286,0.2931470323057198,391.3325688688223,1.678541000569866,63.16528804554362,0.0,999.0,0.0,0.0,0.0,0.0,0.0,0.0,0.0,0.0,0.0,0.0,0.0,0.0,0.0,0.0,0.0,0.0,0.0,0.0,0.0,0.0,0.0,0.0,0,0.0,False
25.21604912611512,1468.6274933163743,0.45205149295690245,6.571455618645166,2.5300366792170244,1.3302090354174387,0.3205646539951602,385.2381543204501,3.260866548507942,65.60010514098494,0.0,999.0,0.0,0.0,0.0,0.0,0.0,0.0,0.0,0.0,0.0,0.0,0.0,0.0,0.0,0.0,0.0,0.0,0.0,0.0,0.0,0.0,0.0,0.0,0,0.0,False
14.91037360373015,1546.611543794181,0.021767131878882684,14.458287708671024,3.669220747012776,1.3139995383557963,0.9950523223391111,324.6690116918105,2.8251786189542547,21.865824527332872,0.0,999.0,0.0,0.0,0.0,0.0,0.0,0.0,0.0,0.0,0.0,0.0,0.0,0.0,0.0,0.0,0.0,0.0,0.0,0.0,0.0,0.0,0.0,0.0,0,0.0,False
21.124804679808378,1081.873135396411,0.02995884475610583,5.334778013148111,2.1336556356342853,1.0182435420167022,0.2257093386078547,377.0391184306141,3.018726419243641,20.753358809546953,0.0,999.0,0.0,0.0,0.0,0.0,0.0,0.0,0.0,0.0,0.0,0.0,0.0,0.0,0.0,0.0,0.0,0.0,0.0,0.0,0.0,0.0,0.0,0.0,0,0.0,False
26.43698749528021,1376.9437582783946,0.47815075487761605,10.489154397833467,2.593498353943758,1.3722637948781415,0.3367459987011673,399.35560095258245,2.2110642325276912,79.56205241988908,0.0,999.0,0.0,0.0,0.0,0.0,0.0,0.0,0.0,0.0,0.0,0.0,0.0,0.0,0.0,0.0,0.0,0.0,0.0,0.0,0.0,0.0,0.0,0.0,0,0.0,False
17.621629825869046,1395.6069617172188,0.03545920023519361,5.678643857464991,2.0497276487028024,1.0251759920921475,0.6517892760100904,352.2125481739935,1.9446184137529214,53.47471965462635,0.0,999.0,0.0,0.0,0.0,0.0,0.0,0.0,0.0,0.0,0.0,0.0,0.0,0.0,0.0,0.0,0.0,0.0,0.0,0.0,0.0,0.0,0.0,0.0,0,0.0,False
25.2811710030618,1475.6930907186327,0.4514545729835751,8.3234102276859,2.557721696206552,1.731009357862713,0.31654138206169347,387.8749894627608,3.701861413828123,20.55122337411706,0.0,999.0,0.0,0.0,0.0,0.0,0.0,0.0,0.0,0.0,0.0,0.0,0.0,0.0,0.0,0.0,0.0,0.0,0.0,0.0,0.0,0.0,0.0,0.0,0,0.0,False
29.78680112333276,1046.6287421994318,0.1610647568073848,14.407676350024419,2.026817307113735,1.8050030059641293,0.8612116383667944,355.1864651366858,1.6508533721266905,68.16137117799792,0.0,999.0,0.0,0.0,0.0,0.0,0.0,0.0,0.0,0.0,0.0,0.0,0.0,0.0,0.0,0.0,0.0,0.0,0.0,0.0,0.0,0.0,0.0,0.0,0,0.0,False
14.710585153604713,1383.9847414653473,0.14958004765610752,10.9990222983129,3.5497539699387812,1.3066591517562578,0.7998219094784991,363.5187499341367,1.1432930931621392,41.20366082009777,0.5151367461013442,0.9013327845495306,27141.00000000005,21.418274019026565,0.17941750714532947,0.7601378619686486,248.660000000516,561.0662921764945,1151.2243549111931,964.2904108928144,132.6724282597635,2160.5962735712837,2771.4463673405257,3362524.3915321305,3777228.9596067024,1454464.4418733083,0.022725269773025556,0.001737803332433298,9110321.910802368,83.68317420702449,0.05146918577984991,0.22889670736345308,0.1367946378065792,0.625928697484008,False,0.0,True
25.821386700408336,1586.6610278915664,0.3250376518337955,6.107500868600109,2.4905748099402074,1.246838271599231,0.9592388395417332,364.1241663112727,0.5016595242000679,67.282553057463,0.5123004001647584,0.7653145268811847,27141.000000000007,25.286054141065563,0.17179507598734717,0.00596001370074563,248.660000000516,592.3544922390699,1084.169576084136,1126.9197253186824,109.57100135750125,1739.9066535978482,2660.9179668647903,2805093.9774668324,3190671.036182994,1542017.9546654206,0.01554906209565508,0.005222339478427164,9122017.454961628,95.4459797298247,0.10774756134703257,0.2396534168380717,0.12738352682207257,0.6529408578008904,False,0.0,True
14.710585153604713,1383.9847414653473,0.14958004765610752,11.9137303518406,3.5497539699387812,1.529387312042262,0.7998219094784991,363.5187499341367,1.1432930931621392,41.36912635454608,0.524836734054838,0.9448957829491911,27140.999999999876,22.28917415527875,0.18594037787729095,0.6002284620543082,248.660000000516,561.0662921764945,1166.47566145024,1015.2744567604955,140.74699505779475,2158.2360275070746,2771.5619727322123,3343850.0797734675,3804217.2733863275,1604236.010272041,0.023599216809071188,0.002046199635952689,9074190.984989863,74.88341897743192,0.054272962383821344,0.24235519007568151,0.11646651818339306,0.6754195314757754,False,0.0,True
12.863301850040399,1328.7334999256116,0.4948758538318526,4.996158317706854,2.6779127499906896,1.0351768205170413,0.40393169253102973,356.5580261948554,0.5217925149625495,78.49058659660164,0.46466599708476874,0.419462916711528,27141.000000000065,16.268902172275226,0.1932211116132733,1.0143534218718728,248.660000000516,524.2323477030185,1060.8868825074132,825.7748210704098,54.24957080833072,1720.0476805152982,2596.0521582015867,2472495.953569554,2779419.5790750664,1080271.4504113998,0.010294906029605977,0.0010897369928616323,9095245.527448183,66.88821022868703,0.03198047795915769,0.19587823106460792,0.20858445917801868,0.4842924595766934,False,0.0,True
12.342122264104216,1584.900012403887,0.3720679606847676,10.495726024118289,2.715747924456174,1.525076726891878,0.632801316715384,346.205555528986,3.6989692143849284,62.10832063638444,0.4882083727638861,0.4569926165603663,27140.99999998985,22.81591674617239,0.19523694412017456,0.5285508356150006,248.660000000516,508.6655671875393,1037.1576372423413,928.4934607380129,97.02861034490105,1791.7181553735695,2604.9200468971644,2315188.390704929,2725957.050998081,1161582.9534136313,0.010047993209516583,0.0023552433965436815,9188048.377767395,65.49922267787721,0.09882650447643976,0.18981582473127673,0.19576655848902477,0.492283447044379,False,0.0,True
23.353585846177626,1387.501529656286,0.44500051349377795,5.789047688558007,2.515038747148981,1.246838271599231,0.8972476052684075,368.347430750896,0.5016595242000679,67.282553057463,0.5101370039169818,0.5366566946994046,27140.999999999774,20.58958207403756,0.17500044781036256,0.21892556552734124,248.660000000516,552.386285538265,1077.3691415929761,1020.499485966838,89.6324679841167,1679.1439215917862,2604.983127309411,2766107.3657302437,3135907.128897273,1401570.3579207323,0.012083433717256814,0.002481965633579603,8980403.597300816,88.89498317350441,0.05083771777281501,0.24317191173834843,0.12497594449734487,0.6605278493939306,False,0.0,True
13.465127005499351,1430.535769641719,0.21892919309075118,8.539543981242982,3.458240682202039,1.6078449472580965,0.6426491311340481,322.5453460338157,4.081138492552402,79.83937102708883,0.5176706068605443,0.9327979483223179,27141.000000012347,22.40636905897244,0.19287374682042352,0.584366898932414,248.660000000516,541.3915858939455,1177.85663789016,1026.3701906615754,105.64745942556154,2081.455257267683,2753.8740428772526,3012983.230382204,3408235.2541063526,1535344.2848264608,0.022908718880005036,0.0024083502354225114,9099819.329252612,67.28407633037014,0.06592130594071788,0.23727695304455845,0.12640902116780625,0.6524226114532724,False,0.0,True
22.011160619476392,1573.8960495476038,0.22108135415176133,6.107500868600109,3.201603472952064,1.250566892543909,0.9631312191304514,361.5560501898421,0.5016595242000679,73.04814807712778,0.5143268644319618,0.9139736458986728,27140.99999999995,25.311338113384096,0.1701619163959947,0.2184885986760498,248.660000000516,599.5107757725862,1211.1778059493683,1172.6330534383596,102.59301085122476,1942.412313352365,2685.0211518422584,3076385.9509312194,3433793.3631449537,1593514.768515829,0.019352921911546764,0.005453236811789068,9164553.85087663,98.67862749026811,0.10591240403057448,0.25409334306798537,0.11195698604564902,0.6941486535014321,False,0.0,True
14.781195568535239,1383.9847414653473,0.14958004765610752,10.953575271281448,2.983270541021879,1.3066591517562578,0.7881387644613984,363.5187499341367,1.1679942913493386,38.572669117884125,0.5107695161049305,0.8625491047344921,27140.999999987856,21.509974103484065,0.19546688717363264,0.4703733089114032,248.660000000516,562.2242759004725,1064.6202156265729,954.3269967732967,128.3131811878966,2022.362943825041,2756.832517459833,3294989.012006675,3766922.9499464147,1517243.2373066973,0.02172636540009889,0.0016840798514894848,9089122.767084498,64.56560961300686,0.051597058610960166,0.22934019841739792,0.13934727023250995,0.6220450053732935,False,0.0,True
13.073521340317914,1468.823851368647,0.14392563362228183,9.146049126564247,3.7800906760139634,1.9894468165789414,0.8117175784960208,346.7421123995061,0.9004919937007008,52.40553084987909,0.5245506734410876,1.1134819310785367,27140.999999999993,24.481618808396743,0.19953148283885963,0.472580722585827,248.660000000516,543.2431379600123,1233.4805992431368,1113.7339499065504,139.66051073895326,2286.371021604585,2852.409221991598,3029029.1595205795,3454814.460342872,1853668.973651343,0.026846742825917057,0.0033742702654854977,9084321.907679515,60.66764013580498,0.08263381006501953,0.25632221211319917,0.10264477798186979,0.7140551058617248,False,0.0,True
13.465127005499351,1430.535769641719,0.16984225851478768,7.995375491401653,3.458240682202039,1.580455033401129,0.6090512623401807,322.3742615510851,4.34976240872877,79.83937102708883,0.5177470636085605,0.9977583176746245,27141.000000000022,22.684203759656793,0.1989723287319076,0.49255851395394373,248.660000000516,550.0178861844156,1194.4765709292612,1061.273190002727,95.91996738073173,2083.9469171993624,2743.811485587066,3089139.996355471,3494321.830702683,1604246.229835351,0.024470913358224454,0.0026092451417825528,9099909.436490977,61.28552326231207,0.06665197087877804,0.24891737408356618,0.11477647087393793,0.6844145908288631,False,0.0,True
12.356553743500827,1472.8416502064686,0.2343756817553504,10.36228575825845,3.639899431439039,1.1545094586681135,0.9089315943565432,361.0138887292488,0.7935249009034018,63.52903522419755,0.4797569681145387,0.5286630067488384,27141.00000000347,20.42382315402899,0.1657214190398529,1.354871288492138,248.660000000516,513.137047787669,1132.414604221725,843.8977487360457,108.03442376416942,2019.087236485543,2679.2936631256166,2788490.7357487227,3105222.1993043865,1046653.9386556437,0.013001082815890052,0.0013473598502820056,9209188.31525108,107.34561301423618,0.06700352566670996,0.18357578133374375,0.20919077974759295,0.46739157434465933,False,0.0,True
12.356553743500827,1472.8416502064686,0.2251936398401227,10.36228575825845,3.2336326383889795,1.1545094586681135,0.9344734164328401,361.0138887292488,0.7913051292613912,63.17089614418957,0.4779852509083828,0.49324746192980956,27141.000000000095,20.496924281816792,0.17669802682207383,1.0695795112395368,248.660000000516,513.788328225918,1069.1079123329948,841.5465350719663,104.15856247354182,1913.685885801487,2668.700867411142,2787951.120524045,3135243.864405174,1072722.839611766,0.01205677285955011,0.0013304565046868976,9202900.528537339,88.49699120572457,0.06708615398545974,0.18493639472433698,0.2092638982539354,0.46914321987713575,False,0.0,True
12.238932843685573,1356.4348730141064,0.4948758538318526,6.283008777692849,2.7431987052870648,1.188390392150203,0.7501724132979928,356.5580261948554,0.7561824728499275,50.467768455716964,0.4682643243033018,0.46286108900716916,27141.00000000021,17.145671826993226,0.17776108938435978,1.2961236443708726,248.660000000516,480.513039497442,1008.4889955485432,757.5961342851924,74.89015871779286,1813.853759916479,2643.531321510774,2320412.8426351086,2601297.0856847838,902375.3398889005,0.011668343255182788,0.0008941695615608883,9087997.838828553,85.83353176219323,0.037553170067931366,0.16752479470745688,0.23376453947264597,0.41746635267477605,False,0.0,True
18.838085614968467,1348.9464444065748,0.4948758538318526,6.24296847756434,2.7431987052870648,1.188390392150203,0.7501724132979928,356.5580261948554,0.7561824728499275,50.510974436614376,0.49950677727964066,0.6443747570217394,27141.000000011038,18.493850109537757,0.16357482502991902,0.813802183151509,248.660000000516,534.2898718905177,1050.8131516226385,864.9925084533505,108.01821533105037,1867.890867951199,2689.0840244690853,2685925.5575209865,2991412.807811328,1160193.7206745185,0.01609306151244998,0.001395913767884162,9013336.013503555,109.25342116034471,0.038878596860620646,0.19740578458519437,0.17863861272380682,0.5249533991141561,False,0.0,True
12.36385258694077,1502.1986693281074,0.3720679606847676,10.495726024118289,2.728674724894612,1.5855718597063424,0.638355320741173,346.205555528986,0.8037020438039403,72.8323158538596,0.4961431723961682,0.5870312542366202,27141.00000000008,21.901638481390872,0.19319218857543072,0.6283213877261643,248.660000000516,508.4569758369848,1000.1098349901953,880.1865228926675,134.4026775604019,1863.5491787199596,2753.8376000423095,2468115.5427179546,2871590.5824051197,1262281.7448695325,0.014195786327021422,0.001736828944214732,9134186.072937349,67.20476148268791,0.0797513069410872,0.18618094756879122,0.19307410436442904,0.4909122412997525,False,0.0,True
12.36385258694077,1538.2127434258348,0.3720679606847676,10.23741401028155,2.93492080906283,1.5855718597063424,0.5841103254817529,346.205555528986,0.8037020438039403,72.8323158538596,0.49617408432463084,0.6078514370182755,27140.999999999964,22.39841117506013,0.185885766304684,0.7315910319137894,248.660000000516,512.826248375502,1036.0963353805205,894.5643322914528,133.54349084682624,1921.0458397626826,2757.4080539354454,2472122.4272525427,2848568.6684017465,1246348.6852429658,0.014558420991800455,0.0019392748603125408,9163134.184154829,75.68407630777811,0.08925839646871574,0.18431252183221414,0.19503000423936132,0.4858736080579521,False,0.0,True
12.36385258694077,1502.1986693281074,0.4459082351917899,10.495726024118289,2.728674724894612,1.5859466768013508,0.6203007901512065,345.22175606681134,0.8037020438039403,72.8323158538596,0.4927165595236548,0.5561835768874266,27141.00000000011,21.32960999733605,0.18608964766869018,0.773153992884289,248.660000000516,501.1331619596039,991.5040876091542,850.3920297246442,138.02608154675616,1866.71061522442,2755.7563344655723,2348990.190357767,2727421.4330872707,1184846.3015778768,0.013504951815064944,0.0015904266452367603,9131143.434547888,75.17222429642337,0.07869559785405307,0.17535345455270632,0.20641491525642566,0.45931897040180575,False,0.0,True
10.502330499956374,1540.4908948661728,0.14710091250397347,9.17310154935086,3.912500492594229,1.673864128360784,0.4370129742715968,351.8214932294423,0.8037020438039403,72.8323158538596,0.503291323215863,0.7716979687059858,27140.99999999455,23.465333120615025,0.19197888157537374,0.8614664724056356,248.660000000516,518.9143581805184,1226.16095579943,1012.3783404894808,98.38295363823384,2109.0339174129917,2717.4809545317066,2848011.263864306,3208652.0160906315,1380444.595236213,0.018176941000834872,0.0027677135678100865,9194151.772455145,68.93664982146075,0.09239254706327629,0.21859398307563738,0.15587812468197365,0.5837390250093855,False,0.0,True
26.915672502206213,1406.8167259979682,0.3167370063112105,5.4044938684064885,3.47701294366141,0.9377543011655339,0.9482991740726651,332.06941143123515,3.2575419989250496,61.87450939941247,0.5132732847842546,1.0477091871570983,27141.000000000444,21.242865687260508,0.14096500176638793,0.6435249696157489,248.660000000516,602.6275789897315,1219.516831990782,1030.8946878476934,141.8934013118236,2194.4206759629683,2803.990429726593,3403159.78358283,3689023.2312308,1448581.0510752574,0.02593444029970671,0.0025014347489245568,9065507.134057911,171.6947744517555,0.05671739433145629,0.24200782673946372,0.12423416271279016,0.6607866757752355,False,0.0,True
12.294919459067504,1569.6935552242426,0.22495606673997026,10.36228575825845,3.2244104082838434,1.1607296782673306,0.9033795205622538,365.8943589337829,0.5129164716402154,57.028694817243434,0.4727666112293748,0.5292771119731096,27141.000000000022,21.788576262565304,0.17273068809336029,1.0525825482829338,248.660000000516,514.6112607536514,1067.1349408325773,849.9657242363955,103.44860952964083,1939.2086060219697,2688.9878629624527,2643261.7524421755,2976046.6555706183,1023345.6524753356,0.012782137625029336,0.0015829724710328438,9253377.190695325,95.25562548362785,0.08950466221545846,0.17539719326801945,0.223355967507393,0.4398640826493848,False,0.0,True
12.294919459067504,1529.2577618893617,0.23413810865519796,10.36228575825845,3.630677201333903,1.1607296782673306,0.9495380518377524,365.8943589337829,0.6490401003873427,57.386833897251385,0.47577795386364363,0.5409400625828914,27140.99999999986,21.160685646292606,0.1642003730648755,1.327581767767859,248.660000000516,510.50325073733956,1135.8101511616753,851.7133504711173,102.24772366088017,2027.581207878681,2680.32757524974,2688592.442341872,2998745.496744396,1009399.2031899458,0.013170966353834468,0.0015106878847277107,9239378.79057217,110.71825460630481,0.079819010096882,0.17909755146377798,0.2170843001620024,0.4520589490125038,False,0.0,True
21.095006135814785,1348.9464444065748,0.4948758538318526,5.001256216010936,2.595974311448499,1.0351768205170413,0.33821866328934413,356.5580261948554,0.7450120531309198,78.49058659660164,0.4971934191602524,0.6628529748917257,27141.00000000008,18.25058034395952,0.18518587594038,0.38099145433310166,248.660000000516,611.2402676897287,1115.4597310860302,1008.9386976130186,77.4229736572882,1754.5057333471245,2638.9727593312978,3005479.4930895637,3372213.0426288014,1571627.2526869224,0.015843036334889857,0.0021474562566465207,9021536.900929466,75.36259188911497,0.04225498824736593,0.2484595664177374,0.12943588053507493,0.6574822968130719,False,0.0,True
21.095006135814785,1328.7334999256116,0.4948758538318526,5.001256216010936,2.595974311448499,1.0351768205170413,0.33821866328934413,356.5580261948554,0.5217834753564545,78.49058659660164,0.4987852283112649,0.7143826583419645,27141.00000000005,17.93694560737005,0.18472516346749404,0.4108180119855819,248.660000000516,611.2402676897287,1108.4389220160722,994.344931807541,82.13942948457208,1778.7634115400338,2661.3749930274244,3054214.996461211,3419333.35978333,1581521.1117284065,0.01742882032773354,0.0019602394023257546,9007543.379602026,75.81009844528377,0.03665530435631945,0.24723480722745028,0.12943868088030996,0.6563637076488918,False,0.0,True
11.928363212170947,1279.7086330919892,0.0946228942920716,10.363030655530661,3.639899431439039,1.1545094586681135,0.9089315943565432,361.2129616639162,0.7391699578294707,63.52903522419755,0.4977022531006324,0.7097254141549281,27141.00000000005,18.48818233770431,0.19413499101674966,1.0398772378267442,248.660000000516,537.0631263302611,1150.0972920268623,891.679936299561,103.00499712129448,2049.4620674034823,2704.6550558722433,3502950.3313030535,3910207.3390631247,1371551.2222263217,0.01822983491964068,0.0010328225459382606,9108547.57792741,66.04448351198627,0.020970394696057607,0.2329722362835538,0.14572290000072655,0.615197328831457,False,0.0,True
10.964718284612706,1424.2817936737424,0.3720679606847676,10.23741401028155,2.93492080906283,1.5855718597063424,0.5841103254817529,346.205555528986,0.5438225905544918,77.27192372179604,0.4939346323263945,0.6101093654050042,27141.000000020365,20.284619116403757,0.19663690986166818,0.8600782253324908,248.660000000516,496.4520478186877,1019.9349928442293,851.1184417250313,126.41108184473339,1929.7480505047347,2762.750174977593,2566169.752684082,2953931.6055713175,1256446.6454553828,0.015209049038921504,0.0013499292475481397,9106371.095519897,63.54027633480854,0.05885629019736731,0.1886207406811747,0.1922802849102526,0.49519620060959973,False,0.0,True
12.302218302507447,1572.3762507493034,0.3720679606847676,10.495726024118289,2.715747924456174,1.5917921193119837,0.632801316715384,346.205555528986,0.8224949412322776,73.12166211363005,0.49234227899731936,0.5723744197303701,27141.000000010572,22.88148763760289,0.19065378533240201,0.6108441610038425,248.660000000516,508.2260281822236,998.8496167980799,886.9856538732871,132.78552257247867,1854.0263097538116,2750.083999816779,2365636.0861988612,2758275.1704992196,1222087.6172171463,0.013557899417241918,0.0019769147086661078,9175258.691105245,70.23941689445941,0.09695080030485428,0.17962414036321628,0.2026881103426684,0.46983621380577284,False,0.0,True
12.302218302507447,1569.7894496518527,0.3720679606847676,10.495726024118289,2.715747924456174,1.5917921193119837,0.632801316715384,346.205555528986,0.8224949412322776,67.35606709362169,0.49250286159244033,0.6016312971043372,27141.000000000036,22.846182511297933,0.1899308469000304,0.6254866238058859,248.660000000516,508.2260281822236,993.7342478362996,880.8258278417592,136.9995726416654,1890.0436204295377,2764.7917756563556,2373940.9103948725,2763928.972843418,1226610.946488081,0.014406088727679522,0.0019227863070293131,9173666.498125752,71.03220727424258,0.0963277209134685,0.17826962171003946,0.20391251646987282,0.4664519973618417,False,0.0,True
16.17283895261302,1439.9470406358564,0.29352241974228527,6.441453266750023,3.347127026350094,1.1695673169965093,0.14251833776584466,350.16660793658673,3.5932737329996782,39.74094766393101,0.5079934041263758,1.0955292225890687,27140.999999999964,21.207594272711482,0.1790090210442284,0.6393206417065044,248.660000000516,596.1215548518397,1192.5477072780889,1023.692214731774,100.62686331314458,2186.0697862251573,2801.889380685807,3148405.6612461265,3494388.0196730047,1486096.3542397674,0.027244299228814828,0.0024894594014750436,9133607.277577195,84.47271608384888,0.06789489840391277,0.23393592630809115,0.1365514898510214,0.6314274550356742,False,0.0,True
16.078631641087867,1430.5209356130426,0.29171939549501597,10.612794753686485,2.5393513694889194,0.9265537016074642,0.8820741192753956,361.615398377868,0.515664981412999,52.305971765416764,0.47351958370790015,0.5563607935237017,27140.999999989646,19.555965086626856,0.1721222048729858,0.7930751857783271,248.660000000516,539.2338805672006,930.156183372378,786.593014641964,147.4592545232066,1849.747450023335,2750.361413117419,2936387.939037375,3319884.728774231,1108997.8978713565,0.014052908349946536,0.0010472799470744917,9142904.842775973,95.12011671379624,0.057173721994472876,0.17529784479165508,0.22199437546063547,0.44123150632130814,False,0.0,True
20.602411968036733,1405.4806993971747,0.4371003081212149,6.353899289162521,2.6423364104619456,0.9738897625442808,0.19360000296067803,350.16660793658673,0.6691042912759801,25.335616421165234,0.4957925382226118,0.9189039367858418,27140.999999999804,19.351252465021478,0.17334235907590181,0.540222686348924,248.660000000516,630.6040684544292,1056.4314924527118,939.8294741706234,146.0785259733527,2127.4458050844573,2896.1520850997995,3139094.432500777,3498448.1430540504,1592502.2766813645,0.023008690442747365,0.0019312813055569872,9088902.35520188,92.57552985768228,0.058855135867068496,0.21448829729128788,0.16469680926194302,0.5656559120714766,False,0.0,True
18.838085614968467,1348.9464444065748,0.4948758538318526,6.24296847756434,2.2993867513634423,1.188390392150203,0.7404508936866183,340.1177517494305,0.7604344885429415,50.510974436614376,0.4938649889218113,0.7405206224382967,27140.99999999992,18.582402738489474,0.17912525540097382,0.5065817411207864,248.660000000516,535.6578382331024,963.3832272598186,853.375270770479,124.56608023542474,1854.4756283235045,2753.4404932420066,2635126.8104775795,2982247.9433482895,1323321.306837921,0.018760043970305968,0.0013384262432917875,8981857.37977519,82.90764206596883,0.03898429443294513,0.19830948971411613,0.1819362074011512,0.5215298719185789,False,0.0,True
12.294919459067504,1569.6935552242426,0.22108135415176133,6.107500868600109,3.201603472952064,1.250566892543909,0.9631312191304514,361.5560501898421,0.5016595242000679,67.282553057463,0.4777118272432506,0.5863717254415871,27141.000000009117,22.276598740855402,0.1906648281650826,0.6924255213891148,248.660000000516,512.638796511463,1140.9721479903612,961.6510545200625,63.93547055806575,1885.2249388611508,2628.533911088827,2620748.1216981346,2937554.8862593155,1148922.2447033487,0.013468513721669408,0.002446201278546054,9236772.769332042,70.69804062617922,0.0909532366689794,0.20678955892590356,0.1877977449762928,0.5240654143731879,False,0.0,True
20.380232549281118,1462.5303463011328,0.28442899535235777,9.677954899702653,3.0280667238598453,0.9718670309048598,0.37792417932809985,370.467005073763,2.8288975643405623,58.65217197578671,0.48955727159152135,0.6483702187443615,27141.000000000007,21.818858024815544,0.18873476312570442,0.16946460724931556,248.660000000516,619.3109467975037,1209.313468940906,1171.1219013628554,140.9113259048999,1892.0927364061226,2610.3138397595308,3278208.38456551,3804388.547612286,1778817.9207967548,0.013750140844609024,0.003847275262331696,9059951.98718587,71.49391372543565,0.07317187796787877,0.2887184927352276,0.09524081595586116,0.7519507567597837,False,0.0,True
12.294919459067504,1453.815803708672,0.22495606673997026,10.36228575825845,3.7125587153482833,1.1607296782673306,0.8658320005631636,365.8943589337829,0.5129164716402154,57.028694817243434,0.482640213320011,0.6151438756279763,27141.000000001754,20.248895560049085,0.1665209612016931,1.3712074385565274,248.660000000516,516.3742917324569,1145.107670925783,850.0747606752976,108.81605747556762,2073.907120199112,2710.8689946536647,2853665.1139027197,3173491.7187044816,1069786.4356684322,0.015361378349323674,0.0013342415790963107,9201197.842786575,105.714976750633,0.06293669984942607,0.18748113345953155,0.20293963362004994,0.48020276908404386,False,0.0,True
21.46016956617217,1405.4806993971747,0.4371003081212149,6.353899289162521,2.6858376280392005,0.9738897625442808,0.9744114718901885,361.27272080472846,0.6671743075146087,25.335616421165234,0.48976315019992034,0.729218356973515,27140.99999999995,19.311531348857137,0.1451226673421623,0.9073053543853974,248.660000000516,532.566396934439,1005.7961525659097,814.6963378729606,140.63316188727075,1964.528647840427,2774.104387165424,2703409.264738152,2971967.324327958,1006208.4864371587,0.018534788136887262,0.001256927289730873,9062558.35162817,157.30551053818905,0.05065572215792055,0.176403423253879,0.20715336704719198,0.45991474460773335,False,0.0,True
20.380232549281118,1462.5303463011328,0.2843456407013233,9.677954899702653,3.0280667238598453,0.9526118947538234,0.4630342541828507,370.467005073763,2.8288975643405623,58.65217197578671,0.4878961905233907,0.6165315807747742,27141.000000000065,21.664237088846143,0.186316036359883,0.2000101163004652,248.660000000516,611.9998571423002,1202.2943025988413,1151.884958931817,140.41839408428334,1886.6946824996521,2603.9702164532605,3261652.743758165,3774307.028704124,1715361.0344437673,0.013042650533117546,0.0036906331006906438,9067510.981804496,74.37658904827437,0.0723143875686128,0.28328891365312464,0.10199089249029919,0.7352809805652462,False,0.0,True
16.17283895261302,1439.9470406358564,0.37223657653886605,6.435363709990211,2.6423364104619456,1.1188427157697733,0.14251833776584466,350.16660793658673,0.6198254811122966,26.655222142054438,0.4941159083744332,0.9276615495606646,27141.00000000024,20.35038309270668,0.19099845855670908,0.48019920423266005,248.660000000516,594.2516998181707,1045.6631599371915,941.5513306651293,118.99029839032146,2079.6142146939947,2856.3294030958573,2942445.2685915246,3314155.8929791814,1538419.1167589528,0.02321575708846212,0.0019619050281641038,9115562.744719608,69.40532221265403,0.06669006653748173,0.21274159992123137,0.1679252096537001,0.5588656393731504,False,0.0,True
16.090974468165875,1439.9470406358564,0.37223657653886605,6.418256052547312,2.6423364104619456,1.1188427157697733,0.1939839485460151,350.21994614141903,2.6720322229797353,26.655222142054438,0.49518653126630763,0.9491354093145233,27141.00000000011,20.274768179221915,0.18929746984290907,0.511421545156998,248.660000000516,588.4082805735205,1046.1888227258507,934.2615373451458,111.36392483194456,2050.542432822506,2831.2172948991674,2923521.9148709504,3287609.078192437,1429187.5135764359,0.023845381299545814,0.0019151028446597667,9129814.981705975,71.40463866955525,0.06603741383354372,0.20908737689664786,0.17082408139317903,0.5503581751333735,False,0.0,True
12.36385258694077,1156.9838920185857,0.4199371110183133,7.590985754916412,2.728674724894612,1.0842676712975745,0.7817298762106526,340.4535653280822,0.8037020438039403,72.8323158538596,0.4758330127302992,0.6056127857619897,27140.999999999964,14.26775762974616,0.190324251526878,1.36160349224674,248.660000000516,489.4869463399646,969.4933275633548,721.4729751310276,103.87352766234237,1872.1845632465001,2723.5849033947165,2931285.2578387917,3272373.368257803,1126514.6053891322,0.01590745951285396,0.0005294771055121842,8977614.849538695,69.08399673430074,0.0,0.1925571630910691,0.20211852291455315,0.4878870675816753,False,0.0,True
16.12296331724749,1397.544378006903,0.4662705992977233,7.237544976579577,3.0831440452894308,1.0313707250982993,0.14251833776584466,349.59576269933314,0.6198254811122966,27.71009474519262,0.4881928046416021,0.8166599386692038,27141.000000000022,18.320393510467117,0.1643974039780214,1.179122183877746,248.660000000516,591.6664570830553,1082.8384606515303,857.6953203831604,147.21924274050042,2255.8988898618923,2922.697369708632,2806724.81473469,3115710.894910805,1333828.3894430045,0.020753332363386938,0.0014116350320339426,9133465.573198797,109.05601076516702,0.05367622553188934,0.18633155835605034,0.19894208110586695,0.4836343296579688,False,0.0,True
13.384566497087578,1576.3374086902268,0.22108135415176133,6.776737118732615,3.201603472952064,1.250566892543909,0.9631312191304514,355.66446906614124,0.5056983636255709,67.282553057463,0.48516754041923865,0.6753863929377136,27141.000000000036,22.80731361980401,0.18059327025050664,0.7228901205127997,248.660000000516,524.4011063248478,1117.4458717781868,944.4963871025682,85.84229750733319,1949.1465879214009,2688.0103966828087,2694872.038747809,3007942.295842303,1171410.110454272,0.01598644266617199,0.002344219424550523,9235263.592411067,83.1847058381019,0.09414487941519781,0.19860479009010007,0.18992736297304014,0.5111669356688349,False,0.0,True
16.031234915550467,1397.544378006903,0.4740631134661183,7.214374145950984,3.0725940753870433,1.0255338871970805,0.14251833776584466,349.59576269933314,0.6198254811122966,27.71009474519262,0.4867056028302292,0.8077648316648932,27140.99999998841,18.189898068101993,0.16391626408246338,1.2136874674795406,248.660000000516,590.5017927875348,1080.1072008489944,851.3947951812573,145.84613604427128,2250.4983329704723,2920.127100268037,2775645.565492371,3081477.4840937234,1315310.354818447,0.020539579534789756,0.0013839657614177494,9136553.283548366,110.05635535972023,0.05347875165873648,0.18403751681799954,0.202411239696058,0.4762274783288246,False,0.0,True
16.031234915550467,1401.5174007036405,0.4760343535256756,6.966684544129281,3.1678340178115567,1.015107501600697,0.5271850530194673,349.59576269933314,0.6198254811122966,63.95580315322668,0.47939112461724237,0.6209328076513623,27141.00000000011,18.08782260836899,0.15106933233319514,1.4889023717176457,248.660000000516,543.7481231898832,1084.578565139514,802.0192605081374,119.13214616630677,2026.1852322545021,2754.422020668914,2558875.582913019,2821173.105165893,1035124.3432401395,0.01568998422972008,0.0011627531027456083,9124163.794647632,140.39867866297377,0.050646354458998344,0.16966345887778125,0.22249289666719604,0.4326423797008236,False,0.0,True
21.095006135814785,1414.2984168145033,0.49712459230476047,4.999632101989043,2.595974311448499,0.9205819238692259,0.33821866328934413,356.5580261948554,0.7450120531309198,78.30044659741182,0.48372635196983577,0.6250523609899735,27140.999999999833,18.557590257175722,0.17529083753244032,0.48470355956593725,248.660000000516,611.0659154003457,1102.036651625373,978.8895794304822,78.19325767177291,1760.412061823962,2643.961368900301,2924724.751350706,3258921.2673098277,1408904.8650398124,0.014671819624277153,0.0022927265053516136,9095238.731238721,89.58500692065344,0.059298574286921396,0.2274759292803027,0.16101871624489494,0.5855316975418872,False,0.0,True
13.336219989442972,1576.3374086902268,0.22208860524057744,6.776737118732615,3.201603472952064,1.250566892543909,0.9631312191304514,355.66446906614124,0.5166265844582002,67.86297350006932,0.4848276271330777,0.6667173661764978,27140.999999999978,22.78128799343346,0.18074210714522287,0.7258944640191276,248.660000000516,523.664538414209,1117.7475063954028,943.8380845160772,85.07411025700144,1944.169154998948,2684.476271273023,2689280.3040118753,3002227.4998389385,1167484.9918215666,0.01575740870114581,0.002337967334250502,9235530.204448652,82.98176856754992,0.09403732768039123,0.19847603923666168,0.1903271880807563,0.5104794026687086,False,0.0,True
16.111455157541958,1411.5695849886783,0.4371003081212149,6.353899289162521,2.6423364104619456,1.0255338871970805,0.14251833776584466,350.16660793658673,0.6198254811122966,26.655222142054438,0.48546944163330563,0.8589803465323821,27140.999999999905,18.812263925963187,0.1827321290688909,0.7208503536883837,248.660000000516,592.1501105732654,1034.2495932535817,884.343943999219,117.82207955516384,2077.4030283201682,2855.516838515337,2838524.2494651675,3180571.7828216497,1403923.4810717572,0.021750755842236277,0.0015628297429990201,9125584.80057488,79.34413667689229,0.057310626705389806,0.1971973385716555,0.1902055665177955,0.5090239024565983,False,0.0,True
16.528984155437954,1423.3244077775844,0.4371003081212149,6.244668705380852,2.6423364104619456,1.0255338871970805,0.7591393529926617,394.3194513762086,0.531822667051358,22.30244737012053,0.47324130073787807,0.6380668049608416,27141.000000000065,19.00947080592359,0.18810847990755566,0.4660632457499326,248.660000000516,525.9873324375346,1101.756624136009,961.8384846666036,64.30123276960386,1782.4098037279552,2641.995048354828,2524964.3805487016,2885578.39958256,1149771.0687223347,0.015248797861904173,0.0020689732915380663,9079878.675653134,72.36920481696609,0.054716896485031696,0.22918698447509075,0.16785065993478687,0.5772424547192104,False,0.0,True
13.40617311625084,1462.5303463011328,0.29492428909484336,9.329104680122706,3.0118938288900985,1.0601172878721554,0.37792417932809985,331.2751848428643,3.5080689668518983,58.6207158090969,0.4796624974383613,0.7459234702295998,27140.999999990287,20.01498739217339,0.17206304582748205,1.0819566804181209,248.660000000516,547.5397262914921,1017.4514526367975,817.5749636233157,136.24687413455965,2101.881243861313,2837.179706367556,2814377.378731042,3148368.446580538,1164146.9116958217,0.019017756676327376,0.0012273522291669484,9180635.93177901,95.61121187752295,0.06646559730155256,0.17515760014627788,0.21730698326333622,0.44630167294220896,False,0.0,True
16.111455157541958,1469.7147335760283,0.44788606746896836,4.967799565376055,2.6423364104619456,1.0255338871970805,0.07747193092740506,350.16660793658673,0.5899715645420642,24.021880392412097,0.48030191942274975,0.9500163571711516,27141.000000000022,19.55802341766948,0.18935649650983769,0.5565020836052209,248.660000000516,599.3707668120898,1077.2109435865866,948.9330958643876,87.64428212357025,2020.9685105813428,2810.6935124440174,2729295.1126597333,3059205.114814814,1471950.8764583357,0.0236056037584421,0.0021787901915401495,9155879.173627308,71.5415426875702,0.07302302189073547,0.21011022925989847,0.1815128321296954,0.536511380393089,False,0.0,True
10.275350251154336,1346.8411844299283,0.469240945928367,7.773309208134473,4.3392328864478,1.0919052187715244,0.3236891614278239,331.56781766704773,3.725468663658692,61.95845742180885,0.45967564486747053,0.7291072627438532,27140.99999999973,16.10352248799301,0.1491107104980369,3.102020093012426,248.660000000516,501.3021761418576,1226.9209275002834,735.7882886194137,99.58753658140448,2377.0901869594345,2814.6205653070606,2408561.1029590284,2634030.610329021,905635.3688925365,0.01900432255989835,0.0007843776582323691,9167035.84512983,146.69026316592243,0.035634255542759175,0.15736920947256788,0.25182709956514965,0.38458120466101864,False,0.0,True
10.387339157405941,1422.3667862320808,0.4564572920539258,7.421474967844247,4.079758682161792,1.0722822835529244,0.4087323794641507,334.46742226346356,3.151874916064779,64.17523000026793,0.45215275736406035,0.6459111072117882,27141.000000000036,17.109067226854958,0.14938798741350734,2.7958389688153296,248.660000000516,496.11075373612476,1197.1775933296801,738.0205223723419,88.73253054605712,2254.6172925249866,2753.7640713090077,2274050.374508217,2495041.2889496638,849561.3108629747,0.016652821076292,0.0008778522845431678,9204171.512446439,146.46590875334968,0.052695708764400266,0.15101523559721372,0.2650937320468735,0.3629223288606998,False,0.0,True
10.237324077576012,1333.0462730317697,0.469240945928367,7.773309208134473,4.3392328864478,1.1586212395456736,0.3236891614278239,331.56781766704773,0.8508064856602138,72.97179845270387,0.46379885290534967,0.7456451474093413,27140.999999989355,16.318593379918152,0.1561802259130157,2.731631866977809,248.660000000516,500.7745303366469,1222.6008775498378,760.1207794349478,121.71964252414529,2449.5017941399656,2907.541024755217,2479214.3652505865,2722367.4987179274,1140244.462710213,0.01939954846548991,0.000838006480339083,9115523.189933356,126.94112330787881,0.03281184806338091,0.170840841038962,0.2345454579619636,0.4214272693971138,False,0.0,True
10.275350251154336,1250.0343774224177,0.469240945928367,7.773309208134473,4.3392328864478,1.0922099441101483,0.34195283630245243,331.56781766704773,3.725468663658692,61.95845742180885,0.46612161571297583,0.7691635627957866,27140.99999999119,14.797657629477925,0.15432464501952967,3.1391510458349314,248.660000000516,499.6953285233878,1227.0698892870648,728.0823522283262,99.62990355603655,2376.4112036383044,2814.0443674781595,2588447.5992992157,2827500.6365068667,963339.2334874859,0.020224964773537604,0.0006509034842960636,9104147.978902988,131.41118303008483,0.012188165423669782,0.16884925047115965,0.2344847115877843,0.41863385272397097,False,0.0,True
10.936877811815783,1429.0726311778762,0.0316717217281699,8.817351370172142,4.254069474689885,0.9897863809865749,0.4731119528858785,329.44218116584847,4.211248705992717,72.80008323022395,0.47258926748201924,0.8892803669859832,27141.00000000037,19.678902834244,0.17186840060942504,1.5501579304566677,248.660000000516,535.7363473715516,1232.4752875398049,872.5606459211733,94.53065775824147,2312.6358920229513,2777.4238543749284,3195035.7300802334,3501068.5026234947,1174386.1079430748,0.022851460919694963,0.001284497520671937,9219754.948686419,96.34521463614176,0.0565753986376275,0.20525803120208572,0.19370621014158662,0.5144772637036262,False,0.0,True
10.308797217998634,1407.3013197639345,0.1466634633460469,8.202001876402003,2.8557074686065773,0.9586987996287885,0.4983491610791653,331.7382859924648,3.151874916064779,58.89297892919295,0.45229742074257645,0.7405961791714121,27140.999999991844,18.24614505553948,0.19972343337712667,1.065862698869032,248.660000000516,514.6499490128347,979.9097638803415,773.9640002442897,92.99837762755787,2003.388778618684,2777.03397893541,2949382.5847142627,3299336.6480419985,1109070.3003593613,0.019219206451117108,0.0008813144477681448,9196441.64579424,61.23949865300284,0.04986855739836083,0.18275053574043595,0.2336373894771609,0.4388948974563415,False,0.0,True
10.387339157405941,1330.759791869085,0.4678702574219894,7.421474967844247,4.079758682161792,0.9255617762082726,0.4087323794641507,330.87961092414474,3.151874916064779,61.98550160125587,0.436513820299034,0.678756245420611,27140.999999999964,14.991075473325386,0.14775997577174724,3.3101283933160253,248.660000000516,495.38762563463706,1171.965139141291,692.2635588617951,99.79489939155356,2316.550943457992,2811.0477079983716,2376462.4276831886,2594267.2182984725,857717.7462869803,0.017775022535866332,0.0006471007210944463,9163053.13244045,150.68452315527372,0.030906433368280525,0.1506110183757645,0.2800181556735869,0.34974643487230156,False,0.0,True
10.387339157405941,1544.4154829910733,0.11326881742430028,9.388225879527301,3.474719477841015,0.9448754409219435,0.5010138242681424,331.7382859924648,3.0868489188877217,61.63324694521679,0.4459963687145215,0.7267051269899424,27141.000000003427,20.044263425309968,0.17409426032665873,1.4881727753788145,248.660000000516,519.0484587254484,1055.8133880609685,784.8699668710302,113.28414233412029,2185.1224516723505,2822.8739157208897,2815623.0791596533,3117013.017248448,1045789.5964144901,0.0186142083367262,0.001109295514910315,9275599.21444409,93.2582995666242,0.08135838631175442,0.16884788910120296,0.25381380819069804,0.3994870843112909,False,0.0,True
10.387339157405941,1407.3013197639345,0.10581405800002952,6.921013253094488,3.474719477841015,0.9586987996287885,0.5741176054920131,331.7382859924648,3.151874916064779,61.98550160125587,0.45639579658781143,0.8519207119529834,27141.00000000011,18.464811865115795,0.18971077952832974,1.2758148278772459,248.660000000516,518.7146981642106,1113.1918105527318,827.6476027099096,80.72479046831114,2147.2611313746756,2769.120057149428,3047916.908997607,3358778.762452694,1151371.6956296037,0.022056598164174306,0.0010653818789417072,9208888.152462749,71.55336284653956,0.05015782535946092,0.1995826412881251,0.21327590627154452,0.48341651751628034,False,0.0,True
10.387339157405941,1407.3013197639345,0.10581405800002952,6.921013253094488,3.474719477841015,0.9586987996287885,0.5010138242681424,331.7382859924648,3.151874916064779,61.98550160125587,0.4573503008693153,0.8529603778246312,27141.000000000124,18.50530814642021,0.18942422144418383,1.2703470600818272,248.660000000516,519.7976816958825,1113.8988086926845,829.2179564118803,81.05366196070815,2148.321222392782,2770.0060260531714,3048189.0796752498,3359016.8528835448,1153835.6538913576,0.022078907182750143,0.0010712904317882767,9204257.658855839,71.84244624804948,0.05023346005057173,0.19964793928707517,0.2122907320275736,0.48465452065940956,False,0.0,True
11.014978263519271,1543.003512984568,0.0316717217281699,8.306104986354233,4.159968088583117,0.9897863809865749,0.4731119528858785,330.8094310676126,4.0894241805925295,72.80008323022395,0.46453119969448975,0.8560036121138811,27140.99999999004,21.14795891380535,0.17000706710975483,1.420939005659909,248.660000000516,536.899704168655,1232.368076593052,896.6853431652399,87.10251136991835,2274.5220785280953,2756.047159020722,3006517.6573866233,3299748.5163972946,1123506.7932332633,0.0215337881194755,0.0016990059168988164,9275386.036408832,100.14515549116776,0.08310111723513047,0.19740701992850612,0.20868218509761188,0.48611737885475115,False,0.0,True
10.308797217998634,1407.3013197639345,0.1466634633460469,8.202001876402003,3.476608189435326,0.9580552758731702,0.4793887304942229,332.06227488228626,3.1603402777846354,54.87739316426416,0.4546056730670906,0.8088955758546237,27140.99999999986,18.232441471078477,0.18072867839933945,1.5248325215392582,248.660000000516,515.0996936537194,1071.5360580972228,778.7741302804709,106.13364983029372,2226.142998100106,2839.7131643072616,2953896.6279090815,3258149.492141134,1112115.0730295768,0.021056070698888967,0.0008981641253812624,9202612.64156267,82.70443528710089,0.049889803870164263,0.18217085810511732,0.232142700270748,0.43969320921873356,False,0.0,True
10.387339157405941,1347.604936813429,0.10581405800002952,6.921013253094488,3.474719477841015,0.9586987996287885,0.5741176054920131,331.7382859924648,2.8282438151499947,61.98550160125587,0.4606574415240276,0.8737878050316864,27140.999999982865,17.715738069233996,0.19317592349728138,1.2827276182631466,248.660000000516,518.7146981642106,1111.6392980040002,821.9951702775202,82.61005897069342,2154.0334421109224,2777.137310256382,3163902.3759297337,3484660.0874098367,1203311.251216562,0.022777418637815322,0.0009380561785347045,9173605.338598076,67.51183894404001,0.036065813594092715,0.20694209774019914,0.20197499127606394,0.5060734884864858,False,0.0,True
10.228026625001512,1407.3013197639345,0.10581405800002952,6.921013253094488,3.607856291562964,0.947453141101393,0.5767822686809903,331.7382859924648,3.5107104268252445,61.98550160125587,0.45383124923354473,0.8649795173684697,27141.000000000153,18.291539222733494,0.18691381651727132,1.389482644883114,248.660000000516,516.3095280566341,1134.562927448332,825.0336162278919,79.22203195188325,2180.0114258461117,2769.7473104163387,3043273.839929227,3346279.6229031547,1128121.4654453867,0.02242249439957119,0.0010539146813265787,9215561.959197585,74.86804358565841,0.04998397729413633,0.1991446390617975,0.21606072128188514,0.4796292583914554,False,0.0,True
10.387339157405941,1495.1566579197925,0.10581405800002952,6.206317565273035,3.4604218305073804,0.9586987996287885,0.4767714066840542,331.7382859924648,3.151874916064779,63.77461599000287,0.4510674541469238,0.8407524918639405,27141.00000000056,19.61271542572197,0.188693352182387,1.1614322712001672,248.660000000516,520.1567623595638,1133.3479768561558,859.9612740844271,70.54849999654482,2116.655805676488,2741.031147289454,2894458.708693034,3192171.5990381083,1123516.8108585095,0.021432158109686645,0.0013867052719930381,9245123.038663214,73.0031790407035,0.07045935037350996,0.19762521455540344,0.2201735904987033,0.4730152699450879,False,0.0,True
17.128740753094537,1039.5766544104142,0.011926388220063505,12.493958324975715,4.723447557510572,1.0839485416920944,0.0039996728246777385,349.58682375821655,3.34042713092763,76.94097924125698,0.0,999.0,0.0,0.0,0.0,0.0,0.0,0.0,0.0,0.0,0.0,0.0,0.0,0.0,0.0,0.0,0.0,0.0,0.0,0.0,0.0,0.0,0.0,0.0,0,0.0,False
28.603747891967068,1476.1787967257403,0.1505156249042764,4.30366613149954,3.780297348393863,1.8171378511320364,0.20909607547307732,380.0381717120498,2.800136652337077,51.61669794297391,0.0,999.0,0.0,0.0,0.0,0.0,0.0,0.0,0.0,0.0,0.0,0.0,0.0,0.0,0.0,0.0,0.0,0.0,0.0,0.0,0.0,0.0,0.0,0.0,0,0.0,False
17.666036677125845,1107.3130424090443,0.03313156323749229,9.787489132519362,3.1696275054082,1.0855737226076423,0.8659724755349631,394.09547092114536,1.6291787905032182,61.023505060674225,0.0,999.0,0.0,0.0,0.0,0.0,0.0,0.0,0.0,0.0,0.0,0.0,0.0,0.0,0.0,0.0,0.0,0.0,0.0,0.0,0.0,0.0,0.0,0.0,0,0.0,False
16.591696141986315,1199.2381446201023,0.37655360152066625,12.904397613392403,4.701352686639908,1.9307874644124685,0.4324257771721113,397.062792048768,3.4832198076213023,73.33630531334721,0.0,999.0,0.0,0.0,0.0,0.0,0.0,0.0,0.0,0.0,0.0,0.0,0.0,0.0,0.0,0.0,0.0,0.0,0.0,0.0,0.0,0.0,0.0,0.0,0,0.0,False
29.78680112333276,1046.6287421994318,0.1610647568073848,14.407676350024419,2.026817307113735,1.8050030059641293,0.8612116383667944,355.1864651366858,1.6508533721266905,68.16137117799792,0.0,999.0,0.0,0.0,0.0,0.0,0.0,0.0,0.0,0.0,0.0,0.0,0.0,0.0,0.0,0.0,0.0,0.0,0.0,0.0,0.0,0.0,0.0,0.0,0,0.0,False
13.381830479570493,1075.2664702946918,0.466894651491908,9.858643515889383,2.1703159802518237,1.3302090354174387,0.7578994042174854,385.2381543204501,3.260866548507942,77.67791084368622,0.0,999.0,0.0,0.0,0.0,0.0,0.0,0.0,0.0,0.0,0.0,0.0,0.0,0.0,0.0,0.0,0.0,0.0,0.0,0.0,0.0,0.0,0.0,0.0,0,0.0,False
29.188686421235047,1482.376534899188,0.01616153331178699,11.803259763544247,3.3950044446905183,1.9423038355346098,0.2214327343234883,341.3657615747493,0.866632841947679,45.71712971982719,0.0,999.0,0.0,0.0,0.0,0.0,0.0,0.0,0.0,0.0,0.0,0.0,0.0,0.0,0.0,0.0,0.0,0.0,0.0,0.0,0.0,0.0,0.0,0.0,0,0.0,False
20.34338115825841,1248.0370955811093,0.29164048432098216,14.69511318050406,2.56636579132354,1.8153457989324397,0.9875424574379142,396.75764854798257,0.6703816447419373,36.220362321354955,0.0,999.0,0.0,0.0,0.0,0.0,0.0,0.0,0.0,0.0,0.0,0.0,0.0,0.0,0.0,0.0,0.0,0.0,0.0,0.0,0.0,0.0,0.0,0.0,0,0.0,False
24.812118080876754,1158.384905099591,0.21922323629235865,5.373589298731267,2.1336556356342853,0.9646414305747973,0.22466830517262557,346.9936794833677,3.0297721927079357,29.27329766722837,0.0,999.0,0.0,0.0,0.0,0.0,0.0,0.0,0.0,0.0,0.0,0.0,0.0,0.0,0.0,0.0,0.0,0.0,0.0,0.0,0.0,0.0,0.0,0.0,0,0.0,False
18.385342292004275,1045.72097937085,0.2773517777749953,13.172358709115079,2.059754539006139,1.8050030059641293,0.8660579918894105,392.5282108802502,1.6508533721266905,69.26511435417252,0.0,999.0,0.0,0.0,0.0,0.0,0.0,0.0,0.0,0.0,0.0,0.0,0.0,0.0,0.0,0.0,0.0,0.0,0.0,0.0,0.0,0.0,0.0,0.0,0,0.0,False
20.380232549281118,1415.7533478172802,0.021246263076320812,9.677954899702653,3.0280667238598453,0.9718670309048598,0.4008404733825254,368.3206756435564,2.8288975643405623,58.65217197578671,0.0,999.0,0.0,0.0,0.0,0.0,0.0,0.0,0.0,0.0,0.0,0.0,0.0,0.0,0.0,0.0,0.0,0.0,0.0,0.0,0.0,0.0,0.0,0.0,0,0.0,False
21.90183422650534,1389.8996346484,0.006861866919050342,5.678643857464991,2.0497276487028024,1.025594778403878,0.6567623968626076,336.81759057062567,1.9446184137529214,53.47471965462635,0.0,999.0,0.0,0.0,0.0,0.0,0.0,0.0,0.0,0.0,0.0,0.0,0.0,0.0,0.0,0.0,0.0,0.0,0.0,0.0,0.0,0.0,0.0,0.0,0,0.0,False
27.599965771268636,1544.1639038815276,0.3313599061876311,6.972290882327336,2.757100104513769,1.928855520181955,0.5277146463087466,358.83270332702756,3.0761983273622286,56.714512709260774,0.0,999.0,0.0,0.0,0.0,0.0,0.0,0.0,0.0,0.0,0.0,0.0,0.0,0.0,0.0,0.0,0.0,0.0,0.0,0.0,0.0,0.0,0.0,0.0,0,0.0,False
16.17283895261302,1439.9470406358564,0.0002421613219816543,6.435363709990211,2.6423364104619456,1.1188427157697733,0.11105171302185535,350.16660793658673,4.384864774087605,59.34523510429996,0.0,999.0,0.0,0.0,0.0,0.0,0.0,0.0,0.0,0.0,0.0,0.0,0.0,0.0,0.0,0.0,0.0,0.0,0.0,0.0,0.0,0.0,0.0,0.0,0,0.0,False
22.265565830438597,1388.9876536978747,0.08497035710862888,5.496286532174549,3.846439391942377,1.9772819947467335,0.2806305315430972,370.8805736571471,2.4301955031345632,49.83735115517098,0.0,999.0,0.0,0.0,0.0,0.0,0.0,0.0,0.0,0.0,0.0,0.0,0.0,0.0,0.0,0.0,0.0,0.0,0.0,0.0,0.0,0.0,0.0,0.0,0,0.0,False
27.767728687907717,1119.6054045527815,0.2926742294691255,14.952719693786726,3.3518617946164575,1.914055136032197,0.2789908904569709,368.70649393550366,3.5710416939506695,68.31134637910783,0.0,999.0,0.0,0.0,0.0,0.0,0.0,0.0,0.0,0.0,0.0,0.0,0.0,0.0,0.0,0.0,0.0,0.0,0.0,0.0,0.0,0.0,0.0,0.0,0,0.0,False
11.601219545424346,1289.0177698127063,0.2031835270929105,10.305341860914384,3.3515004847784606,1.6815910345347864,0.6788014089134193,375.7718823002205,3.2717174718128987,29.058843996778748,0.0,999.0,0.0,0.0,0.0,0.0,0.0,0.0,0.0,0.0,0.0,0.0,0.0,0.0,0.0,0.0,0.0,0.0,0.0,0.0,0.0,0.0,0.0,0.0,0,0.0,False
19.49263470227826,1585.7101810244997,0.2725061684448218,5.664298768232955,2.5030466455971325,1.4557186869357421,0.5502882935269116,393.9763345228822,4.2754312637299865,20.206915358987228,0.0,999.0,0.0,0.0,0.0,0.0,0.0,0.0,0.0,0.0,0.0,0.0,0.0,0.0,0.0,0.0,0.0,0.0,0.0,0.0,0.0,0.0,0.0,0.0,0,0.0,False
18.02959166939081,1190.430367574966,0.3109596839601507,6.879200629452413,4.921406233781757,1.7112156880949685,0.033009085182801656,354.13608074784264,2.154115209992988,67.858328237514,0.0,999.0,0.0,0.0,0.0,0.0,0.0,0.0,0.0,0.0,0.0,0.0,0.0,0.0,0.0,0.0,0.0,0.0,0.0,0.0,0.0,0.0,0.0,0.0,0,0.0,False
22.59435014043129,1126.1044059489038,0.37637777686940693,4.731901294895264,2.7809452957356227,1.78523002011768,0.19343428262332774,371.15687047039523,2.8610163910568014,75.48847822396104,0.0,999.0,0.0,0.0,0.0,0.0,0.0,0.0,0.0,0.0,0.0,0.0,0.0,0.0,0.0,0.0,0.0,0.0,0.0,0.0,0.0,0.0,0.0,0.0,0,0.0,False
13.864868704725515,1044.622855195898,0.36753298164433473,12.493958324975715,2.3566940619782653,1.844897729386167,0.013951572975597015,334.25652592365844,3.2755026065074593,77.27688851336038,0.0,999.0,0.0,0.0,0.0,0.0,0.0,0.0,0.0,0.0,0.0,0.0,0.0,0.0,0.0,0.0,0.0,0.0,0.0,0.0,0.0,0.0,0.0,0.0,0,0.0,False
15.26593540974222,1039.5766544104142,0.36753298164433473,12.493958324975715,4.723447557510572,1.925169276116521,0.013951572975597015,338.74896688971364,3.2755026065074593,76.94097924125698,0.0,999.0,0.0,0.0,0.0,0.0,0.0,0.0,0.0,0.0,0.0,0.0,0.0,0.0,0.0,0.0,0.0,0.0,0.0,0.0,0.0,0.0,0.0,0.0,0,0.0,False
12.384815706096045,1542.3964049781869,0.02085955783372223,4.186878728123123,4.915840517230686,1.4598385759474144,0.9109999017496418,368.0142569805467,2.9319888390082864,58.07899308345668,0.0,999.0,0.0,0.0,0.0,0.0,0.0,0.0,0.0,0.0,0.0,0.0,0.0,0.0,0.0,0.0,0.0,0.0,0.0,0.0,0.0,0.0,0.0,0.0,0,0.0,False
28.43085162658775,1110.63066542066,0.2597811596718022,12.543484964267481,3.3451902748170763,1.914055136032197,0.4078613867112553,347.84060437386086,4.008894128369342,39.46277053787324,0.0,999.0,0.0,0.0,0.0,0.0,0.0,0.0,0.0,0.0,0.0,0.0,0.0,0.0,0.0,0.0,0.0,0.0,0.0,0.0,0.0,0.0,0.0,0.0,0,0.0,False
13.082744505606732,1368.004767654189,0.375182673727535,11.836658592696724,3.687098309134924,1.9347279806398976,0.9679641912443829,397.7888847325609,0.837155244506173,73.06837634731274,0.0,999.0,0.0,0.0,0.0,0.0,0.0,0.0,0.0,0.0,0.0,0.0,0.0,0.0,0.0,0.0,0.0,0.0,0.0,0.0,0.0,0.0,0.0,0.0,0,0.0,False
18.364858359883947,1072.798354053619,0.029406218361173162,5.334778013148111,2.455955639483901,0.920482418463942,0.23398099633527092,347.3876428185564,2.8743549269797133,31.439747027846945,0.0,999.0,0.0,0.0,0.0,0.0,0.0,0.0,0.0,0.0,0.0,0.0,0.0,0.0,0.0,0.0,0.0,0.0,0.0,0.0,0.0,0.0,0.0,0.0,0,0.0,False
18.383890288065896,1411.1317002380556,0.3449926334155378,13.6592918003004,2.0821627795937783,1.6375142611962425,0.41730480236712697,364.72432194815883,2.0252364583087616,45.73677236484779,0.0,999.0,0.0,0.0,0.0,0.0,0.0,0.0,0.0,0.0,0.0,0.0,0.0,0.0,0.0,0.0,0.0,0.0,0.0,0.0,0.0,0.0,0.0,0.0,0,0.0,False
22.271773890056714,1388.9876536978747,0.08497035710862888,5.643914788327487,3.5425251305776486,1.8628659989899932,0.18395344154722204,357.0271294966608,2.4301955031345632,49.83735115517098,0.0,999.0,0.0,0.0,0.0,0.0,0.0,0.0,0.0,0.0,0.0,0.0,0.0,0.0,0.0,0.0,0.0,0.0,0.0,0.0,0.0,0.0,0.0,0.0,0,0.0,False
21.124804679808378,1158.463999804935,0.10389651420907417,5.334778013148111,2.1336556356342853,1.0182435420167022,0.2257093386078547,346.9936794833677,3.021509370028612,20.383842228145614,0.0,999.0,0.0,0.0,0.0,0.0,0.0,0.0,0.0,0.0,0.0,0.0,0.0,0.0,0.0,0.0,0.0,0.0,0.0,0.0,0.0,0.0,0.0,0.0,0,0.0,False
18.08003218108758,1081.6678925488732,0.22532163433606722,7.678613319669999,2.6539067901835036,1.9183522818000838,0.6896393990795577,367.90567124987376,3.8599586245535225,52.51826370628649,0.0,999.0,0.0,0.0,0.0,0.0,0.0,0.0,0.0,0.0,0.0,0.0,0.0,0.0,0.0,0.0,0.0,0.0,0.0,0.0,0.0,0.0,0.0,0.0,0,0.0,False
27.666121824116196,1374.2033242333653,0.06443694659639104,7.837881761756268,2.809783675295078,1.880514567812063,0.008226345807588215,397.1872045780787,3.5628456529601413,58.28891087730781,0.0,999.0,0.0,0.0,0.0,0.0,0.0,0.0,0.0,0.0,0.0,0.0,0.0,0.0,0.0,0.0,0.0,0.0,0.0,0.0,0.0,0.0,0.0,0.0,0,0.0,False
12.32562358923616,1461.1744130095287,0.28853899329734234,6.230990603406466,3.4335520800121277,1.9998303952463914,0.9614840582699039,371.6068512208355,1.1827619196438812,25.951548900358926,0.0,999.0,0.0,0.0,0.0,0.0,0.0,0.0,0.0,0.0,0.0,0.0,0.0,0.0,0.0,0.0,0.0,0.0,0.0,0.0,0.0,0.0,0.0,0.0,0,0.0,False
11.40243615148556,1250.8816802351894,0.012876741203291686,8.093374315374046,3.5200831024522046,1.9754796068812537,0.10804602274819117,330.3234605996162,1.7348990742982684,66.62589375654699,0.0,999.0,0.0,0.0,0.0,0.0,0.0,0.0,0.0,0.0,0.0,0.0,0.0,0.0,0.0,0.0,0.0,0.0,0.0,0.0,0.0,0.0,0.0,0.0,0,0.0,False
18.430471457294647,1034.724620086413,0.375182673727535,13.22216940052785,3.687098309134924,1.7993682835313987,0.8738722314798569,394.983569147625,1.467728780367522,73.06837634731274,0.0,999.0,0.0,0.0,0.0,0.0,0.0,0.0,0.0,0.0,0.0,0.0,0.0,0.0,0.0,0.0,0.0,0.0,0.0,0.0,0.0,0.0,0.0,0.0,0,0.0,False
14.701552733723407,1276.9612485349733,0.09929575152696313,4.280238593567024,4.188193094768458,1.6974084219410313,0.33039174636170277,387.47953008509245,2.4279911417798306,71.88116868581206,0.0,999.0,0.0,0.0,0.0,0.0,0.0,0.0,0.0,0.0,0.0,0.0,0.0,0.0,0.0,0.0,0.0,0.0,0.0,0.0,0.0,0.0,0.0,0.0,0,0.0,False
14.701552733723407,1276.9612485349733,0.09929575152696313,4.280238593567024,4.183231619122124,0.9417446136673063,0.33039174636170277,372.51335247672756,3.2769389345002313,64.86276914960496,0.0,999.0,0.0,0.0,0.0,0.0,0.0,0.0,0.0,0.0,0.0,0.0,0.0,0.0,0.0,0.0,0.0,0.0,0.0,0.0,0.0,0.0,0.0,0.0,0,0.0,False
23.572141109037524,1187.046722352237,0.21863895609541076,7.232487340175986,3.06804945809356,1.9315013041392692,0.3120943063580923,335.78483887319646,1.503636548250325,58.59571048574825,0.0,999.0,0.0,0.0,0.0,0.0,0.0,0.0,0.0,0.0,0.0,0.0,0.0,0.0,0.0,0.0,0.0,0.0,0.0,0.0,0.0,0.0,0.0,0.0,0,0.0,False
23.491280475268212,1478.5551278981834,0.19188680441313727,6.548725415343712,2.622876985411443,1.9090669193897938,0.6841107608194352,370.38466797349605,1.870330945642791,47.99439531787267,0.0,999.0,0.0,0.0,0.0,0.0,0.0,0.0,0.0,0.0,0.0,0.0,0.0,0.0,0.0,0.0,0.0,0.0,0.0,0.0,0.0,0.0,0.0,0.0,0,0.0,False
12.29940891804549,1475.6930907186327,0.4514545729835751,8.300226631939676,2.557721696206552,1.7164732186460556,0.268425200289498,375.3890494169656,3.701861413828123,20.55122337411706,0.0,999.0,0.0,0.0,0.0,0.0,0.0,0.0,0.0,0.0,0.0,0.0,0.0,0.0,0.0,0.0,0.0,0.0,0.0,0.0,0.0,0.0,0.0,0.0,0,0.0,False
21.419856587535808,1346.858435393765,0.20542630440898188,13.405598885110065,2.691272705663864,1.9592985129285954,0.3386666958534532,355.3949379984533,0.744106799321588,79.0476125874345,0.0,999.0,0.0,0.0,0.0,0.0,0.0,0.0,0.0,0.0,0.0,0.0,0.0,0.0,0.0,0.0,0.0,0.0,0.0,0.0,0.0,0.0,0.0,0.0,0,0.0,False
11.601219545424346,1289.0177698127063,0.2031835270929105,10.305341860914384,3.346356388201764,1.6815910345347864,0.6788014089134193,375.7718823002205,3.354209763410926,29.058843996778748,0.0,999.0,0.0,0.0,0.0,0.0,0.0,0.0,0.0,0.0,0.0,0.0,0.0,0.0,0.0,0.0,0.0,0.0,0.0,0.0,0.0,0.0,0.0,0.0,0,0.0,False
20.376085014668284,1136.9798581175446,0.03728703562573993,8.073362631512765,2.8266981020060302,1.2678560067880962,0.4140749144174959,399.57979419657437,2.6394624563454214,28.84437963848564,0.0,999.0,0.0,0.0,0.0,0.0,0.0,0.0,0.0,0.0,0.0,0.0,0.0,0.0,0.0,0.0,0.0,0.0,0.0,0.0,0.0,0.0,0.0,0.0,0,0.0,False
11.639978927245847,1119.6973276831368,0.1485722321098537,5.182597638036844,3.195528825978208,1.3253587220281968,0.2931470323057198,322.74892948713483,1.2102671506444078,68.22477975672572,0.0,999.0,0.0,0.0,0.0,0.0,0.0,0.0,0.0,0.0,0.0,0.0,0.0,0.0,0.0,0.0,0.0,0.0,0.0,0.0,0.0,0.0,0.0,0.0,0,0.0,False
16.55292836680342,1314.696012763337,0.08498656429812054,7.929967360027497,4.670925271487354,1.9227433219629,0.015821242846556283,394.3549786995009,4.366678835689501,79.83937102708883,0.0,999.0,0.0,0.0,0.0,0.0,0.0,0.0,0.0,0.0,0.0,0.0,0.0,0.0,0.0,0.0,0.0,0.0,0.0,0.0,0.0,0.0,0.0,0.0,0,0.0,False
21.02863147346745,1111.1735436211313,0.2210505553133829,6.038494105314529,4.842127753861877,1.4432071232401942,0.9639177674239978,371.59533380097696,2.679420978645735,78.06171475767185,0.0,999.0,0.0,0.0,0.0,0.0,0.0,0.0,0.0,0.0,0.0,0.0,0.0,0.0,0.0,0.0,0.0,0.0,0.0,0.0,0.0,0.0,0.0,0.0,0,0.0,False
14.91037360373015,1546.611543794181,0.021767131878882684,14.458287708671024,3.669220747012776,1.3139995383557963,0.9950523223391111,324.6690116918105,2.8251786189542547,21.865824527332872,0.0,999.0,0.0,0.0,0.0,0.0,0.0,0.0,0.0,0.0,0.0,0.0,0.0,0.0,0.0,0.0,0.0,0.0,0.0,0.0,0.0,0.0,0.0,0.0,0,0.0,False
18.38248081358129,1071.936334701626,0.029406218361173162,5.334778013148111,2.1336556356342853,0.9913657364260721,0.23398099633527092,344.9097516950824,2.998213971654115,52.23647793979237,0.0,999.0,0.0,0.0,0.0,0.0,0.0,0.0,0.0,0.0,0.0,0.0,0.0,0.0,0.0,0.0,0.0,0.0,0.0,0.0,0.0,0.0,0.0,0.0,0,0.0,False
17.900091409152715,1238.588873136011,0.16513846826254047,11.587388290275497,3.6669029479037687,1.8655026594312643,0.2952887943998478,364.4678198825156,2.7148123384538962,71.32138475572219,0.0,999.0,0.0,0.0,0.0,0.0,0.0,0.0,0.0,0.0,0.0,0.0,0.0,0.0,0.0,0.0,0.0,0.0,0.0,0.0,0.0,0.0,0.0,0.0,0,0.0,False
17.302811059231267,1513.2638744272112,0.317186552102477,8.54953887088703,3.7215841080832384,1.5961586873443623,0.7157945265136018,382.8632345412976,2.708877128259195,64.84730066114312,0.0,999.0,0.0,0.0,0.0,0.0,0.0,0.0,0.0,0.0,0.0,0.0,0.0,0.0,0.0,0.0,0.0,0.0,0.0,0.0,0.0,0.0,0.0,0.0,0,0.0,False
27.740192949457903,1374.2033242333653,0.3754712170136686,9.009418090434165,2.809783675295078,1.440842239213568,0.9080590858800875,397.1872037718708,2.6758749731081317,78.54651806361662,0.0,999.0,0.0,0.0,0.0,0.0,0.0,0.0,0.0,0.0,0.0,0.0,0.0,0.0,0.0,0.0,0.0,0.0,0.0,0.0,0.0,0.0,0.0,0.0,0,0.0,False
20.384476970121504,1250.605504709904,0.40032982906461984,6.109138458387016,2.5335942438540457,1.8460734479638379,0.9573949263266688,396.9816489503796,0.6703816447419373,29.09180473608076,0.0,999.0,0.0,0.0,0.0,0.0,0.0,0.0,0.0,0.0,0.0,0.0,0.0,0.0,0.0,0.0,0.0,0.0,0.0,0.0,0.0,0.0,0.0,0.0,0,0.0,False
13.932521629458183,1146.0296613278806,0.0036594846639319,9.072626043805865,4.752819042933179,1.5404422493723495,0.849705797800526,368.746350197136,3.9683381901167314,72.77933373673028,0.0,999.0,0.0,0.0,0.0,0.0,0.0,0.0,0.0,0.0,0.0,0.0,0.0,0.0,0.0,0.0,0.0,0.0,0.0,0.0,0.0,0.0,0.0,0.0,0,0.0,False
17.114103419677622,1325.129049190532,0.08019758975982455,12.202009119782456,2.157348471668887,1.2995730104391772,0.8710003153882304,393.25773371048194,3.3976546917976926,31.318208057318653,0.0,999.0,0.0,0.0,0.0,0.0,0.0,0.0,0.0,0.0,0.0,0.0,0.0,0.0,0.0,0.0,0.0,0.0,0.0,0.0,0.0,0.0,0.0,0.0,0,0.0,False
27.666121824116196,1374.2033242333653,0.37702464059058177,7.839774556407484,2.809783675295078,1.8845421125734712,0.4280911898712949,397.1872037718708,3.4854867401830165,57.30174321254731,0.0,999.0,0.0,0.0,0.0,0.0,0.0,0.0,0.0,0.0,0.0,0.0,0.0,0.0,0.0,0.0,0.0,0.0,0.0,0.0,0.0,0.0,0.0,0.0,0,0.0,False
22.44753321330351,1565.568816528296,0.22236162195691778,5.638116594897644,3.51847355657156,1.8628659989899932,0.9586169472863691,357.0271294966608,0.5444943014746064,49.018354490674895,0.0,999.0,0.0,0.0,0.0,0.0,0.0,0.0,0.0,0.0,0.0,0.0,0.0,0.0,0.0,0.0,0.0,0.0,0.0,0.0,0.0,0.0,0.0,0.0,0,0.0,False
29.811415519347797,1553.5208038136607,0.1402219960322026,9.378045593654972,2.4905410787956304,1.4027837225581297,0.2802976539426473,340.6167233540941,1.7949890236385693,45.077496943238195,0.0,999.0,0.0,0.0,0.0,0.0,0.0,0.0,0.0,0.0,0.0,0.0,0.0,0.0,0.0,0.0,0.0,0.0,0.0,0.0,0.0,0.0,0.0,0.0,0,0.0,False
13.439416357895144,1051.46521590946,0.04799049544005998,12.766584771778902,2.286146661570097,1.7492464576623528,0.2902979970618682,326.7105313349619,0.5752201508465289,69.72793653554585,0.0,999.0,0.0,0.0,0.0,0.0,0.0,0.0,0.0,0.0,0.0,0.0,0.0,0.0,0.0,0.0,0.0,0.0,0.0,0.0,0.0,0.0,0.0,0.0,0,0.0,False
12.889268421117652,1435.899981467884,0.11231018517044394,9.712870068026362,3.595674445472907,0.9350361445681256,0.4946010766079109,391.7075408763709,4.648189977289327,52.30643555567262,0.0,999.0,0.0,0.0,0.0,0.0,0.0,0.0,0.0,0.0,0.0,0.0,0.0,0.0,0.0,0.0,0.0,0.0,0.0,0.0,0.0,0.0,0.0,0.0,0,0.0,False
14.55195476644506,1203.1160909723833,0.1863717565566213,11.639616427895865,2.832521983731417,1.6703183813967948,0.47049767615220905,386.1307354025179,2.4656712937935676,40.417045008146346,0.0,999.0,0.0,0.0,0.0,0.0,0.0,0.0,0.0,0.0,0.0,0.0,0.0,0.0,0.0,0.0,0.0,0.0,0.0,0.0,0.0,0.0,0.0,0.0,0,0.0,False
22.893034690155385,1479.162546856126,0.1505156249042764,4.30366613149954,3.780297348393863,1.8282244718243077,0.20290581482239325,380.0381717120498,2.800136652337077,52.45710829773132,0.0,999.0,0.0,0.0,0.0,0.0,0.0,0.0,0.0,0.0,0.0,0.0,0.0,0.0,0.0,0.0,0.0,0.0,0.0,0.0,0.0,0.0,0.0,0.0,0,0.0,False
12.926016307829117,1430.5209356130426,0.22283386374208003,10.63318186587799,2.6726314887975056,0.9193218135588356,0.33538093254820445,389.73244982798207,4.3209513023816015,52.305971765416764,0.0,999.0,0.0,0.0,0.0,0.0,0.0,0.0,0.0,0.0,0.0,0.0,0.0,0.0,0.0,0.0,0.0,0.0,0.0,0.0,0.0,0.0,0.0,0.0,0,0.0,False
11.621843149250513,1543.4746447330683,0.14710091250397347,9.17310154935086,3.912500492594229,1.9946214716435469,0.4370129742715968,351.8214932294423,0.8037020438039403,72.50912525643145,0.0,999.0,0.0,0.0,0.0,0.0,0.0,0.0,0.0,0.0,0.0,0.0,0.0,0.0,0.0,0.0,0.0,0.0,0.0,0.0,0.0,0.0,0.0,0.0,0,0.0,False
13.073521340317914,1358.484531554493,0.15301972950745496,9.146049126564247,2.4258942454745114,1.9931578602200068,0.8117175784960208,346.7421123995061,0.7948827942551815,51.994347287704734,0.0,999.0,0.0,0.0,0.0,0.0,0.0,0.0,0.0,0.0,0.0,0.0,0.0,0.0,0.0,0.0,0.0,0.0,0.0,0.0,0.0,0.0,0.0,0.0,0,0.0,False
25.21604912611512,1364.971650409809,0.35116346932731046,6.571455618645166,2.5300366792170244,1.3302090354174387,0.3205646539951602,386.59683081426624,3.260866548507942,65.60010514098494,0.0,999.0,0.0,0.0,0.0,0.0,0.0,0.0,0.0,0.0,0.0,0.0,0.0,0.0,0.0,0.0,0.0,0.0,0.0,0.0,0.0,0.0,0.0,0.0,0,0.0,False
13.582935072107077,1412.5143885373318,0.15092390395261612,5.138055117280414,2.4329095637973692,0.9187792421735548,0.6961042674500315,380.9755067584605,4.075602580331385,50.424795397048186,0.0,999.0,0.0,0.0,0.0,0.0,0.0,0.0,0.0,0.0,0.0,0.0,0.0,0.0,0.0,0.0,0.0,0.0,0.0,0.0,0.0,0.0,0.0,0.0,0,0.0,False
11.767598784952646,1003.8053489482307,0.27221255271219785,4.374297331053784,3.3446068909309283,1.895942237073056,0.8071114906595228,375.96519603898764,1.087739614635717,29.95430181552129,0.0,999.0,0.0,0.0,0.0,0.0,0.0,0.0,0.0,0.0,0.0,0.0,0.0,0.0,0.0,0.0,0.0,0.0,0.0,0.0,0.0,0.0,0.0,0.0,0,0.0,False
11.806756616367371,1502.1986693281074,0.4435523775505116,13.953280147619491,2.728674724894612,1.363541771713173,0.6636862805164622,399.92698892797165,0.8037020438039403,68.0113878506088,0.0,999.0,0.0,0.0,0.0,0.0,0.0,0.0,0.0,0.0,0.0,0.0,0.0,0.0,0.0,0.0,0.0,0.0,0.0,0.0,0.0,0.0,0.0,0.0,0,0.0,False
13.457716338826783,1316.2348613545655,0.15487588989876253,9.238211941791334,3.060716509966765,1.601095529516826,0.6090512623401807,390.4840067186755,4.34976240872877,79.02712186959866,0.0,999.0,0.0,0.0,0.0,0.0,0.0,0.0,0.0,0.0,0.0,0.0,0.0,0.0,0.0,0.0,0.0,0.0,0.0,0.0,0.0,0.0,0.0,0.0,0,0.0,False
12.372314888020952,1467.9474663615583,0.44767026327180764,11.467190444517502,2.728674724894612,1.9755099580221775,0.84733274563432,381.5601696131336,0.7775919240267075,72.8323158538596,0.0,999.0,0.0,0.0,0.0,0.0,0.0,0.0,0.0,0.0,0.0,0.0,0.0,0.0,0.0,0.0,0.0,0.0,0.0,0.0,0.0,0.0,0.0,0.0,0,0.0,False
10.458302626447635,1311.4493933271938,0.40499435533120814,4.13864143732864,4.017409533961201,1.655489049322691,0.44924675358663757,393.18309493935476,3.399624881406468,20.31439025908795,0.0,999.0,0.0,0.0,0.0,0.0,0.0,0.0,0.0,0.0,0.0,0.0,0.0,0.0,0.0,0.0,0.0,0.0,0.0,0.0,0.0,0.0,0.0,0.0,0,0.0,False
22.893034690155385,1479.162546856126,0.1505156249042764,4.191152479238002,3.780297348393863,1.8282244718243077,0.20290581482239325,380.0381717120498,2.800136652337077,52.45710829773132,0.0,999.0,0.0,0.0,0.0,0.0,0.0,0.0,0.0,0.0,0.0,0.0,0.0,0.0,0.0,0.0,0.0,0.0,0.0,0.0,0.0,0.0,0.0,0.0,0,0.0,False
28.06803830575767,1082.4848224877426,0.06963817362537927,12.881304175804761,3.193030510956601,1.081889616828626,0.9275085803960339,347.82126877964055,3.8786544641127,63.55987912102709,0.0,999.0,0.0,0.0,0.0,0.0,0.0,0.0,0.0,0.0,0.0,0.0,0.0,0.0,0.0,0.0,0.0,0.0,0.0,0.0,0.0,0.0,0.0,0.0,0,0.0,False
27.754257720558023,1401.490604107404,0.3313599061876311,6.972290882327336,3.1712041172380436,1.8403877369671426,0.5277146463087466,384.17288672036784,2.4337015024862154,63.98855151725067,0.0,999.0,0.0,0.0,0.0,0.0,0.0,0.0,0.0,0.0,0.0,0.0,0.0,0.0,0.0,0.0,0.0,0.0,0.0,0.0,0.0,0.0,0.0,0.0,0,0.0,False
28.354357576499588,1558.736388845533,0.039514061062911665,5.075302101824603,2.1387978282043902,1.9527660688407769,0.7283923261658677,334.7455540932559,1.8234784098648846,50.03887424103449,0.0,999.0,0.0,0.0,0.0,0.0,0.0,0.0,0.0,0.0,0.0,0.0,0.0,0.0,0.0,0.0,0.0,0.0,0.0,0.0,0.0,0.0,0.0,0.0,0,0.0,False
23.14130849245779,1396.1782004602537,0.015868429004059326,9.825012715262343,4.683297255282717,1.5764280222443718,0.8709456091610533,392.69962182867107,1.9843005320684706,50.65681839678268,0.0,999.0,0.0,0.0,0.0,0.0,0.0,0.0,0.0,0.0,0.0,0.0,0.0,0.0,0.0,0.0,0.0,0.0,0.0,0.0,0.0,0.0,0.0,0.0,0,0.0,False
16.532898035441924,1316.4383829266774,0.44297104965538725,7.929967360027497,2.476098714561886,1.6188008194867591,0.01138879884140287,394.3549786995009,3.6683168422394203,79.83937102708883,0.0,999.0,0.0,0.0,0.0,0.0,0.0,0.0,0.0,0.0,0.0,0.0,0.0,0.0,0.0,0.0,0.0,0.0,0.0,0.0,0.0,0.0,0.0,0.0,0,0.0,False
25.2811710030618,1475.6930907186327,0.4514545729835751,8.3234102276859,2.557721696206552,1.731009357862713,0.31654138206169347,387.8749894627608,3.701861413828123,20.55122337411706,0.0,999.0,0.0,0.0,0.0,0.0,0.0,0.0,0.0,0.0,0.0,0.0,0.0,0.0,0.0,0.0,0.0,0.0,0.0,0.0,0.0,0.0,0.0,0.0,0,0.0,False
23.14130849245779,1348.621394450854,0.1003637440175455,9.825012715262343,4.683297255282717,1.2354933734187377,0.8709456091610533,392.69962182867107,1.9843005320684706,60.98446198019385,0.0,999.0,0.0,0.0,0.0,0.0,0.0,0.0,0.0,0.0,0.0,0.0,0.0,0.0,0.0,0.0,0.0,0.0,0.0,0.0,0.0,0.0,0.0,0.0,0,0.0,False
13.446810166906571,1081.6357807479048,0.4662977315185818,11.664999776388902,2.1980005181661877,1.731009357862713,0.8805746555209101,399.27922360872856,4.443790828180449,27.544674503539692,0.0,999.0,0.0,0.0,0.0,0.0,0.0,0.0,0.0,0.0,0.0,0.0,0.0,0.0,0.0,0.0,0.0,0.0,0.0,0.0,0.0,0.0,0.0,0.0,0,0.0,False
13.932521629458183,1163.726079174518,0.0036594846639319,8.618214823720708,4.752819042933179,1.5472040661832644,0.8551902839041353,368.9766950912052,3.9683381901167314,70.45425758328568,0.0,999.0,0.0,0.0,0.0,0.0,0.0,0.0,0.0,0.0,0.0,0.0,0.0,0.0,0.0,0.0,0.0,0.0,0.0,0.0,0.0,0.0,0.0,0.0,0,0.0,False
13.381830479570493,1075.2664702946918,0.466894651491908,10.135673324201134,2.1703159802518237,1.3302090354174387,0.7578994042174854,385.2381543204501,3.7270976252301016,77.67791084368622,0.0,999.0,0.0,0.0,0.0,0.0,0.0,0.0,0.0,0.0,0.0,0.0,0.0,0.0,0.0,0.0,0.0,0.0,0.0,0.0,0.0,0.0,0.0,0.0,0,0.0,False
21.124804679808378,1081.873135396411,0.02995884475610583,5.334778013148111,2.1336556356342853,1.0182435420167022,0.2257093386078547,377.0391184306141,3.018726419243641,20.753358809546953,0.0,999.0,0.0,0.0,0.0,0.0,0.0,0.0,0.0,0.0,0.0,0.0,0.0,0.0,0.0,0.0,0.0,0.0,0.0,0.0,0.0,0.0,0.0,0.0,0,0.0,False
15.26593540974222,1027.2881978268167,0.36947263127632735,9.499621766522647,2.962820783216674,1.930125643378248,0.02541675058686893,354.54953307177357,3.2755026065074593,76.94097924125698,0.0,999.0,0.0,0.0,0.0,0.0,0.0,0.0,0.0,0.0,0.0,0.0,0.0,0.0,0.0,0.0,0.0,0.0,0.0,0.0,0.0,0.0,0.0,0.0,0,0.0,False
25.915047396267394,1201.0719293675108,0.1815706131533414,6.372012483387524,2.441245003998823,1.9953934523330639,0.3120943063580923,334.38581552048504,1.9977320743624822,57.54260882949933,0.0,999.0,0.0,0.0,0.0,0.0,0.0,0.0,0.0,0.0,0.0,0.0,0.0,0.0,0.0,0.0,0.0,0.0,0.0,0.0,0.0,0.0,0.0,0.0,0,0.0,False
29.92576094903392,1022.7168015957415,0.045456184277869315,4.808133197961356,2.310513311990883,1.596837876575225,0.2749181278174835,383.8490668085594,3.583278486084648,70.31484540596287,0.0,999.0,0.0,0.0,0.0,0.0,0.0,0.0,0.0,0.0,0.0,0.0,0.0,0.0,0.0,0.0,0.0,0.0,0.0,0.0,0.0,0.0,0.0,0.0,0,0.0,False
14.710585153604713,1383.9847414653473,0.14958004765610752,11.9137303518406,3.5497539699387812,1.529387312042262,0.7998219094784991,363.5187499341367,1.1432930931621392,41.36912635454608,0.524836734054838,0.9448957829491911,27140.999999999876,22.28917415527875,0.18594037787729095,0.6002284620543082,248.660000000516,561.0662921764945,1166.47566145024,1015.2744567604955,140.74699505779475,2158.2360275070746,2771.5619727322123,3343850.0797734675,3804217.2733863275,1604236.010272041,0.023599216809071188,0.002046199635952689,9074190.984989863,74.88341897743192,0.054272962383821344,0.24235519007568151,0.11646651818339306,0.6754195314757754,False,0.0,True
12.342122264104216,1584.900012403887,0.3720679606847676,10.495726024118289,2.715747924456174,1.525076726891878,0.632801316715384,346.205555528986,3.6989692143849284,62.10832063638444,0.4882083727638861,0.4569926165603663,27140.99999998985,22.81591674617239,0.19523694412017456,0.5285508356150006,248.660000000516,508.6655671875393,1037.1576372423413,928.4934607380129,97.02861034490105,1791.7181553735695,2604.9200468971644,2315188.390704929,2725957.050998081,1161582.9534136313,0.010047993209516583,0.0023552433965436815,9188048.377767395,65.49922267787721,0.09882650447643976,0.18981582473127673,0.19576655848902477,0.492283447044379,False,0.0,True
23.353585846177626,1387.501529656286,0.44500051349377795,5.789047688558007,2.515038747148981,1.246838271599231,0.8972476052684075,368.347430750896,0.5016595242000679,67.282553057463,0.5101370039169818,0.5366566946994046,27140.999999999774,20.58958207403756,0.17500044781036256,0.21892556552734124,248.660000000516,552.386285538265,1077.3691415929761,1020.499485966838,89.6324679841167,1679.1439215917862,2604.983127309411,2766107.3657302437,3135907.128897273,1401570.3579207323,0.012083433717256814,0.002481965633579603,8980403.597300816,88.89498317350441,0.05083771777281501,0.24317191173834843,0.12497594449734487,0.6605278493939306,False,0.0,True
13.465127005499351,1437.4671965805114,0.21892919309075118,10.612955637161122,3.458240682202039,1.6078449472580965,0.6426491311340481,322.5453460338157,3.7652665025637027,79.915771743063,0.5174310285373667,0.8653274411356892,27140.999999999935,22.509541454217246,0.18593766678772822,0.6738026640142407,248.660000000516,541.3915858939455,1140.9794694155855,983.768804462462,138.56087707093712,2101.1468042427546,2809.479225669436,3033903.6003706604,3445109.4229054814,1512750.9688906455,0.02133600862891399,0.002149843450949694,9103458.22809652,75.12822872876362,0.0678008399565557,0.2236129507457055,0.1402477326949722,0.6145565072632048,False,0.0,True
20.806087721747847,1461.9129322937167,0.2975793293478044,5.925061264280998,3.5606016295713623,1.3682948189619781,0.9631312191304514,351.2527627035382,0.6048115994093528,73.04814807712778,0.5230083795319986,0.9249798885301982,27140.99999999992,23.189670682862726,0.16174169630510912,0.5072382053968608,248.660000000516,567.9948475073245,1244.8467216229556,1097.012853610993,115.36918023112622,2070.4495316524403,2720.3147154732687,3049182.1787798237,3369620.0041942457,1546725.628225376,0.021672565559100417,0.003432313595497618,9081991.261311904,113.87122059392247,0.07405169045445267,0.24848586348498297,0.111166893759338,0.6909049311588633,False,0.0,True
13.384566497087578,1395.3716466923538,0.4685364646796461,6.776737118732615,3.201603472952064,1.0005050464357126,0.9631312191304514,355.66446906614124,0.8323627126195152,67.282553057463,0.4542771244576903,0.3351883720434108,27140.999999999993,17.21620893898594,0.14635386030682737,2.003020851043367,248.660000000516,472.17735653743046,1066.8191743639582,708.8414849625835,84.8200472783785,1869.836252763196,2621.594641589035,2208171.0639101453,2431885.9926111368,747637.5272308891,0.008318734296865714,0.0007786133087644965,9116722.35970262,154.2854812941801,0.044386788609441556,0.14891599443131687,0.26465831858282896,0.3600707049381555,False,0.0,True
16.211334997132926,1472.7620047447458,0.3185177268115442,9.963725764066375,2.686905883027998,1.0254651832207322,0.9344734164328401,360.3929482115963,1.3444046384193848,63.17089614418957,0.4799038785480224,0.3746969905826578,27140.99999999541,20.532857955653867,0.17070716606775047,0.7186462845432702,248.660000000516,530.0501336323596,1004.3225150667619,846.7290028052878,115.48853103738037,1744.5977077565133,2619.3535024146795,2717372.3586070077,3087421.304599555,1074695.8266612804,0.00873677235479192,0.0014328786666102746,9149517.410689374,97.57572952252498,0.06667474154518206,0.18473722914769786,0.20729988862869345,0.47122382236538024,False,0.0,True
18.838085614968467,1348.9464444065748,0.4952188289258329,6.406373802314834,2.7431987052870648,1.5951707216794537,0.7501724132979928,356.5580261948554,0.7561824728499275,73.7498445792976,0.5168391597287483,0.5921993918202465,27140.999999999833,20.021081815908147,0.18912296635540815,0.33493080641076284,248.660000000516,534.2288770083039,1115.1171944651508,1021.9146582781689,93.80251601901423,1748.5039820524644,2619.814747712497,2600194.275974423,2995285.9483077014,1526169.2004297087,0.013807537741532382,0.0022653459518608273,8942109.252560388,70.13035468715435,0.04254946985997954,0.24873310961368503,0.11465158922295637,0.6844897718863565,False,0.0,True
13.073521340317914,1468.823851368647,0.14392563362228183,9.146049126564247,3.7800906760139634,1.9894468165789414,0.8117175784960208,346.7421123995061,0.9004919937007008,52.40553084987909,0.5245506734410876,1.1134819310785367,27140.999999999993,24.481618808396743,0.19953148283885963,0.472580722585827,248.660000000516,543.2431379600123,1233.4805992431368,1113.7339499065504,139.66051073895326,2286.371021604585,2852.409221991598,3029029.1595205795,3454814.460342872,1853668.973651343,0.026846742825917057,0.0033742702654854977,9084321.907679515,60.66764013580498,0.08263381006501953,0.25632221211319917,0.10264477798186979,0.7140551058617248,False,0.0,True
12.294919459067504,1437.1152300697222,0.22495606673997026,9.672294054207455,3.2244104082838434,1.1607296782673306,0.8689735955741731,370.638658096769,0.5129164716402154,56.986675047984484,0.4806052436763675,0.5326076979816329,27141.00000000072,20.063419661752285,0.18494671637464238,0.9399049301921332,248.660000000516,516.2268038116604,1100.4479543742827,876.8717300707677,84.69998121907773,1904.52376769656,2651.2880564156817,2847198.141001602,3211442.076916752,1121556.9751323801,0.013026881164341917,0.001428624366577964,9177921.272362515,76.96678213674319,0.05898135718540258,0.20078494094247926,0.19115560597392375,0.5122841781034323,False,0.0,True
12.36385258694077,1502.1986693281074,0.3720679606847676,10.495726024118289,2.728674724894612,1.5855718597063424,0.638355320741173,346.205555528986,0.8037020438039403,72.8323158538596,0.4961431723961682,0.5870312542366202,27141.00000000008,21.901638481390872,0.19319218857543072,0.6283213877261643,248.660000000516,508.4569758369848,1000.1098349901953,880.1865228926675,134.4026775604019,1863.5491787199596,2753.8376000423095,2468115.5427179546,2871590.5824051197,1262281.7448695325,0.014195786327021422,0.001736828944214732,9134186.072937349,67.20476148268791,0.0797513069410872,0.18618094756879122,0.19307410436442904,0.4909122412997525,False,0.0,True
12.36385258694077,1502.1986693281074,0.4459082351917899,10.495726024118289,2.728674724894612,1.5859466768013508,0.6203007901512065,345.22175606681134,0.8037020438039403,72.8323158538596,0.4927165595236548,0.5561835768874266,27141.00000000011,21.32960999733605,0.18608964766869018,0.773153992884289,248.660000000516,501.1331619596039,991.5040876091542,850.3920297246442,138.02608154675616,1866.71061522442,2755.7563344655723,2348990.190357767,2727421.4330872707,1184846.3015778768,0.013504951815064944,0.0015904266452367603,9131143.434547888,75.17222429642337,0.07869559785405307,0.17535345455270632,0.20641491525642566,0.45931897040180575,False,0.0,True
13.465127005499351,1430.535769641719,0.21892919309075118,8.539543981242982,3.458240682202039,1.6078449472580965,0.6426491311340481,322.5453460338157,4.081138492552402,79.83937102708883,0.5176706068605443,0.9327979483223179,27141.000000012347,22.40636905897244,0.19287374682042352,0.584366898932414,248.660000000516,541.3915858939455,1177.85663789016,1026.3701906615754,105.64745942556154,2081.455257267683,2753.8740428772526,3012983.230382204,3408235.2541063526,1535344.2848264608,0.022908718880005036,0.0024083502354225114,9099819.329252612,67.28407633037014,0.06592130594071788,0.23727695304455845,0.12640902116780625,0.6524226114532724,False,0.0,True
13.465127005499351,1430.535769641719,0.16984225851478768,7.995375491401653,3.458240682202039,1.580455033401129,0.6090512623401807,322.3742615510851,4.34976240872877,79.83937102708883,0.5177470636085605,0.9977583176746245,27141.000000000022,22.684203759656793,0.1989723287319076,0.49255851395394373,248.660000000516,550.0178861844156,1194.4765709292612,1061.273190002727,95.91996738073173,2083.9469171993624,2743.811485587066,3089139.996355471,3494321.830702683,1604246.229835351,0.024470913358224454,0.0026092451417825528,9099909.436490977,61.28552326231207,0.06665197087877804,0.24891737408356618,0.11477647087393793,0.6844145908288631,False,0.0,True
12.863301850040399,1328.7334999256116,0.4948758538318526,4.996158317706854,2.6779127499906896,1.0351768205170413,0.40393169253102973,356.5580261948554,0.5217925149625495,78.49058659660164,0.46466599708476874,0.419462916711528,27141.000000000065,16.268902172275226,0.1932211116132733,1.0143534218718728,248.660000000516,524.2323477030185,1060.8868825074132,825.7748210704098,54.24957080833072,1720.0476805152982,2596.0521582015867,2472495.953569554,2779419.5790750664,1080271.4504113998,0.010294906029605977,0.0010897369928616323,9095245.527448183,66.88821022868703,0.03198047795915769,0.19587823106460792,0.20858445917801868,0.4842924595766934,False,0.0,True
12.356553743500827,1472.8416502064686,0.2343756817553504,10.36228575825845,3.639899431439039,1.1545094586681135,0.9089315943565432,361.0138887292488,0.7935249009034018,63.52903522419755,0.4797569681145387,0.5286630067488384,27141.00000000347,20.42382315402899,0.1657214190398529,1.354871288492138,248.660000000516,513.137047787669,1132.414604221725,843.8977487360457,108.03442376416942,2019.087236485543,2679.2936631256166,2788490.7357487227,3105222.1993043865,1046653.9386556437,0.013001082815890052,0.0013473598502820056,9209188.31525108,107.34561301423618,0.06700352566670996,0.18357578133374375,0.20919077974759295,0.46739157434465933,False,0.0,True
12.356553743500827,1472.8416502064686,0.2251936398401227,10.36228575825845,3.2336326383889795,1.1545094586681135,0.9344734164328401,361.0138887292488,0.7913051292613912,63.17089614418957,0.4779852509083828,0.49324746192980956,27141.000000000095,20.496924281816792,0.17669802682207383,1.0695795112395368,248.660000000516,513.788328225918,1069.1079123329948,841.5465350719663,104.15856247354182,1913.685885801487,2668.700867411142,2787951.120524045,3135243.864405174,1072722.839611766,0.01205677285955011,0.0013304565046868976,9202900.528537339,88.49699120572457,0.06708615398545974,0.18493639472433698,0.2092638982539354,0.46914321987713575,False,0.0,True
12.238932843685573,1356.4348730141064,0.4948758538318526,6.283008777692849,2.7431987052870648,1.188390392150203,0.7501724132979928,356.5580261948554,0.7561824728499275,50.467768455716964,0.4682643243033018,0.46286108900716916,27141.00000000021,17.145671826993226,0.17776108938435978,1.2961236443708726,248.660000000516,480.513039497442,1008.4889955485432,757.5961342851924,74.89015871779286,1813.853759916479,2643.531321510774,2320412.8426351086,2601297.0856847838,902375.3398889005,0.011668343255182788,0.0008941695615608883,9087997.838828553,85.83353176219323,0.037553170067931366,0.16752479470745688,0.23376453947264597,0.41746635267477605,False,0.0,True
14.710585153604713,1383.9847414653473,0.14958004765610752,10.9990222983129,3.5497539699387812,1.3066591517562578,0.7998219094784991,363.5187499341367,1.1432930931621392,41.20366082009777,0.5151367461013442,0.9013327845495306,27141.00000000005,21.418274019026565,0.17941750714532947,0.7601378619686486,248.660000000516,561.0662921764945,1151.2243549111931,964.2904108928144,132.6724282597635,2160.5962735712837,2771.4463673405257,3362524.3915321305,3777228.9596067024,1454464.4418733083,0.022725269773025556,0.001737803332433298,9110321.910802368,83.68317420702449,0.05146918577984991,0.22889670736345308,0.1367946378065792,0.625928697484008,False,0.0,True
25.821386700408336,1586.6610278915664,0.3250376518337955,6.107500868600109,2.4905748099402074,1.246838271599231,0.9592388395417332,364.1241663112727,0.5016595242000679,67.282553057463,0.5123004001647584,0.7653145268811847,27141.000000000007,25.286054141065563,0.17179507598734717,0.00596001370074563,248.660000000516,592.3544922390699,1084.169576084136,1126.9197253186824,109.57100135750125,1739.9066535978482,2660.9179668647903,2805093.9774668324,3190671.036182994,1542017.9546654206,0.01554906209565508,0.005222339478427164,9122017.454961628,95.4459797298247,0.10774756134703257,0.2396534168380717,0.12738352682207257,0.6529408578008904,False,0.0,True
18.838085614968467,1348.9464444065748,0.4948758538318526,6.24296847756434,2.7431987052870648,1.188390392150203,0.7501724132979928,356.5580261948554,0.7561824728499275,50.510974436614376,0.49950677727964066,0.6443747570217394,27141.000000011038,18.493850109537757,0.16357482502991902,0.813802183151509,248.660000000516,534.2898718905177,1050.8131516226385,864.9925084533505,108.01821533105037,1867.890867951199,2689.0840244690853,2685925.5575209865,2991412.807811328,1160193.7206745185,0.01609306151244998,0.001395913767884162,9013336.013503555,109.25342116034471,0.038878596860620646,0.19740578458519437,0.17863861272380682,0.5249533991141561,False,0.0,True
12.36385258694077,1538.2127434258348,0.3720679606847676,10.23741401028155,2.93492080906283,1.5855718597063424,0.5841103254817529,346.205555528986,0.8037020438039403,72.8323158538596,0.49617408432463084,0.6078514370182755,27140.999999999964,22.39841117506013,0.185885766304684,0.7315910319137894,248.660000000516,512.826248375502,1036.0963353805205,894.5643322914528,133.54349084682624,1921.0458397626826,2757.4080539354454,2472122.4272525427,2848568.6684017465,1246348.6852429658,0.014558420991800455,0.0019392748603125408,9163134.184154829,75.68407630777811,0.08925839646871574,0.18431252183221414,0.19503000423936132,0.4858736080579521,False,0.0,True
14.921983742669289,1383.9847414653473,0.14958004765610752,11.9137303518406,3.5497539699387812,1.2669660821159525,0.7998219094784991,363.5206954386448,1.1432930931621392,41.99646335214979,0.5133465008633427,0.8684808691245589,27141.000000000036,21.330959833345975,0.1764486062343374,0.7994054117307701,248.660000000516,563.357948794332,1139.019781100333,948.5509502229735,142.73972312757624,2160.0814688241894,2774.3653168402275,3377635.838294687,3801416.5691719134,1447814.2773269513,0.021917906333416694,0.0016535329354929922,9110021.650434108,87.97587385983678,0.05117310423510944,0.22477706237528658,0.14217045632144185,0.6125591560711938,False,0.0,True
16.66534684201065,1401.5174007036405,0.4760343535256756,6.966684544129281,2.7170009734648923,1.5152155306720014,0.6276398079196313,349.59576269933314,0.6198254811122966,62.18250117432078,0.5099749225084758,0.7388020273827377,27140.99999999992,20.40664030470939,0.18557126300190943,0.5022181439049146,248.660000000516,536.8658933277679,1063.648225758762,947.3729008701464,113.96723379516632,1881.1592665073833,2717.8019194997487,2592728.3679761654,2962162.5227044825,1415020.8347216086,0.01804230568949659,0.002009520135698233,9027863.145530522,74.94655470776569,0.05627608221580445,0.2149801835938194,0.15351273494486636,0.5834038397436665,False,0.0,True
12.30067288961233,1537.3986942836264,0.3720679606847676,10.495726024118289,2.7166355099944166,1.585723178614216,0.6328158181259129,346.205555528986,0.8222032919713607,67.35606709362169,0.493924625380622,0.6054152784238995,27141.000000010485,22.37497784313785,0.1913198991851936,0.6335979818193308,248.660000000516,508.20782112568276,993.4504910828232,876.929542225175,137.02024189122147,1890.6426228369696,2765.0633030637487,2418255.0827689045,2813363.344456711,1241992.5267633991,0.014624360742501855,0.00180721532920755,9155614.826503081,69.35950110347886,0.08836966059344213,0.1810194026089615,0.20000477966649835,0.4750863882914766,False,0.0,True
12.302218302507447,1572.3762507493034,0.3720679606847676,10.495726024118289,2.715747924456174,1.5917921193119837,0.632801316715384,346.205555528986,0.8224949412322776,73.12166211363005,0.49234227899731936,0.5723744197303701,27141.000000010572,22.88148763760289,0.19065378533240201,0.6108441610038425,248.660000000516,508.2260281822236,998.8496167980799,886.9856538732871,132.78552257247867,1854.0263097538116,2750.083999816779,2365636.0861988612,2758275.1704992196,1222087.6172171463,0.013557899417241918,0.0019769147086661078,9175258.691105245,70.23941689445941,0.09695080030485428,0.17962414036321628,0.2026881103426684,0.46983621380577284,False,0.0,True
12.302218302507447,1569.7894496518527,0.3720679606847676,10.495726024118289,2.715747924456174,1.5917921193119837,0.632801316715384,346.205555528986,0.8224949412322776,67.35606709362169,0.49250286159244033,0.6016312971043372,27141.000000000036,22.846182511297933,0.1899308469000304,0.6254866238058859,248.660000000516,508.2260281822236,993.7342478362996,880.8258278417592,136.9995726416654,1890.0436204295377,2764.7917756563556,2373940.9103948725,2763928.972843418,1226610.946488081,0.014406088727679522,0.0019227863070293131,9173666.498125752,71.03220727424258,0.0963277209134685,0.17826962171003946,0.20391251646987282,0.4664519973618417,False,0.0,True
16.078631641087867,1430.5209356130426,0.29171939549501597,9.935813299314113,2.5393513694889194,0.9797235527417508,0.8821670673563072,361.6056360073021,0.515664981412999,52.1753074878129,0.47998135631385014,0.5673321920268432,27140.999999989966,19.86600488354924,0.17380443766005377,0.7391315388772739,248.660000000516,539.2268125903512,943.7108848632527,802.1953828047233,137.67905950188245,1843.0021566102164,2740.268505801332,2894949.44003525,3271636.317219066,1114743.3521244884,0.014280200659706416,0.0011177623640884428,9140337.541014917,92.3588524631712,0.057176609432954606,0.1780496862707702,0.21394908180429267,0.45420981077337447,False,0.0,True
18.40139333956064,1439.9470406358564,0.2923934385500579,6.441453266750023,3.347127026350094,1.1695673169965093,0.14251833776584466,350.16660793658673,2.998507056892462,39.74094766393101,0.5155300396005568,1.1404728400532633,27140.999999999978,21.784573249180156,0.17493265201466285,0.5261498802707928,248.660000000516,619.8348114474492,1205.7958287773463,1066.0741842325178,114.5930026164869,2210.0988877308077,2823.2187993154726,3295624.5499316226,3653272.6567046503,1617731.8742569275,0.02808919025250105,0.002864383099384548,9115157.778321348,90.3338305944005,0.07078319311220178,0.24492000467536015,0.12007318060011535,0.671026239820091,False,0.0,True
12.294919459067504,1569.6935552242426,0.22495606673997026,10.36228575825845,3.2244104082838434,1.1607296782673306,0.9033795205622538,365.8943589337829,0.5129164716402154,57.028694817243434,0.4727666112293748,0.5292771119731096,27141.000000000022,21.788576262565304,0.17273068809336029,1.0525825482829338,248.660000000516,514.6112607536514,1067.1349408325773,849.9657242363955,103.44860952964083,1939.2086060219697,2688.9878629624527,2643261.7524421755,2976046.6555706183,1023345.6524753356,0.012782137625029336,0.0015829724710328438,9253377.190695325,95.25562548362785,0.08950466221545846,0.17539719326801945,0.223355967507393,0.4398640826493848,False,0.0,True
12.294919459067504,1529.2577618893617,0.23413810865519796,10.36228575825845,3.630677201333903,1.1607296782673306,0.9495380518377524,365.8943589337829,0.6490401003873427,57.386833897251385,0.47577795386364363,0.5409400625828914,27140.99999999986,21.160685646292606,0.1642003730648755,1.327581767767859,248.660000000516,510.50325073733956,1135.8101511616753,851.7133504711173,102.24772366088017,2027.581207878681,2680.32757524974,2688592.442341872,2998745.496744396,1009399.2031899458,0.013170966353834468,0.0015106878847277107,9239378.79057217,110.71825460630481,0.079819010096882,0.17909755146377798,0.2170843001620024,0.4520589490125038,False,0.0,True
12.294919459067504,1529.2577618893617,0.23413810865519796,10.36228575825845,3.630677201333903,1.1607296782673306,0.9495380518377524,365.8943589337829,0.5899415284660166,57.386833897251385,0.4758652123483375,0.5514038152226658,27141.000000009917,21.158704788440858,0.16371725041649338,1.3415167137927124,248.660000000516,510.50325073733956,1132.4943831309884,848.3388093968795,104.5564018781099,2034.003174337231,2688.9999049744647,2689575.1020865496,2998122.6549683125,1006922.2272491227,0.013474609883703477,0.0014910410652603655,9240058.07351102,111.70953682471705,0.07981812207825216,0.17804761255382828,0.21806682161044647,0.44948529313119956,False,0.0,True
12.294919459067504,1522.3263340719795,0.23413810865519796,8.288874102340634,3.630677201333903,1.1607296782673306,0.9495380518377524,365.8943589337829,0.9771905929245275,56.863096320716274,0.4757062511191857,0.5361467589736649,27140.99999999055,21.07852873025073,0.1713770135303039,1.1532990527826583,248.660000000516,510.50325073733956,1182.5330913966197,899.5700358172384,75.97584998166438,2006.465500731716,2632.844537286853,2687723.6080455356,2991686.360533625,1042090.874396462,0.012756299202304054,0.0017952599829951196,9232904.199959874,97.3149345892842,0.07824344193900391,0.19431364990800656,0.2018906673145091,0.49043799237269897,False,0.0,True
12.867295222076422,1472.8416502064686,0.2343756817553504,10.36228575825845,2.7406501024817223,1.035579017982054,0.9089315943565432,356.4689443216644,0.5130536565936767,63.52903522419755,0.46823610776924207,0.524666947616387,27141.000000001157,20.039533046908566,0.17994965992653966,0.951439193084066,248.660000000516,518.7258151380951,955.6927539091243,780.7505108812053,127.0099829503966,1870.1141475048812,2740.0328150137084,2762991.4036021233,3122307.616317224,1055812.869419932,0.0131900712728138,0.001049914352443167,9199911.69402513,83.75860680940823,0.0658002518141506,0.16984494397244973,0.23241178753341454,0.42223020939047645,False,0.0,True
14.781195568535239,1383.9847414653473,0.14900726811092516,10.904554473136548,3.365971195186582,1.3066591517562578,0.7881387644613984,360.99434872771513,1.1592298262839054,37.90177093825011,0.5147430908978178,0.9132453521126449,27141.00000000005,21.459754709698245,0.18188021024371345,0.7034321935890052,248.660000000516,562.3426601237802,1109.8209843080613,946.0121409370169,145.62970092654595,2163.8871729841,2806.001639824894,3358796.2814835683,3779740.9692468694,1468067.5194900748,0.02314206417481149,0.0016443279268778543,9106542.191137575,80.2963932885194,0.051588645857037506,0.22385700326005822,0.14209039423425235,0.6117190743610591,False,0.0,True
22.011160619476392,1565.7240633778613,0.2216541336969503,6.323102494251065,2.9765470100388267,1.2148097345919033,0.9832916773126884,363.801553398989,0.5227445167192115,73.71243656548951,0.5112032215935943,0.8257468435122953,27141.000000000022,25.05014913470454,0.17543204987289632,0.14808501325536383,248.660000000516,597.912787861533,1170.7372294112736,1157.6589874046208,98.55009950932809,1861.6366313668377,2664.7274573531754,3065959.1486271387,3443934.368253191,1580286.8678505933,0.017315097216562107,0.005096497863205122,9156994.331231074,89.97565320311006,0.10252484840739329,0.2532320288011448,0.11501748307143043,0.6876642619658658,False,0.0,True
21.095006135814785,1348.9464444065748,0.4948758538318526,5.001256216010936,2.595974311448499,1.0351768205170413,0.33821866328934413,356.5580261948554,0.7450120531309198,78.49058659660164,0.4971934191602524,0.6628529748917257,27141.00000000008,18.25058034395952,0.18518587594038,0.38099145433310166,248.660000000516,611.2402676897287,1115.4597310860302,1008.9386976130186,77.4229736572882,1754.5057333471245,2638.9727593312978,3005479.4930895637,3372213.0426288014,1571627.2526869224,0.015843036334889857,0.0021474562566465207,9021536.900929466,75.36259188911497,0.04225498824736593,0.2484595664177374,0.12943588053507493,0.6574822968130719,False,0.0,True
21.095006135814785,1328.7334999256116,0.4948758538318526,5.001256216010936,2.595974311448499,1.0351768205170413,0.33821866328934413,356.5580261948554,0.5217834753564545,78.49058659660164,0.4987852283112649,0.7143826583419645,27141.00000000005,17.93694560737005,0.18472516346749404,0.4108180119855819,248.660000000516,611.2402676897287,1108.4389220160722,994.344931807541,82.13942948457208,1778.7634115400338,2661.3749930274244,3054214.996461211,3419333.35978333,1581521.1117284065,0.01742882032773354,0.0019602394023257546,9007543.379602026,75.81009844528377,0.03665530435631945,0.24723480722745028,0.12943868088030996,0.6563637076488918,False,0.0,True
12.365397999835885,1570.6034987272471,0.25809037152306624,10.23741401028155,2.934033223524588,1.59164080040411,0.584095824071224,346.205555528986,0.6009024174442141,72.8323158538596,0.4980647339164484,0.701463881216556,27140.99999997719,23.726501662299437,0.1943850331111722,0.5361745145653873,248.660000000516,526.3277278071957,1042.7812217409219,939.7671952236394,138.80862346541903,1976.5200567516397,2793.7032022687767,2606161.845311133,3012374.509079798,1390122.8758357381,0.016701500952645356,0.0023369302474371884,9177231.329885488,66.28604194397899,0.09971067302424294,0.19654044974969698,0.1815511766393811,0.5198222759565839,False,0.0,True
10.964718284612706,1424.2817936737424,0.3720679606847676,10.23741401028155,2.93492080906283,1.5855718597063424,0.5841103254817529,346.205555528986,0.5438225905544918,77.27192372179604,0.4939346323263945,0.6101093654050042,27141.000000020365,20.284619116403757,0.19663690986166818,0.8600782253324908,248.660000000516,496.4520478186877,1019.9349928442293,851.1184417250313,126.41108184473339,1929.7480505047347,2762.750174977593,2566169.752684082,2953931.6055713175,1256446.6454553828,0.015209049038921504,0.0013499292475481397,9106371.095519897,63.54027633480854,0.05885629019736731,0.1886207406811747,0.1922802849102526,0.49519620060959973,False,0.0,True
16.45298513969115,1584.900012403887,0.3720679606847676,10.495726024118289,3.1665809688036908,1.2128526434760523,0.5323465618152199,346.205555528986,3.6989692143849284,58.082853761617145,0.49453473727926517,0.6536266052622276,27140.99999998768,22.7226615572077,0.1583435951174453,0.8537848383189194,248.660000000516,559.2404479354113,1100.1154642828171,922.7821353690576,128.74017690435147,2013.9643882588248,2696.543098893803,2633996.5545878853,2981560.5803374816,1161836.4627837017,0.015377455627662675,0.002362624065751393,9208552.555612253,123.05201917592235,0.10048824309988767,0.18321372672575958,0.1974573068237372,0.48129148419152623,False,0.0,True
10.502330499956374,1540.4908948661728,0.14710091250397347,9.17310154935086,3.912500492594229,1.673864128360784,0.4370129742715968,351.8214932294423,0.8037020438039403,72.8323158538596,0.503291323215863,0.7716979687059858,27140.99999999455,23.465333120615025,0.19197888157537374,0.8614664724056356,248.660000000516,518.9143581805184,1226.16095579943,1012.3783404894808,98.38295363823384,2109.0339174129917,2717.4809545317066,2848011.263864306,3208652.0160906315,1380444.595236213,0.018176941000834872,0.0027677135678100865,9194151.772455145,68.93664982146075,0.09239254706327629,0.21859398307563738,0.15587812468197365,0.5837390250093855,False,0.0,True
18.12436150077144,1348.9464444065748,0.4948758538318526,4.879865338980592,2.595974311448499,0.9441176638595422,0.33821866328934413,356.5580261948554,0.5342476500495901,78.49058659660164,0.48047302980406775,0.5987878546503218,27141.000000000444,17.27150428604117,0.18384035165320564,0.6208973742203933,248.660000000516,585.4978575227403,1083.839467427906,924.794443279918,70.37208250891514,1754.1654948846246,2639.6501143353353,2869288.991005995,3200173.719873594,1340519.9131070478,0.014609186868986388,0.0016425142940782627,9068221.141970295,77.42807342065079,0.040081726076311365,0.2230286820211653,0.16806823401781718,0.5702644865625455,False,0.0,True
12.294919459067504,1569.6935552242426,0.22108135415176133,6.107500868600109,3.201603472952064,1.250566892543909,0.9631312191304514,361.5560501898421,0.5016595242000679,67.282553057463,0.4777118272432506,0.5863717254415871,27141.000000009117,22.276598740855402,0.1906648281650826,0.6924255213891148,248.660000000516,512.638796511463,1140.9721479903612,961.6510545200625,63.93547055806575,1885.2249388611508,2628.533911088827,2620748.1216981346,2937554.8862593155,1148922.2447033487,0.013468513721669408,0.002446201278546054,9236772.769332042,70.69804062617922,0.0909532366689794,0.20678955892590356,0.1877977449762928,0.5240654143731879,False,0.0,True
16.078631641087867,1430.5209356130426,0.29171939549501597,10.612794753686485,2.5393513694889194,0.9265537016074642,0.8820741192753956,361.615398377868,0.515664981412999,52.305971765416764,0.47351958370790015,0.5563607935237017,27140.999999989646,19.555965086626856,0.1721222048729858,0.7930751857783271,248.660000000516,539.2338805672006,930.156183372378,786.593014641964,147.4592545232066,1849.747450023335,2750.361413117419,2936387.939037375,3319884.728774231,1108997.8978713565,0.014052908349946536,0.0010472799470744917,9142904.842775973,95.12011671379624,0.057173721994472876,0.17529784479165508,0.22199437546063547,0.44123150632130814,False,0.0,True
22.011160619476392,1573.8960495476038,0.22108135415176133,6.107500868600109,3.201603472952064,1.250566892543909,0.9631312191304514,361.5560501898421,0.5016595242000679,73.04814807712778,0.5143268644319618,0.9139736458986728,27140.99999999995,25.311338113384096,0.1701619163959947,0.2184885986760498,248.660000000516,599.5107757725862,1211.1778059493683,1172.6330534383596,102.59301085122476,1942.412313352365,2685.0211518422584,3076385.9509312194,3433793.3631449537,1593514.768515829,0.019352921911546764,0.005453236811789068,9164553.85087663,98.67862749026811,0.10591240403057448,0.25409334306798537,0.11195698604564902,0.6941486535014321,False,0.0,True
14.781195568535239,1383.9847414653473,0.14958004765610752,10.953575271281448,2.983270541021879,1.3066591517562578,0.7881387644613984,363.5187499341367,1.1679942913493386,38.572669117884125,0.5107695161049305,0.8625491047344921,27140.999999987856,21.509974103484065,0.19546688717363264,0.4703733089114032,248.660000000516,562.2242759004725,1064.6202156265729,954.3269967732967,128.3131811878966,2022.362943825041,2756.832517459833,3294989.012006675,3766922.9499464147,1517243.2373066973,0.02172636540009889,0.0016840798514894848,9089122.767084498,64.56560961300686,0.051597058610960166,0.22934019841739792,0.13934727023250995,0.6220450053732935,False,0.0,True
11.928363212170947,1279.7086330919892,0.0946228942920716,10.363030655530661,3.639899431439039,1.1545094586681135,0.9089315943565432,361.2129616639162,0.7391699578294707,63.52903522419755,0.4977022531006324,0.7097254141549281,27141.00000000005,18.48818233770431,0.19413499101674966,1.0398772378267442,248.660000000516,537.0631263302611,1150.0972920268623,891.679936299561,103.00499712129448,2049.4620674034823,2704.6550558722433,3502950.3313030535,3910207.3390631247,1371551.2222263217,0.01822983491964068,0.0010328225459382606,9108547.57792741,66.04448351198627,0.020970394696057607,0.2329722362835538,0.14572290000072655,0.615197328831457,False,0.0,True
10.49669333311281,1424.2817936737424,0.3720679606847676,10.23741401028155,2.93492080906283,1.582791881800405,0.5841103254817529,349.2986283300132,0.5139792047146141,67.57031192103388,0.49112660776623457,0.6150349676499746,27141.000000009728,20.07322378122353,0.19727934685166473,0.9276796231941846,248.660000000516,490.64353585772614,1011.8187008893767,834.7582658691858,121.80049763301389,1942.7102609855672,2757.4344615198547,2543844.9773197277,2924255.019531432,1204064.8087295527,0.01542936611969215,0.0012632979373017946,9117399.146898545,62.99774159779048,0.058232858701710334,0.1838318264072308,0.19929271473004795,0.47982263381389956,False,0.0,True
12.36385258694077,1156.9838920185857,0.4199371110183133,7.590985754916412,2.728674724894612,1.0842676712975745,0.7817298762106526,340.4535653280822,0.8037020438039403,72.8323158538596,0.4758330127302992,0.6056127857619897,27140.999999999964,14.26775762974616,0.190324251526878,1.36160349224674,248.660000000516,489.4869463399646,969.4933275633548,721.4729751310276,103.87352766234237,1872.1845632465001,2723.5849033947165,2931285.2578387917,3272373.368257803,1126514.6053891322,0.01590745951285396,0.0005294771055121842,8977614.849538695,69.08399673430074,0.0,0.1925571630910691,0.20211852291455315,0.4878870675816753,False,0.0,True
10.22466876229548,1555.3221387178635,0.10638998361942668,6.921013253094488,3.607856291562964,0.9029567191903765,0.6888510023190304,360.1184637579339,0.8636912063668825,62.43974333697524,0.43620601909897533,0.6038467983726451,27141.000000000924,19.686454231597605,0.18450774189123959,1.2867227546973226,248.660000000516,514.5455640954631,1163.863223814729,862.3741803305433,63.00304594099672,2022.642423083664,2655.960981659639,2836969.1359653412,3132428.262709973,1020142.6366305551,0.014860700110730748,0.0015283058439017707,9301704.387209207,78.56292220520541,0.08325580575072927,0.19406169063368775,0.23825353711560232,0.44888932468099124,False,0.0,True
10.054469435143819,1416.722717163738,0.442758716472409,6.650163806842311,4.335433549895217,1.015107501600697,0.5271850530194673,349.59576269933314,0.7104003460702386,63.95580315322668,0.4406618103762336,0.6043485002959136,27141.000000000007,16.63807573861859,0.14424689999500862,3.2205577427760383,248.660000000516,482.80156443391655,1238.770274699912,715.1263014385727,85.7494422048633,2276.9800617656006,2753.807654844729,2192650.006745321,2393724.284101275,820947.8716468634,0.015615454752251685,0.0007871678942797083,9201033.829592798,162.63575825905627,0.049883057967519386,0.1481841095526679,0.2786531346741311,0.3471677121828914,False,0.0,True
26.915672502206213,1406.8167259979682,0.3167370063112105,5.4044938684064885,3.47701294366141,0.9377543011655339,0.9482991740726651,332.06941143123515,3.2575419989250496,61.87450939941247,0.5132732847842546,1.0477091871570983,27141.000000000444,21.242865687260508,0.14096500176638793,0.6435249696157489,248.660000000516,602.6275789897315,1219.516831990782,1030.8946878476934,141.8934013118236,2194.4206759629683,2803.990429726593,3403159.78358283,3689023.2312308,1448581.0510752574,0.02593444029970671,0.0025014347489245568,9065507.134057911,171.6947744517555,0.05671739433145629,0.24200782673946372,0.12423416271279016,0.6607866757752355,False,0.0,True
20.405400754885072,1374.0337398576432,0.4371003081212149,7.848509051318803,2.6516023549342758,0.9940593972250236,0.1931522177569553,368.85118963322554,0.606793499127831,22.198519180029933,0.5018377475454885,0.9444361252883033,27140.999999999905,18.917254586035106,0.17305881697646394,0.5953152901948587,248.660000000516,628.874294634754,1053.7187445435873,925.5455599039517,142.01590414960395,2061.311155938634,2851.794056340501,3186788.007485025,3582133.853997841,1482566.676411402,0.023898721198723473,0.0017342196777262757,9082096.453823814,92.96164391862429,0.05002168190957035,0.21233546811522727,0.16232368284863952,0.5667430451624161,False,0.0,True
20.602411968036733,1405.4806993971747,0.4371003081212149,6.353899289162521,2.6423364104619456,0.9738897625442808,0.19360000296067803,350.16660793658673,0.6691042912759801,25.335616421165234,0.4957925382226118,0.9189039367858418,27140.999999999804,19.351252465021478,0.17334235907590181,0.540222686348924,248.660000000516,630.6040684544292,1056.4314924527118,939.8294741706234,146.0785259733527,2127.4458050844573,2896.1520850997995,3139094.432500777,3498448.1430540504,1592502.2766813645,0.023008690442747365,0.0019312813055569872,9088902.35520188,92.57552985768228,0.058855135867068496,0.21448829729128788,0.16469680926194302,0.5656559120714766,False,0.0,True
18.838085614968467,1348.9464444065748,0.4948758538318526,6.24296847756434,2.2993867513634423,1.188390392150203,0.7404508936866183,340.1177517494305,0.7604344885429415,50.510974436614376,0.4938649889218113,0.7405206224382967,27140.99999999992,18.582402738489474,0.17912525540097382,0.5065817411207864,248.660000000516,535.6578382331024,963.3832272598186,853.375270770479,124.56608023542474,1854.4756283235045,2753.4404932420066,2635126.8104775795,2982247.9433482895,1323321.306837921,0.018760043970305968,0.0013384262432917875,8981857.37977519,82.90764206596883,0.03898429443294513,0.19830948971411613,0.1819362074011512,0.5215298719185789,False,0.0,True
16.34473426396753,1331.6358679698237,0.469240945928367,6.979008274467304,3.1716332520921324,1.0919052187715244,0.42659871216679357,331.56781766704773,3.6500594751090834,61.95845742180885,0.4950335594714373,0.8055938697843064,27141.00000000037,17.615796367858422,0.1622633969865143,1.235403163206868,248.660000000516,559.5941871502698,1107.0063461688296,849.714668161244,114.95431070806359,2086.4523719068966,2776.771613444199,2838030.0399919734,3138215.412966847,1203348.8513541273,0.02063693183754767,0.001227691382268486,9071409.188894909,112.64500617553408,0.035000129530519015,0.1939258179098382,0.18580486772172758,0.510693039166171,False,0.0,True
21.46016956617217,1405.4806993971747,0.4423186774500232,6.353899289162521,2.6833178417402688,0.9738897625442808,0.8487424245038846,361.27272080472846,0.6950719306990438,30.214774157320328,0.49131345846979,0.7390434927498541,27140.999999999935,19.27721800511077,0.14922425522381658,0.840862223638817,248.660000000516,548.553377373377,1019.6729471693604,838.7922749872234,133.65968947165862,1952.6359111051338,2762.42839853001,2766520.9432382984,3048622.2987464974,1070089.8969161399,0.018681020562977477,0.001377358873746269,9068778.668576641,144.7869499912117,0.05182644968654697,0.18290796274057794,0.19948968085354432,0.4783187496173927,False,0.0,True
20.380232549281118,1462.5303463011328,0.28442899535235777,9.677954899702653,3.0280667238598453,0.9718670309048598,0.37792417932809985,370.467005073763,2.8288975643405623,58.65217197578671,0.48955727159152135,0.6483702187443615,27141.000000000007,21.818858024815544,0.18873476312570442,0.16946460724931556,248.660000000516,619.3109467975037,1209.313468940906,1171.1219013628554,140.9113259048999,1892.0927364061226,2610.3138397595308,3278208.38456551,3804388.547612286,1778817.9207967548,0.013750140844609024,0.003847275262331696,9059951.98718587,71.49391372543565,0.07317187796787877,0.2887184927352276,0.09524081595586116,0.7519507567597837,False,0.0,True
12.294919459067504,1453.815803708672,0.22495606673997026,10.36228575825845,3.7125587153482833,1.1607296782673306,0.8658320005631636,365.8943589337829,0.5129164716402154,57.028694817243434,0.482640213320011,0.6151438756279763,27141.000000001754,20.248895560049085,0.1665209612016931,1.3712074385565274,248.660000000516,516.3742917324569,1145.107670925783,850.0747606752976,108.81605747556762,2073.907120199112,2710.8689946536647,2853665.1139027197,3173491.7187044816,1069786.4356684322,0.015361378349323674,0.0013342415790963107,9201197.842786575,105.714976750633,0.06293669984942607,0.18748113345953155,0.20293963362004994,0.48020276908404386,False,0.0,True
21.46016956617217,1405.4806993971747,0.4371003081212149,6.353899289162521,2.6858376280392005,0.9738897625442808,0.9744114718901885,361.27272080472846,0.6671743075146087,25.335616421165234,0.48976315019992034,0.729218356973515,27140.99999999995,19.311531348857137,0.1451226673421623,0.9073053543853974,248.660000000516,532.566396934439,1005.7961525659097,814.6963378729606,140.63316188727075,1964.528647840427,2774.104387165424,2703409.264738152,2971967.324327958,1006208.4864371587,0.018534788136887262,0.001256927289730873,9062558.35162817,157.30551053818905,0.05065572215792055,0.176403423253879,0.20715336704719198,0.45991474460773335,False,0.0,True
20.380232549281118,1462.5303463011328,0.2843456407013233,9.677954899702653,3.0280667238598453,0.9526118947538234,0.4630342541828507,370.467005073763,2.8288975643405623,58.65217197578671,0.4878961905233907,0.6165315807747742,27141.000000000065,21.664237088846143,0.186316036359883,0.2000101163004652,248.660000000516,611.9998571423002,1202.2943025988413,1151.884958931817,140.41839408428334,1886.6946824996521,2603.9702164532605,3261652.743758165,3774307.028704124,1715361.0344437673,0.013042650533117546,0.0036906331006906438,9067510.981804496,74.37658904827437,0.0723143875686128,0.28328891365312464,0.10199089249029919,0.7352809805652462,False,0.0,True
16.17283895261302,1439.9470406358564,0.29352241974228527,6.441453266750023,3.347127026350094,1.1695673169965093,0.14251833776584466,350.16660793658673,3.5932737329996782,39.74094766393101,0.5079934041263758,1.0955292225890687,27140.999999999964,21.207594272711482,0.1790090210442284,0.6393206417065044,248.660000000516,596.1215548518397,1192.5477072780889,1023.692214731774,100.62686331314458,2186.0697862251573,2801.889380685807,3148405.6612461265,3494388.0196730047,1486096.3542397674,0.027244299228814828,0.0024894594014750436,9133607.277577195,84.47271608384888,0.06789489840391277,0.23393592630809115,0.1365514898510214,0.6314274550356742,False,0.0,True
16.17283895261302,1439.9470406358564,0.37223657653886605,6.4412792871997055,2.6423364104619456,1.1188427157697733,0.0015471417192135517,350.16660793658673,1.1939357896982101,26.655222142054438,0.4962129357439227,0.9649883158539623,27141.000000011954,20.374578308840068,0.19416161843735802,0.44712404203181666,248.660000000516,607.7994547922438,1056.2110637220521,959.8371876076131,116.1845170784524,2083.3630824360525,2855.609925989429,2999951.9931868576,3383732.7894283216,1583970.0106191626,0.024104228847219095,0.0020865190333848285,9122188.52016637,66.11618251479457,0.06821001121016709,0.21735765761375808,0.1617457616459372,0.5733466029882012,False,0.0,True
16.090974468165875,1439.9470406358564,0.37223657653886605,6.418256052547312,2.6423364104619456,1.1188427157697733,0.1939839485460151,350.21994614141903,2.6720322229797353,26.655222142054438,0.49518653126630763,0.9491354093145233,27141.00000000011,20.274768179221915,0.18929746984290907,0.511421545156998,248.660000000516,588.4082805735205,1046.1888227258507,934.2615373451458,111.36392483194456,2050.542432822506,2831.2172948991674,2923521.9148709504,3287609.078192437,1429187.5135764359,0.023845381299545814,0.0019151028446597667,9129814.981705975,71.40463866955525,0.06603741383354372,0.20908737689664786,0.17082408139317903,0.5503581751333735,False,0.0,True
18.838085614968467,1348.9464444065748,0.4948758538318526,6.24296847756434,2.2993867513634423,1.188390392150203,0.7404508936866183,340.1177517494305,0.5934408150698205,52.36332029584422,0.49343679895441156,0.7412781919569235,27141.000000000065,18.59018984104359,0.17954063322079342,0.4990250561547382,248.660000000516,535.6578382331024,963.8108979333458,854.979792517205,125.45574553362671,1858.4210453680387,2756.3439394930247,2632774.6538521065,2981321.979723195,1339869.9051926737,0.018773791503792284,0.0013452399041106258,8978952.335145304,82.30690769123284,0.03898601460829976,0.19922995561499987,0.18133798040632662,0.5235069399116044,False,0.0,True
16.17283895261302,1439.9470406358564,0.37223657653886605,6.435363709990211,2.6423364104619456,1.1188427157697733,0.14251833776584466,350.16660793658673,0.6198254811122966,26.655222142054438,0.4941159083744332,0.9276615495606646,27141.00000000024,20.35038309270668,0.19099845855670908,0.48019920423266005,248.660000000516,594.2516998181707,1045.6631599371915,941.5513306651293,118.99029839032146,2079.6142146939947,2856.3294030958573,2942445.2685915246,3314155.8929791814,1538419.1167589528,0.02321575708846212,0.0019619050281641038,9115562.744719608,69.40532221265403,0.06669006653748173,0.21274159992123137,0.1679252096537001,0.5588656393731504,False,0.0,True
13.384566497087578,1576.3374086902268,0.22108135415176133,6.776737118732615,3.201603472952064,1.250566892543909,0.9631312191304514,355.66446906614124,0.5056983636255709,67.282553057463,0.48516754041923865,0.6753863929377136,27141.000000000036,22.80731361980401,0.18059327025050664,0.7228901205127997,248.660000000516,524.4011063248478,1117.4458717781868,944.4963871025682,85.84229750733319,1949.1465879214009,2688.0103966828087,2694872.038747809,3007942.295842303,1171410.110454272,0.01598644266617199,0.002344219424550523,9235263.592411067,83.1847058381019,0.09414487941519781,0.19860479009010007,0.18992736297304014,0.5111669356688349,False,0.0,True
16.031234915550467,1401.5174007036405,0.4760343535256756,6.966684544129281,3.1678340178115567,1.015107501600697,0.5271850530194673,349.59576269933314,0.6198254811122966,63.95580315322668,0.47939112461724237,0.6209328076513623,27141.00000000011,18.08782260836899,0.15106933233319514,1.4889023717176457,248.660000000516,543.7481231898832,1084.578565139514,802.0192605081374,119.13214616630677,2026.1852322545021,2754.422020668914,2558875.582913019,2821173.105165893,1035124.3432401395,0.01568998422972008,0.0011627531027456083,9124163.794647632,140.39867866297377,0.050646354458998344,0.16966345887778125,0.22249289666719604,0.4326423797008236,False,0.0,True
21.095006135814785,1414.2984168145033,0.49712459230476047,4.999632101989043,2.595974311448499,0.9205819238692259,0.33821866328934413,356.5580261948554,0.7450120531309198,78.30044659741182,0.48372635196983577,0.6250523609899735,27140.999999999833,18.557590257175722,0.17529083753244032,0.48470355956593725,248.660000000516,611.0659154003457,1102.036651625373,978.8895794304822,78.19325767177291,1760.412061823962,2643.961368900301,2924724.751350706,3258921.2673098277,1408904.8650398124,0.014671819624277153,0.0022927265053516136,9095238.731238721,89.58500692065344,0.059298574286921396,0.2274759292803027,0.16101871624489494,0.5855316975418872,False,0.0,True
13.336219989442972,1576.3374086902268,0.22208860524057744,6.776737118732615,3.201603472952064,1.250566892543909,0.9631312191304514,355.66446906614124,0.5166265844582002,67.86297350006932,0.4848276271330777,0.6667173661764978,27140.999999999978,22.78128799343346,0.18074210714522287,0.7258944640191276,248.660000000516,523.664538414209,1117.7475063954028,943.8380845160772,85.07411025700144,1944.169154998948,2684.476271273023,2689280.3040118753,3002227.4998389385,1167484.9918215666,0.01575740870114581,0.002337967334250502,9235530.204448652,82.98176856754992,0.09403732768039123,0.19847603923666168,0.1903271880807563,0.5104794026687086,False,0.0,True
21.571032698775504,1347.9233463358278,0.484158682835681,6.9993444667705145,2.6051397767056823,0.9480119334325087,0.5741176054920131,331.7382859924648,2.840437782283851,61.98550160125587,0.4909038704282041,0.7425452595135612,27140.999999999905,17.898455928416734,0.1569335037669779,0.8331034874401773,248.660000000516,580.9531484337607,1010.0453314648892,842.8061043966464,145.54769593607284,1954.2191716212483,2791.458883481182,2952967.299020471,3275777.1450589676,1252356.1068506264,0.018860582852601025,0.001292838035856468,9032557.306478398,123.98312803762805,0.03955042072675565,0.19134092729395621,0.19130695074348616,0.5000443966273174,False,0.0,True
16.528984155437954,1423.3244077775844,0.4371003081212149,6.244668705380852,2.6423364104619456,1.0255338871970805,0.7591393529926617,394.3194513762086,0.531822667051358,22.30244737012053,0.47324130073787807,0.6380668049608416,27141.000000000065,19.00947080592359,0.18810847990755566,0.4660632457499326,248.660000000516,525.9873324375346,1101.756624136009,961.8384846666036,64.30123276960386,1782.4098037279552,2641.995048354828,2524964.3805487016,2885578.39958256,1149771.0687223347,0.015248797861904173,0.0020689732915380663,9079878.675653134,72.36920481696609,0.054716896485031696,0.22918698447509075,0.16785065993478687,0.5772424547192104,False,0.0,True
11.820002159194969,1356.4348730141064,0.4956485465912771,6.283008777692849,2.7431987052870648,1.1104202596163981,0.4915010693624362,356.5580261948554,0.7561824728499275,34.51875055251169,0.46335790074792016,0.6350830175901955,27141.000000000022,16.679221325533963,0.18034259917514625,1.4012558044244363,248.660000000516,503.0415423459348,1005.787692040206,752.7184405299923,80.99663539754596,1922.4003063843384,2718.6037826350316,2360554.0285027125,2644422.8216514373,949359.2231798647,0.016364528372090268,0.0008722598083252411,9121327.603695692,82.50152137862567,0.03817389602301457,0.16441667337332466,0.24127714916694407,0.4052728048552054,False,0.0,True
16.12296331724749,1397.544378006903,0.4662705992977233,7.237544976579577,3.0831440452894308,1.0313707250982993,0.14251833776584466,349.59576269933314,0.6198254811122966,27.71009474519262,0.4881928046416021,0.8166599386692038,27141.000000000022,18.320393510467117,0.1643974039780214,1.179122183877746,248.660000000516,591.6664570830553,1082.8384606515303,857.6953203831604,147.21924274050042,2255.8988898618923,2922.697369708632,2806724.81473469,3115710.894910805,1333828.3894430045,0.020753332363386938,0.0014116350320339426,9133465.573198797,109.05601076516702,0.05367622553188934,0.18633155835605034,0.19894208110586695,0.4836343296579688,False,0.0,True
13.40617311625084,1462.5303463011328,0.29492428909484336,9.329104680122706,3.0118938288900985,1.0601172878721554,0.37792417932809985,331.2751848428643,3.5080689668518983,58.6207158090969,0.4796624974383613,0.7459234702295998,27140.999999990287,20.01498739217339,0.17206304582748205,1.0819566804181209,248.660000000516,547.5397262914921,1017.4514526367975,817.5749636233157,136.24687413455965,2101.881243861313,2837.179706367556,2814377.378731042,3148368.446580538,1164146.9116958217,0.019017756676327376,0.0012273522291669484,9180635.93177901,95.61121187752295,0.06646559730155256,0.17515760014627788,0.21730698326333622,0.44630167294220896,False,0.0,True
18.413811241982124,1411.5695849886783,0.4371003081212149,6.353899289162521,2.128380816578453,0.9929542466460197,0.20674093447659495,350.1626167998654,0.6198254811122966,52.142009765914096,0.4869534108444492,0.7756564566444484,27140.999999999774,19.171475625497635,0.19762759627248563,0.2965950684364621,248.660000000516,608.4202621577263,965.5720549510618,908.2107350925352,107.99777905376735,1817.1315249883974,2765.1162126181316,2957863.7288244264,3367312.7034623437,1497620.7190937353,0.01932556122818084,0.0017265306616059595,9093051.391601063,62.49794785835006,0.05838710072726221,0.2070605917849526,0.17900377218461358,0.5363369715244565,False,0.0,True
16.12296331724749,1405.6679452796654,0.4671518788183948,6.344723487146346,3.0831440452894308,0.9720811503811774,0.9745681450549657,349.429842595048,0.6198254811122966,27.71009474519262,0.4645881217154303,0.6587547108101728,27141.000000000095,17.97565063339279,0.14016354415326682,1.7006889700791157,248.660000000516,491.475884923678,1031.1598556755555,728.1784157611426,134.0072679933249,2117.103344395018,2818.2651840310245,2352360.8575636763,2574450.9010459804,889585.895704675,0.01700665190040773,0.0008726097056912361,9084631.20171557,175.0253549129521,0.04787192594804513,0.15307797877669965,0.2512082347409585,0.37863764248793413,False,0.0,True
10.387339157405941,1422.3667862320808,0.4564572920539258,7.421474967844247,4.079758682161792,1.0722822835529244,0.4087323794641507,334.46742226346356,3.151874916064779,64.17523000026793,0.45215275736406035,0.6459111072117882,27141.000000000036,17.109067226854958,0.14938798741350734,2.7958389688153296,248.660000000516,496.11075373612476,1197.1775933296801,738.0205223723419,88.73253054605712,2254.6172925249866,2753.7640713090077,2274050.374508217,2495041.2889496638,849561.3108629747,0.016652821076292,0.0008778522845431678,9204171.512446439,146.46590875334968,0.052695708764400266,0.15101523559721372,0.2650937320468735,0.3629223288606998,False,0.0,True
13.40617311625084,1574.5082711798586,0.21842631389879993,9.511545158093812,3.201886371961287,1.0601172878721554,0.37792417932809985,331.2751848428643,3.4653174369026267,58.6207158090969,0.4773096248934482,0.7683294596452206,27140.99999998915,22.051689432064567,0.1669697777131296,1.0368732984409543,248.660000000516,553.6092330535623,1046.2776353820632,850.7843892815554,141.98848536960256,2168.569835588903,2857.0347012646075,2800044.85918741,3122257.0284601524,1164322.1416431852,0.019253499446993245,0.0015997304172293517,9242510.807264633,105.3356154356865,0.09368841108515752,0.1735119102293551,0.22123941154357496,0.43954738251430886,False,0.0,True
16.031234915550467,1397.544378006903,0.4740631134661183,7.214374145950984,3.0725940753870433,1.0255338871970805,0.14251833776584466,349.59576269933314,0.6198254811122966,27.71009474519262,0.4867056028302292,0.8077648316648932,27140.99999998841,18.189898068101993,0.16391626408246338,1.2136874674795406,248.660000000516,590.5017927875348,1080.1072008489944,851.3947951812573,145.84613604427128,2250.4983329704723,2920.127100268037,2775645.565492371,3081477.4840937234,1315310.354818447,0.020539579534789756,0.0013839657614177494,9136553.283548366,110.05635535972023,0.05347875165873648,0.18403751681799954,0.202411239696058,0.4762274783288246,False,0.0,True
15.034727709636726,1397.3571321244124,0.43621902859108647,8.739661594937841,2.6858376280392005,1.033179337267289,0.13532106957933127,361.35642552710743,0.6671743075146087,25.335616421165234,0.4849473690468489,0.7812295556067276,27140.999999999935,18.347781234034493,0.1763473084398511,0.9900346302673038,248.660000000516,580.8279248509647,997.5605650764652,823.2249945820475,139.45330497444672,2076.7579846472117,2855.208319116258,2804645.695764029,3162902.4507303583,1229595.593345414,0.01998695302710102,0.001216398341621121,9144028.250594564,88.4565362885309,0.052763261050619875,0.17749172162271123,0.21043111684457508,0.45754388249991934,False,0.0,True
16.111455157541958,1411.574038121825,0.4371003081212149,7.607724680403569,2.6423364104619456,1.0226364635224405,0.14251833776584466,352.58754200203344,0.6312342342825161,26.445567747080236,0.4862872127344487,0.8044592124519202,27141.00000000008,18.778540224916103,0.17717385554934925,0.8322625243065468,248.660000000516,592.1501105732654,1007.0590320403207,851.7024568426789,143.12350903259045,2112.4795339777725,2886.0790832100984,2842101.2473291317,3193332.5391889224,1348840.2143510683,0.020440550170031595,0.0013932773151260362,9132788.021752484,87.11708717608532,0.05725616267899482,0.18552238790709885,0.2012631274759967,0.4796518497424764,False,0.0,True
10.275350251154336,1346.8411844299283,0.469240945928367,7.773309208134473,4.3392328864478,1.0919052187715244,0.3236891614278239,331.56781766704773,3.725468663658692,61.95845742180885,0.45967564486747053,0.7291072627438532,27140.99999999973,16.10352248799301,0.1491107104980369,3.102020093012426,248.660000000516,501.3021761418576,1226.9209275002834,735.7882886194137,99.58753658140448,2377.0901869594345,2814.6205653070606,2408561.1029590284,2634030.610329021,905635.3688925365,0.01900432255989835,0.0007843776582323691,9167035.84512983,146.69026316592243,0.035634255542759175,0.15736920947256788,0.25182709956514965,0.38458120466101864,False,0.0,True
10.237324077576012,1333.0462730317697,0.469240945928367,7.773309208134473,4.3392328864478,1.1586212395456736,0.3236891614278239,331.56781766704773,0.8508064856602138,72.97179845270387,0.46379885290534967,0.7456451474093413,27140.999999989355,16.318593379918152,0.1561802259130157,2.731631866977809,248.660000000516,500.7745303366469,1222.6008775498378,760.1207794349478,121.71964252414529,2449.5017941399656,2907.541024755217,2479214.3652505865,2722367.4987179274,1140244.462710213,0.01939954846548991,0.000838006480339083,9115523.189933356,126.94112330787881,0.03281184806338091,0.170840841038962,0.2345454579619636,0.4214272693971138,False,0.0,True
10.387339157405941,1446.7624190050885,0.4156991048671569,7.421474967844247,3.873095650171471,1.092509107677077,0.4281585910125295,329.48732037842956,3.151874916064779,66.67956685123441,0.45469709563781324,0.6691449399469995,27141.00000000852,17.835195620202636,0.1557584454893101,2.375460415389711,248.660000000516,497.2060173914661,1159.2531506812686,752.3979854234119,92.37529380235729,2223.1904476101495,2771.1459028515706,2341479.0432711667,2575813.9362676237,900786.4377698693,0.01721532895799511,0.0009459338571121065,9210036.910713864,129.30205737131334,0.05859843323203013,0.15500482541678148,0.25887952907951317,0.3745124060208204,False,0.0,True
10.275350251154336,1250.0343774224177,0.469240945928367,7.773309208134473,4.3392328864478,1.0922099441101483,0.34195283630245243,331.56781766704773,3.725468663658692,61.95845742180885,0.46612161571297583,0.7691635627957866,27140.99999999119,14.797657629477925,0.15432464501952967,3.1391510458349314,248.660000000516,499.6953285233878,1227.0698892870648,728.0823522283262,99.62990355603655,2376.4112036383044,2814.0443674781595,2588447.5992992157,2827500.6365068667,963339.2334874859,0.020224964773537604,0.0006509034842960636,9104147.978902988,131.41118303008483,0.012188165423669782,0.16884925047115965,0.2344847115877843,0.41863385272397097,False,0.0,True
12.6037955982645,1439.9470406358564,0.47970471882995985,6.418256052547312,3.352166364455849,1.1160194618534813,0.36707190029526693,350.2743866661679,2.6125573409298313,24.9535955397376,0.4706062011759743,0.7806533346715576,27140.99999999992,18.232917519365223,0.1611308606676277,1.6858901044318995,248.660000000516,526.1868793097028,1112.186444418245,800.278103016402,104.34702035292466,2224.755248361197,2852.3349845876683,2398988.9836408105,2651614.961617051,1011890.7494168556,0.01999976482202227,0.0011879473342984138,9177405.05520124,116.3811372159867,0.05977794317210521,0.16511339450967252,0.23463189463317258,0.41304650484741756,False,0.0,True
16.111455157541958,1411.5695849886783,0.4371003081212149,6.353899289162521,2.6423364104619456,1.0255338871970805,0.14251833776584466,350.16660793658673,0.6198254811122966,26.655222142054438,0.48546944163330563,0.8589803465323821,27140.999999999905,18.812263925963187,0.1827321290688909,0.7208503536883837,248.660000000516,592.1501105732654,1034.2495932535817,884.343943999219,117.82207955516384,2077.4030283201682,2855.516838515337,2838524.2494651675,3180571.7828216497,1403923.4810717572,0.021750755842236277,0.0015628297429990201,9125584.80057488,79.34413667689229,0.057310626705389806,0.1971973385716555,0.1902055665177955,0.5090239024565983,False,0.0,True
16.17283895261302,1439.9470406358564,0.4690604362418436,6.705134624786077,3.347127026350094,1.0007193791340658,0.14251833776584466,350.16660793658673,3.315912413170862,39.74094766393101,0.48624942720338143,0.8718118190732466,27141.000000000226,18.666533034475048,0.15714644029739275,1.3296617203124375,248.660000000516,592.1540198565194,1160.2782123842946,883.6723343427635,107.80860014401883,2195.168899759415,2811.7992803904217,2712504.9133504564,2993965.9638923155,1165503.0099549359,0.021994733681455252,0.0016671109000119305,9189604.20085038,125.62672558987043,0.06408402337679453,0.18588385693087559,0.20113076524426177,0.4803018963111858,False,0.0,True
10.308797217998634,1407.3013197639345,0.1466634633460469,8.202001876402003,2.8557074686065773,0.9586987996287885,0.4983491610791653,331.7382859924648,3.151874916064779,58.89297892919295,0.45229742074257645,0.7405961791714121,27140.999999991844,18.24614505553948,0.19972343337712667,1.065862698869032,248.660000000516,514.6499490128347,979.9097638803415,773.9640002442897,92.99837762755787,2003.388778618684,2777.03397893541,2949382.5847142627,3299336.6480419985,1109070.3003593613,0.019219206451117108,0.0008813144477681448,9196441.64579424,61.23949865300284,0.04986855739836083,0.18275053574043595,0.2336373894771609,0.4388948974563415,False,0.0,True
10.387339157405941,1544.4154829910733,0.11326881742430028,9.388225879527301,3.474719477841015,0.9448754409219435,0.5010138242681424,331.7382859924648,3.0868489188877217,61.63324694521679,0.4459963687145215,0.7267051269899424,27141.000000003427,20.044263425309968,0.17409426032665873,1.4881727753788145,248.660000000516,519.0484587254484,1055.8133880609685,784.8699668710302,113.28414233412029,2185.1224516723505,2822.8739157208897,2815623.0791596533,3117013.017248448,1045789.5964144901,0.0186142083367262,0.001109295514910315,9275599.21444409,93.2582995666242,0.08135838631175442,0.16884788910120296,0.25381380819069804,0.3994870843112909,False,0.0,True
10.032856481122991,1330.759791869085,0.352666668004081,9.928106579972017,3.478919548260331,0.9249943140071504,0.4087323794641507,324.11129414093114,2.9663590596435405,61.86815898910614,0.4390538233346845,0.6762211463263647,27140.999999999833,15.679156061690678,0.1659401671006379,2.4132468311568687,248.660000000516,498.0147828850758,1019.6022193590511,682.5048580227276,140.51918886036967,2274.0780442718487,2903.663012725074,2637642.5744254473,2918740.638813337,1021967.4388065389,0.017762009341613996,0.0005913087908297536,9150314.921747465,106.23811317559766,0.031055539511885485,0.1554865286935411,0.2727839233523436,0.3630568673387777,False,0.0,True
10.32250961309296,1446.4672538009584,0.1466634633460469,8.202001876402003,3.4674460096243007,0.9580552758731702,0.4793887304942229,338.17234750296467,3.1603402777846354,54.45727444300999,0.4527633042590101,0.7724083905006583,27141.00000000008,18.708162023374225,0.1795696980382188,1.4934578154615217,248.660000000516,515.3013425905632,1081.5728782752903,788.8480515560469,94.26931958799882,2162.583992699053,2781.0169825680855,2888692.77623038,3189627.833939191,1046042.4022720559,0.019971819762842367,0.0009921163637360622,9230875.270919317,84.57511609873241,0.058924989102451794,0.17953606761316165,0.2365922359785473,0.43144401874023064,False,0.0,True
11.014978263519271,1543.003512984568,0.0316717217281699,8.306104986354233,4.159968088583117,0.9897863809865749,0.4731119528858785,330.8094310676126,4.0894241805925295,72.80008323022395,0.46453119969448975,0.8560036121138811,27140.99999999004,21.14795891380535,0.17000706710975483,1.420939005659909,248.660000000516,536.899704168655,1232.368076593052,896.6853431652399,87.10251136991835,2274.5220785280953,2756.047159020722,3006517.6573866233,3299748.5163972946,1123506.7932332633,0.0215337881194755,0.0016990059168988164,9275386.036408832,100.14515549116776,0.08310111723513047,0.19740701992850612,0.20868218509761188,0.48611737885475115,False,0.0,True
10.308797217998634,1407.3013197639345,0.1466634633460469,8.202001876402003,3.476608189435326,0.9580552758731702,0.4793887304942229,332.06227488228626,3.1603402777846354,54.87739316426416,0.4546056730670906,0.8088955758546237,27140.99999999986,18.232441471078477,0.18072867839933945,1.5248325215392582,248.660000000516,515.0996936537194,1071.5360580972228,778.7741302804709,106.13364983029372,2226.142998100106,2839.7131643072616,2953896.6279090815,3258149.492141134,1112115.0730295768,0.021056070698888967,0.0008981641253812624,9202612.64156267,82.70443528710089,0.049889803870164263,0.18217085810511732,0.232142700270748,0.43969320921873356,False,0.0,True
11.014978263519271,1543.003512984568,0.09337156558598436,8.306104986354233,4.159968088583117,0.9897863809865749,0.4718614590427884,330.8094310676126,4.0894241805925295,72.80008323022395,0.4620818222502249,0.8112848809458582,27140.999999990257,20.78994863480071,0.16542561694432056,1.5701661730217091,248.660000000516,530.642220436207,1227.8380048826366,872.5935742205804,87.78015486350515,2268.414149114841,2750.999261988661,2884974.086231792,3165256.730022831,1067381.7926003207,0.02044569527966264,0.0015733876740809906,9276190.81839273,108.70768863298197,0.08234448175205769,0.1890004070431739,0.21912949643774146,0.46308884850436294,False,0.0,True
10.936877811815783,1429.0726311778762,0.0316717217281699,8.817351370172142,4.254069474689885,0.9897863809865749,0.4731119528858785,329.44218116584847,4.211248705992717,72.80008323022395,0.47258926748201924,0.8892803669859832,27141.00000000037,19.678902834244,0.17186840060942504,1.5501579304566677,248.660000000516,535.7363473715516,1232.4752875398049,872.5606459211733,94.53065775824147,2312.6358920229513,2777.4238543749284,3195035.7300802334,3501068.5026234947,1174386.1079430748,0.022851460919694963,0.001284497520671937,9219754.948686419,96.34521463614176,0.0565753986376275,0.20525803120208572,0.19370621014158662,0.5144772637036262,False,0.0,True
12.568114357611828,1390.522675023742,0.44848687800515985,5.366892322801979,3.1890631658973874,1.1545781627090645,0.07747193092740506,350.78754845423924,0.5899715645420642,24.021880392412097,0.48088238540731976,0.9360925294056579,27141.00000000011,18.12746162676751,0.1883526456885326,1.0665083857293738,248.660000000516,555.9244014441866,1140.0996349188288,895.5095941223126,83.9439866243243,2169.5192589739277,2832.6602090452448,2662005.0362761347,2968738.01477724,1360223.2545062392,0.023883917074603543,0.0015225702659955173,9130776.292102862,72.49222083516929,0.05064916541695789,0.20528572950650126,0.18588335316721236,0.5248004982994439,False,0.0,True
10.387339157405941,1330.759791869085,0.4678702574219894,7.421474967844247,4.079758682161792,0.9255617762082726,0.4087323794641507,330.87961092414474,3.151874916064779,61.98550160125587,0.436513820299034,0.678756245420611,27140.999999999964,14.991075473325386,0.14775997577174724,3.3101283933160253,248.660000000516,495.38762563463706,1171.965139141291,692.2635588617951,99.79489939155356,2316.550943457992,2811.0477079983716,2376462.4276831886,2594267.2182984725,857717.7462869803,0.017775022535866332,0.0006471007210944463,9163053.13244045,150.68452315527372,0.030906433368280525,0.1506110183757645,0.2800181556735869,0.34974643487230156,False,0.0,True
10.387339157405941,1407.3013197639345,0.10581405800002952,6.921013253094488,3.474719477841015,0.9586987996287885,0.5741176054920131,331.7382859924648,3.151874916064779,61.98550160125587,0.45639579658781143,0.8519207119529834,27141.00000000011,18.464811865115795,0.18971077952832974,1.2758148278772459,248.660000000516,518.7146981642106,1113.1918105527318,827.6476027099096,80.72479046831114,2147.2611313746756,2769.120057149428,3047916.908997607,3358778.762452694,1151371.6956296037,0.022056598164174306,0.0010653818789417072,9208888.152462749,71.55336284653956,0.05015782535946092,0.1995826412881251,0.21327590627154452,0.48341651751628034,False,0.0,True
10.387339157405941,1407.3013197639345,0.10581405800002952,6.921013253094488,3.474719477841015,0.9586987996287885,0.5010138242681424,331.7382859924648,3.151874916064779,61.98550160125587,0.4573503008693153,0.8529603778246312,27141.000000000124,18.50530814642021,0.18942422144418383,1.2703470600818272,248.660000000516,519.7976816958825,1113.8988086926845,829.2179564118803,81.05366196070815,2148.321222392782,2770.0060260531714,3048189.0796752498,3359016.8528835448,1153835.6538913576,0.022078907182750143,0.0010712904317882767,9204257.658855839,71.84244624804948,0.05023346005057173,0.19964793928707517,0.2122907320275736,0.48465452065940956,False,0.0,True
10.387339157405941,1347.604936813429,0.10581405800002952,6.921013253094488,3.474719477841015,0.9586987996287885,0.5741176054920131,331.7382859924648,2.8282438151499947,61.98550160125587,0.4606574415240276,0.8737878050316864,27140.999999982865,17.715738069233996,0.19317592349728138,1.2827276182631466,248.660000000516,518.7146981642106,1111.6392980040002,821.9951702775202,82.61005897069342,2154.0334421109224,2777.137310256382,3163902.3759297337,3484660.0874098367,1203311.251216562,0.022777418637815322,0.0009380561785347045,9173605.338598076,67.51183894404001,0.036065813594092715,0.20694209774019914,0.20197499127606394,0.5060734884864858,False,0.0,True
10.387339157405941,1495.1566579197925,0.10581405800002952,6.206317565273035,3.4604218305073804,0.9586987996287885,0.4767714066840542,331.7382859924648,3.151874916064779,63.77461599000287,0.4510674541469238,0.8407524918639405,27141.00000000056,19.61271542572197,0.188693352182387,1.1614322712001672,248.660000000516,520.1567623595638,1133.3479768561558,859.9612740844271,70.54849999654482,2116.655805676488,2741.031147289454,2894458.708693034,3192171.5990381083,1123516.8108585095,0.021432158109686645,0.0013867052719930381,9245123.038663214,73.0031790407035,0.07045935037350996,0.19762521455540344,0.2201735904987033,0.4730152699450879,False,0.0,True
10.227967632919237,1407.3013197639345,0.10319490686844995,6.921013253094488,3.474719477841015,0.9891612091602283,0.734871812816067,331.7382859924648,2.651306150878975,61.98550160125587,0.456248955858308,0.843102252270348,27140.999999982967,18.50006208286123,0.19135314505825124,1.2852856451976395,248.660000000516,514.4020660782099,1109.4845707353645,822.4395933698255,81.7548119822945,2151.995698590311,2776.4941538617127,3007484.5216936343,3318644.818728582,1166187.0310074491,0.021837174222865866,0.0010454640059892886,9214138.158694794,69.7664753837136,0.04986245626892883,0.1983962290824301,0.2147333456868279,0.48022761186545115,False,0.0,True
16.111455157541958,1469.7147335760283,0.44788606746896836,4.967799565376055,2.6423364104619456,1.0255338871970805,0.07747193092740506,350.16660793658673,0.5899715645420642,24.021880392412097,0.48030191942274975,0.9500163571711516,27141.000000000022,19.55802341766948,0.18935649650983769,0.5565020836052209,248.660000000516,599.3707668120898,1077.2109435865866,948.9330958643876,87.64428212357025,2020.9685105813428,2810.6935124440174,2729295.1126597333,3059205.114814814,1471950.8764583357,0.0236056037584421,0.0021787901915401495,9155879.173627308,71.5415426875702,0.07302302189073547,0.21011022925989847,0.1815128321296954,0.536511380393089,False,0.0,True
10.932775807003116,1495.1566579197925,0.10581405800002952,6.206317565273035,3.669719922136574,0.9586987996287885,0.4767714066840542,331.7382859924648,3.7295634406412312,63.87326237728039,0.45738966400103837,0.8970989932267521,27141.000000000022,19.913036300212553,0.1822937860662175,1.2011775119230121,248.660000000516,528.1529943023056,1178.130688135337,884.7130272772583,72.80139271943864,2179.868355863457,2752.5780752803275,2949721.874537345,3240663.7555085127,1142591.3595259576,0.02282012812573084,0.0015280356494364552,9243399.818019219,80.94965847322442,0.07124310614370405,0.20283874334211716,0.2092214793912947,0.49225509319143024,False,0.0,True
10.228026625001512,1407.3013197639345,0.10581405800002952,6.921013253094488,3.607856291562964,0.947453141101393,0.5767822686809903,331.7382859924648,3.5107104268252445,61.98550160125587,0.45383124923354473,0.8649795173684697,27141.000000000153,18.291539222733494,0.18691381651727132,1.389482644883114,248.660000000516,516.3095280566341,1134.562927448332,825.0336162278919,79.22203195188325,2180.0114258461117,2769.7473104163387,3043273.839929227,3346279.6229031547,1128121.4654453867,0.02242249439957119,0.0010539146813265787,9215561.959197585,74.86804358565841,0.04998397729413633,0.1991446390617975,0.21606072128188514,0.4796292583914554,False,0.0,True
13.381830479570493,1075.2664702946918,0.466894651491908,9.858643515889383,2.1703159802518237,1.3302090354174387,0.7578994042174854,385.2381543204501,3.260866548507942,77.67791084368622,0.0,999.0,0.0,0.0,0.0,0.0,0.0,0.0,0.0,0.0,0.0,0.0,0.0,0.0,0.0,0.0,0.0,0.0,0.0,0.0,0.0,0.0,0.0,0.0,0,0.0,False
25.60997598333201,1586.6610278915664,0.2727233352821477,6.107500868600109,2.4905748099402074,1.509259501534474,0.9592388395417332,364.12222080676463,0.5015772201201045,62.75420376612486,0.0,999.0,0.0,0.0,0.0,0.0,0.0,0.0,0.0,0.0,0.0,0.0,0.0,0.0,0.0,0.0,0.0,0.0,0.0,0.0,0.0,0.0,0.0,0.0,0,0.0,False
14.701552733723407,1276.9612485349733,0.09929575152696313,4.280238593567024,4.188193094768458,1.6974084219410313,0.33039174636170277,387.47953008509245,2.4279911417798306,71.88116868581206,0.0,999.0,0.0,0.0,0.0,0.0,0.0,0.0,0.0,0.0,0.0,0.0,0.0,0.0,0.0,0.0,0.0,0.0,0.0,0.0,0.0,0.0,0.0,0.0,0,0.0,False
20.376085014668284,1136.9798581175446,0.03728703562573993,8.073362631512765,2.8266981020060302,1.2678560067880962,0.4140749144174959,399.57979419657437,2.6394624563454214,28.84437963848564,0.0,999.0,0.0,0.0,0.0,0.0,0.0,0.0,0.0,0.0,0.0,0.0,0.0,0.0,0.0,0.0,0.0,0.0,0.0,0.0,0.0,0.0,0.0,0.0,0,0.0,False
23.572141109037524,1187.046722352237,0.21863895609541076,7.232487340175986,3.06804945809356,1.9315013041392692,0.3120943063580923,335.78483887319646,1.503636548250325,58.59571048574825,0.0,999.0,0.0,0.0,0.0,0.0,0.0,0.0,0.0,0.0,0.0,0.0,0.0,0.0,0.0,0.0,0.0,0.0,0.0,0.0,0.0,0.0,0.0,0.0,0,0.0,False
27.666121824116196,1374.2033242333653,0.37702464059058177,7.839774556407484,2.809783675295078,1.8845421125734712,0.4280911898712949,397.1872037718708,3.4854867401830165,57.30174321254731,0.0,999.0,0.0,0.0,0.0,0.0,0.0,0.0,0.0,0.0,0.0,0.0,0.0,0.0,0.0,0.0,0.0,0.0,0.0,0.0,0.0,0.0,0.0,0.0,0,0.0,False
12.004517403457765,1110.1270109762854,0.15301972950745496,10.706189514808766,2.425199196090031,1.9931578602200068,0.7819914826908203,346.7421123995061,0.7674232209546755,52.80088333508846,0.0,999.0,0.0,0.0,0.0,0.0,0.0,0.0,0.0,0.0,0.0,0.0,0.0,0.0,0.0,0.0,0.0,0.0,0.0,0.0,0.0,0.0,0.0,0.0,0,0.0,False
16.17283895261302,1439.9470406358564,0.0002421613219816543,6.435363709990211,2.6423364104619456,1.1188427157697733,0.11105171302185535,350.16660793658673,4.384864774087605,59.34523510429996,0.0,999.0,0.0,0.0,0.0,0.0,0.0,0.0,0.0,0.0,0.0,0.0,0.0,0.0,0.0,0.0,0.0,0.0,0.0,0.0,0.0,0.0,0.0,0.0,0,0.0,False
17.666036677125845,1107.3130424090443,0.03313156323749229,9.787489132519362,3.1696275054082,1.0855737226076423,0.8659724755349631,394.09547092114536,1.6291787905032182,61.023505060674225,0.0,999.0,0.0,0.0,0.0,0.0,0.0,0.0,0.0,0.0,0.0,0.0,0.0,0.0,0.0,0.0,0.0,0.0,0.0,0.0,0.0,0.0,0.0,0.0,0,0.0,False
16.153926426633674,1053.2670426665702,0.031682235241397794,5.334778013148111,2.126143866301649,0.9913657364260721,0.23398099633527092,342.48760494813394,3.5929806477613253,52.23647793979237,0.0,999.0,0.0,0.0,0.0,0.0,0.0,0.0,0.0,0.0,0.0,0.0,0.0,0.0,0.0,0.0,0.0,0.0,0.0,0.0,0.0,0.0,0.0,0.0,0,0.0,False
17.302811059231267,1513.2638744272112,0.317186552102477,8.54953887088703,3.7215841080832384,1.5961586873443623,0.7157945265136018,382.8632345412976,2.708877128259195,64.84730066114312,0.0,999.0,0.0,0.0,0.0,0.0,0.0,0.0,0.0,0.0,0.0,0.0,0.0,0.0,0.0,0.0,0.0,0.0,0.0,0.0,0.0,0.0,0.0,0.0,0,0.0,False
12.372314888020952,1467.9474663615583,0.44767026327180764,11.467190444517502,2.728674724894612,1.9755099580221775,0.84733274563432,381.5601696131336,0.7775919240267075,72.8323158538596,0.0,999.0,0.0,0.0,0.0,0.0,0.0,0.0,0.0,0.0,0.0,0.0,0.0,0.0,0.0,0.0,0.0,0.0,0.0,0.0,0.0,0.0,0.0,0.0,0,0.0,False
22.893034690155385,1479.162546856126,0.1505156249042764,4.30366613149954,3.780297348393863,1.8282244718243077,0.20290581482239325,380.0381717120498,2.800136652337077,52.45710829773132,0.0,999.0,0.0,0.0,0.0,0.0,0.0,0.0,0.0,0.0,0.0,0.0,0.0,0.0,0.0,0.0,0.0,0.0,0.0,0.0,0.0,0.0,0.0,0.0,0,0.0,False
11.639978927245847,1119.6973276831368,0.1485722321098537,5.182597638036844,3.195528825978208,1.3253587220281968,0.2931470323057198,322.74892948713483,1.2102671506444078,68.22477975672572,0.0,999.0,0.0,0.0,0.0,0.0,0.0,0.0,0.0,0.0,0.0,0.0,0.0,0.0,0.0,0.0,0.0,0.0,0.0,0.0,0.0,0.0,0.0,0.0,0,0.0,False
25.915047396267394,1201.0719293675108,0.1815706131533414,6.372012483387524,2.441245003998823,1.9953934523330639,0.3120943063580923,334.38581552048504,1.9977320743624822,57.54260882949933,0.0,999.0,0.0,0.0,0.0,0.0,0.0,0.0,0.0,0.0,0.0,0.0,0.0,0.0,0.0,0.0,0.0,0.0,0.0,0.0,0.0,0.0,0.0,0.0,0,0.0,False
27.666121824116196,1374.2033242333653,0.06443694659639104,7.837881761756268,2.809783675295078,1.880514567812063,0.008226345807588215,397.1872045780787,3.5628456529601413,58.28891087730781,0.0,999.0,0.0,0.0,0.0,0.0,0.0,0.0,0.0,0.0,0.0,0.0,0.0,0.0,0.0,0.0,0.0,0.0,0.0,0.0,0.0,0.0,0.0,0.0,0,0.0,False
28.407629625909657,1383.9847414653473,0.15332842248358675,14.797388674130929,2.983270541021879,1.9154022235940633,0.7881387644613984,363.5187499341367,3.593234778288134,38.572669117884125,0.0,999.0,0.0,0.0,0.0,0.0,0.0,0.0,0.0,0.0,0.0,0.0,0.0,0.0,0.0,0.0,0.0,0.0,0.0,0.0,0.0,0.0,0.0,0.0,0,0.0,False
23.767367947929287,1175.45115994342,0.21922323629235865,5.69729708787335,2.051071189430557,0.958659536983636,0.38010027620869824,346.9936794833677,4.590437747328989,58.948641467201085,0.0,999.0,0.0,0.0,0.0,0.0,0.0,0.0,0.0,0.0,0.0,0.0,0.0,0.0,0.0,0.0,0.0,0.0,0.0,0.0,0.0,0.0,0.0,0.0,0,0.0,False
11.806756616367371,1502.1986693281074,0.4435523775505116,13.953280147619491,2.728674724894612,1.363541771713173,0.6636862805164622,399.92698892797165,0.8037020438039403,68.0113878506088,0.0,999.0,0.0,0.0,0.0,0.0,0.0,0.0,0.0,0.0,0.0,0.0,0.0,0.0,0.0,0.0,0.0,0.0,0.0,0.0,0.0,0.0,0.0,0.0,0,0.0,False
29.92576094903392,1022.7168015957415,0.045456184277869315,4.808133197961356,2.310513311990883,1.596837876575225,0.2749181278174835,383.8490668085594,3.583278486084648,70.31484540596287,0.0,999.0,0.0,0.0,0.0,0.0,0.0,0.0,0.0,0.0,0.0,0.0,0.0,0.0,0.0,0.0,0.0,0.0,0.0,0.0,0.0,0.0,0.0,0.0,0,0.0,False
18.385342292004275,1045.72097937085,0.2773517777749953,13.172358709115079,2.059754539006139,1.8050030059641293,0.8660579918894105,392.5282108802502,1.6508533721266905,69.26511435417252,0.0,999.0,0.0,0.0,0.0,0.0,0.0,0.0,0.0,0.0,0.0,0.0,0.0,0.0,0.0,0.0,0.0,0.0,0.0,0.0,0.0,0.0,0.0,0.0,0,0.0,False
27.740192949457903,1374.2033242333653,0.3754712170136686,9.009418090434165,2.809783675295078,1.440842239213568,0.9080590858800875,397.1872037718708,2.6758749731081317,78.54651806361662,0.0,999.0,0.0,0.0,0.0,0.0,0.0,0.0,0.0,0.0,0.0,0.0,0.0,0.0,0.0,0.0,0.0,0.0,0.0,0.0,0.0,0.0,0.0,0.0,0,0.0,False
25.388299732676053,1475.6930907186327,0.4514545729835751,9.98724064538383,2.557721696206552,1.9339421055331376,0.31654138206169347,384.78155748669974,3.701861413828123,20.33793821227496,0.0,999.0,0.0,0.0,0.0,0.0,0.0,0.0,0.0,0.0,0.0,0.0,0.0,0.0,0.0,0.0,0.0,0.0,0.0,0.0,0.0,0.0,0.0,0.0,0,0.0,False
20.376085014668284,1373.9847215647371,0.03728703562573993,11.201328509635557,3.548684997453158,1.3190524052684844,0.39754173469043064,393.61644194352556,2.6394624563454214,28.939836241431536,0.0,999.0,0.0,0.0,0.0,0.0,0.0,0.0,0.0,0.0,0.0,0.0,0.0,0.0,0.0,0.0,0.0,0.0,0.0,0.0,0.0,0.0,0.0,0.0,0,0.0,False
18.08003218108758,1081.6678925488732,0.22532163433606722,7.678613319669999,2.6539067901835036,1.9183522818000838,0.6896393990795577,367.90567124987376,3.8599586245535225,52.51826370628649,0.0,999.0,0.0,0.0,0.0,0.0,0.0,0.0,0.0,0.0,0.0,0.0,0.0,0.0,0.0,0.0,0.0,0.0,0.0,0.0,0.0,0.0,0.0,0.0,0,0.0,False
12.889268421117652,1435.899981467884,0.11231018517044394,9.712870068026362,3.595674445472907,0.9350361445681256,0.4946010766079109,391.7075408763709,4.648189977289327,52.30643555567262,0.0,999.0,0.0,0.0,0.0,0.0,0.0,0.0,0.0,0.0,0.0,0.0,0.0,0.0,0.0,0.0,0.0,0.0,0.0,0.0,0.0,0.0,0.0,0.0,0,0.0,False
13.572038453242815,1344.4751050706282,0.1003637440175455,9.825012715262343,2.473113240711988,1.2259412538256296,0.8709456091610533,392.69962182867107,1.9843005320684706,60.98446198019385,0.0,999.0,0.0,0.0,0.0,0.0,0.0,0.0,0.0,0.0,0.0,0.0,0.0,0.0,0.0,0.0,0.0,0.0,0.0,0.0,0.0,0.0,0.0,0.0,0,0.0,False
21.124804679808378,1158.463999804935,0.10389651420907417,5.334778013148111,2.1336556356342853,1.0182435420167022,0.2257093386078547,346.9936794833677,3.021509370028612,20.383842228145614,0.0,999.0,0.0,0.0,0.0,0.0,0.0,0.0,0.0,0.0,0.0,0.0,0.0,0.0,0.0,0.0,0.0,0.0,0.0,0.0,0.0,0.0,0.0,0.0,0,0.0,False
13.457716338826783,1316.2348613545655,0.15487588989876253,9.238211941791334,3.060716509966765,1.601095529516826,0.6090512623401807,390.4840067186755,4.34976240872877,79.02712186959866,0.0,999.0,0.0,0.0,0.0,0.0,0.0,0.0,0.0,0.0,0.0,0.0,0.0,0.0,0.0,0.0,0.0,0.0,0.0,0.0,0.0,0.0,0.0,0.0,0,0.0,False
19.49263470227826,1546.3439392804542,0.2617601114908338,5.664298768232955,2.557494086880423,1.9814805538476152,0.5451864189249536,393.9763345228822,4.2754312637299865,20.101850875492424,0.0,999.0,0.0,0.0,0.0,0.0,0.0,0.0,0.0,0.0,0.0,0.0,0.0,0.0,0.0,0.0,0.0,0.0,0.0,0.0,0.0,0.0,0.0,0.0,0,0.0,False
27.754257720558023,1401.490604107404,0.3313599061876311,6.972290882327336,3.1712041172380436,1.8403877369671426,0.5277146463087466,384.17288672036784,2.4337015024862154,63.98855151725067,0.0,999.0,0.0,0.0,0.0,0.0,0.0,0.0,0.0,0.0,0.0,0.0,0.0,0.0,0.0,0.0,0.0,0.0,0.0,0.0,0.0,0.0,0.0,0.0,0,0.0,False
11.391992619793857,1099.9049432294753,0.42098320409469037,7.718543752147004,3.060448335152815,0.9311197728258637,0.7817298762106526,328.460229639948,0.7897272867702025,72.8323158538596,0.0,999.0,0.0,0.0,0.0,0.0,0.0,0.0,0.0,0.0,0.0,0.0,0.0,0.0,0.0,0.0,0.0,0.0,0.0,0.0,0.0,0.0,0.0,0.0,0,0.0,False
14.111938847525629,1374.2033242333653,0.37216931840435447,7.839774556407484,2.9382971096512516,1.8845421125734712,0.5759738433271991,397.1872037718708,3.4854867401830165,57.37603522903817,0.0,999.0,0.0,0.0,0.0,0.0,0.0,0.0,0.0,0.0,0.0,0.0,0.0,0.0,0.0,0.0,0.0,0.0,0.0,0.0,0.0,0.0,0.0,0.0,0,0.0,False
22.44753321330351,1565.568816528296,0.22236162195691778,5.638116594897644,3.51847355657156,1.8628659989899932,0.9586169472863691,357.0271294966608,0.5444943014746064,49.018354490674895,0.0,999.0,0.0,0.0,0.0,0.0,0.0,0.0,0.0,0.0,0.0,0.0,0.0,0.0,0.0,0.0,0.0,0.0,0.0,0.0,0.0,0.0,0.0,0.0,0,0.0,False
18.383890288065896,1411.1317002380556,0.3449926334155378,13.6592918003004,2.0821627795937783,1.6375142611962425,0.41730480236712697,364.72432194815883,2.0252364583087616,45.73677236484779,0.0,999.0,0.0,0.0,0.0,0.0,0.0,0.0,0.0,0.0,0.0,0.0,0.0,0.0,0.0,0.0,0.0,0.0,0.0,0.0,0.0,0.0,0.0,0.0,0,0.0,False
16.562509001159125,1249.504823100042,0.08498656429812054,7.929967360027497,4.680061262503272,1.9227433219629,0.015821242846556283,390.37607386467675,4.366678835689501,79.83872151268562,0.0,999.0,0.0,0.0,0.0,0.0,0.0,0.0,0.0,0.0,0.0,0.0,0.0,0.0,0.0,0.0,0.0,0.0,0.0,0.0,0.0,0.0,0.0,0.0,0,0.0,False
20.34338115825841,1248.0370955811093,0.29164048432098216,14.69511318050406,2.56636579132354,1.8153457989324397,0.9875424574379142,396.75764854798257,0.6703816447419373,36.220362321354955,0.0,999.0,0.0,0.0,0.0,0.0,0.0,0.0,0.0,0.0,0.0,0.0,0.0,0.0,0.0,0.0,0.0,0.0,0.0,0.0,0.0,0.0,0.0,0.0,0,0.0,False
10.936877811815783,1429.0726311778762,0.040040961106332054,8.817351370172142,2.299673484185059,0.9695334800439325,0.480632247183199,325.89866384218266,4.211248705992717,74.83974529398068,0.0,999.0,0.0,0.0,0.0,0.0,0.0,0.0,0.0,0.0,0.0,0.0,0.0,0.0,0.0,0.0,0.0,0.0,0.0,0.0,0.0,0.0,0.0,0.0,0,0.0,False
20.035198624320206,1250.605504709904,0.40032982906461984,6.372976195002354,2.5335942438540457,1.8460734479638379,0.9627491767004168,396.9816489503796,0.6703816447419373,29.09180473608076,0.0,999.0,0.0,0.0,0.0,0.0,0.0,0.0,0.0,0.0,0.0,0.0,0.0,0.0,0.0,0.0,0.0,0.0,0.0,0.0,0.0,0.0,0.0,0.0,0,0.0,False
25.2811710030618,1475.6930907186327,0.4514545729835751,8.3234102276859,2.557721696206552,1.731009357862713,0.31654138206169347,387.8749894627608,3.701861413828123,20.55122337411706,0.0,999.0,0.0,0.0,0.0,0.0,0.0,0.0,0.0,0.0,0.0,0.0,0.0,0.0,0.0,0.0,0.0,0.0,0.0,0.0,0.0,0.0,0.0,0.0,0,0.0,False
18.38248081358129,1071.936334701626,0.029406218361173162,5.334778013148111,2.1336556356342853,0.9913657364260721,0.23398099633527092,344.9097516950824,2.998213971654115,52.23647793979237,0.0,999.0,0.0,0.0,0.0,0.0,0.0,0.0,0.0,0.0,0.0,0.0,0.0,0.0,0.0,0.0,0.0,0.0,0.0,0.0,0.0,0.0,0.0,0.0,0,0.0,False
18.838085614968467,1376.060992567096,0.13114132013251925,6.24296847756434,2.7423722026429083,1.2780125014876527,0.7470739851931946,356.4860916228763,0.8233235157242166,46.85142457184812,0.0,999.0,0.0,0.0,0.0,0.0,0.0,0.0,0.0,0.0,0.0,0.0,0.0,0.0,0.0,0.0,0.0,0.0,0.0,0.0,0.0,0.0,0.0,0.0,0,0.0,False
12.342122264104216,1584.900012403887,0.3720679606847676,10.495726024118289,2.715747924456174,1.525076726891878,0.632801316715384,346.205555528986,3.6989692143849284,62.10832063638444,0.4882083727638861,0.4569926165603663,27140.99999998985,22.81591674617239,0.19523694412017456,0.5285508356150006,248.660000000516,508.6655671875393,1037.1576372423413,928.4934607380129,97.02861034490105,1791.7181553735695,2604.9200468971644,2315188.390704929,2725957.050998081,1161582.9534136313,0.010047993209516583,0.0023552433965436815,9188048.377767395,65.49922267787721,0.09882650447643976,0.18981582473127673,0.19576655848902477,0.492283447044379,False,0.0,True
23.353585846177626,1387.501529656286,0.44500051349377795,5.789047688558007,2.515038747148981,1.246838271599231,0.8972476052684075,368.347430750896,0.5016595242000679,67.282553057463,0.5101370039169818,0.5366566946994046,27140.999999999774,20.58958207403756,0.17500044781036256,0.21892556552734124,248.660000000516,552.386285538265,1077.3691415929761,1020.499485966838,89.6324679841167,1679.1439215917862,2604.983127309411,2766107.3657302437,3135907.128897273,1401570.3579207323,0.012083433717256814,0.002481965633579603,8980403.597300816,88.89498317350441,0.05083771777281501,0.24317191173834843,0.12497594449734487,0.6605278493939306,False,0.0,True
13.384566497087578,1395.3716466923538,0.4685364646796461,6.776737118732615,3.201603472952064,1.0005050464357126,0.9631312191304514,355.66446906614124,0.8323627126195152,67.282553057463,0.4542771244576903,0.3351883720434108,27140.999999999993,17.21620893898594,0.14635386030682737,2.003020851043367,248.660000000516,472.17735653743046,1066.8191743639582,708.8414849625835,84.8200472783785,1869.836252763196,2621.594641589035,2208171.0639101453,2431885.9926111368,747637.5272308891,0.008318734296865714,0.0007786133087644965,9116722.35970262,154.2854812941801,0.044386788609441556,0.14891599443131687,0.26465831858282896,0.3600707049381555,False,0.0,True
18.838085614968467,1348.9464444065748,0.4952188289258329,6.406373802314834,2.7431987052870648,1.5951707216794537,0.7501724132979928,356.5580261948554,0.7561824728499275,73.7498445792976,0.5168391597287483,0.5921993918202465,27140.999999999833,20.021081815908147,0.18912296635540815,0.33493080641076284,248.660000000516,534.2288770083039,1115.1171944651508,1021.9146582781689,93.80251601901423,1748.5039820524644,2619.814747712497,2600194.275974423,2995285.9483077014,1526169.2004297087,0.013807537741532382,0.0022653459518608273,8942109.252560388,70.13035468715435,0.04254946985997954,0.24873310961368503,0.11465158922295637,0.6844897718863565,False,0.0,True
18.73847604316043,1250.685375779558,0.22495606673997026,9.672294054207455,3.558779573534065,1.2226134124578014,0.8760185163987275,370.638658096769,0.7574439688556134,55.626382840236694,0.529340117950548,0.8416828059480923,27141.00000000005,19.572428378759586,0.17689631883013138,0.5980862339543209,248.660000000516,578.4713003351582,1221.2800978483965,1031.6385498744366,126.10166423086179,2042.594100931679,2689.6094378366406,3679690.2835433763,4123749.7827691184,1637233.7534630103,0.021456103293718876,0.0013880097425183415,8968637.081125222,85.95456387663943,0.014553021536335252,0.27542633926733384,0.07989986743304679,0.7751365761197,False,0.0,True
14.791712050003785,1395.3716466923538,0.4685364646796461,6.764618963202655,3.201603472952064,1.217490021481426,0.9631312191304514,355.69499007600893,1.2072527035282423,67.282553057463,0.48352397447557677,0.3594270430515584,27140.99999999052,18.703395409817034,0.15652591668471766,1.3112280041555282,248.660000000516,482.99761297530654,1109.3421715957677,816.1577041065308,82.3067587288307,1848.5313328135678,2590.9581594843553,2405665.705397201,2668538.025532069,918852.3388174069,0.008549992588087568,0.0012052167873713717,9076404.6157903,125.56076621987786,0.04706842731843343,0.17888496020491584,0.20972899262613964,0.46031533068161246,False,0.0,True
20.192583778109974,1421.9313893431154,0.4948758538318526,6.244734492170616,2.7431987052870648,1.1888789849997217,0.8281734382160603,392.74474080627084,0.7281705236101969,54.158704233583514,0.4874581870180739,0.4151329927193282,27140.999999999935,20.00945584294836,0.18767450681935197,0.196405772855889,248.660000000516,532.1142326602711,1178.2216870450022,1118.5438855820041,77.80909970747821,1679.5574668835277,2522.974327230298,2434684.827141638,2841176.93855883,1400247.4666869575,0.00786341035140217,0.003403714203993088,8985543.206715144,72.11529159546971,0.057056058771119585,0.27768608231982905,0.10749123585601007,0.7209305148987544,False,0.0,True
12.298035259470126,1395.3716466923538,0.4685364646796461,6.776737118732615,3.201603472952064,1.0005050464357126,0.9839739728320073,355.66446906614124,0.8323627126195152,67.282553057463,0.4458899676406786,0.305446601236753,27141.000000000284,16.864053731743244,0.1484545822149949,2.1725325748603224,248.660000000516,461.1291392302039,1058.740609506642,687.048166877294,78.86922677489973,1858.9832890734642,2612.064745459823,2134353.477787347,2353984.077785551,709837.8158470239,0.00758406384566604,0.0007060623585007607,9127195.282384528,147.99784723007488,0.043750512631808,0.14373799620852135,0.2776156111913506,0.3411338924935594,False,0.0,True
12.394549122209344,1348.738481119512,0.4952188289258329,8.307747704247095,3.2634054357468045,1.5951707216794537,0.7431274922896111,356.5580261948554,0.5126249668489931,75.10927040084884,0.5005446955006237,0.501447412020059,27141.000000000036,18.653827866963756,0.17828308221859393,1.1693983903200478,248.660000000516,482.7030176780579,1110.916315235998,854.7526276190234,98.36493141638587,1886.0511134597064,2653.0565709652374,2525297.041070084,2849729.010886114,1119685.6023704298,0.012331089439771363,0.001278694769865078,9039168.79683521,84.62466690448409,0.038668492354421456,0.19474876898401527,0.1807314882157882,0.5186658026613209,False,0.0,True
12.302218302507447,1572.3762507493034,0.3689010181181523,10.505601694786755,2.715747924456174,1.160680632090853,0.6659072087091525,346.205555528986,1.4865623633731866,79.32196467343927,0.4649378470565734,0.355369866205924,27140.99999999116,20.9701670114178,0.1752629602902078,0.9969665654860381,248.660000000516,505.9838948763164,976.9854590201546,796.2142245984127,110.74717024129812,1729.3709298213691,2669.477549449346,2335122.8888177415,2674715.5413512345,953781.9696211815,0.008309225331400761,0.0013358682072910782,9223403.84329229,90.89074698931086,0.08890454131938405,0.15749814914408689,0.24741490515788206,0.38896782277271474,False,0.0,True
18.838085614968467,1348.9464444065748,0.44541623467329106,6.406373802314834,2.7430483294109225,1.5951820137810861,0.7556518824467013,356.5580261948554,0.7898269705945054,76.37732890766294,0.5193888425407505,0.6131696503984382,27140.999999973974,20.551235010572192,0.19579121223517898,0.2332823095237957,248.660000000516,542.5469834666887,1126.073901144198,1061.245911667289,90.9237380278337,1741.7564217466474,2616.4439138957046,2680279.4127852255,3099371.4158342686,1626174.1723052133,0.014239300356732942,0.002402737124715112,8944277.93069205,63.221468129634026,0.04326101298761501,0.26259650702422754,0.09905939273658092,0.7260949073356837,False,0.0,True
18.838085614968467,1348.9464444065748,0.4948758538318526,6.923271206517382,2.2993867513634423,1.3835672413377427,0.8748278741231257,364.2376458145713,0.7604344885429415,50.510974436614376,0.5058903222504706,0.5027603809711609,27140.999999999876,19.28168639730988,0.18484269601262385,0.3640217368707615,248.660000000516,516.7170442371352,989.0667496605316,901.9237004022369,96.68920873430599,1666.0266885236717,2627.380468398082,2531620.6115017766,2914914.476268898,1221753.2978538037,0.012049955207467412,0.0015954642924708043,8968045.083166957,75.33378303568158,0.0394607750459538,0.2114836612900305,0.15972523217344836,0.5697160413287274,False,0.0,True
25.928212973725152,1204.9219131754144,0.44500051349377795,5.789047688558007,2.5171774402537106,1.2652514130239496,0.8972476052684075,368.347430750896,0.5016595242000679,67.282553057463,0.5223036432673048,0.6349350627152102,27141.00000000005,17.944395437806453,0.1847360261588197,0.15381173004230259,248.660000000516,566.5935311367582,1093.2046370594,1037.9874223828913,98.1936658615018,1694.2876736842136,2617.1664962989544,3277047.8430910865,3712006.860824024,1706562.9455564083,0.015921353918884492,0.0013114186182690596,8793322.951963613,73.99410282355169,0.0011489778211561368,0.2930139390345176,0.0664140892521309,0.8152228428909145,False,0.0,True
14.710585153604713,1383.9847414653473,0.14958004765610752,11.9137303518406,3.5497539699387812,1.529387312042262,0.7998219094784991,363.5187499341367,1.1432930931621392,41.36912635454608,0.524836734054838,0.9448957829491911,27140.999999999876,22.28917415527875,0.18594037787729095,0.6002284620543082,248.660000000516,561.0662921764945,1166.47566145024,1015.2744567604955,140.74699505779475,2158.2360275070746,2771.5619727322123,3343850.0797734675,3804217.2733863275,1604236.010272041,0.023599216809071188,0.002046199635952689,9074190.984989863,74.88341897743192,0.054272962383821344,0.24235519007568151,0.11646651818339306,0.6754195314757754,False,0.0,True
20.806087721747847,1461.9129322937167,0.2975793293478044,5.925061264280998,3.5606016295713623,1.3682948189619781,0.9631312191304514,351.2527627035382,0.6048115994093528,73.04814807712778,0.5230083795319986,0.9249798885301982,27140.99999999992,23.189670682862726,0.16174169630510912,0.5072382053968608,248.660000000516,567.9948475073245,1244.8467216229556,1097.012853610993,115.36918023112622,2070.4495316524403,2720.3147154732687,3049182.1787798237,3369620.0041942457,1546725.628225376,0.021672565559100417,0.003432313595497618,9081991.261311904,113.87122059392247,0.07405169045445267,0.24848586348498297,0.111166893759338,0.6909049311588633,False,0.0,True
13.479866916680093,1468.823851368647,0.14392563362228183,9.146049126564247,3.7800906760139634,1.9894468165789414,0.8117175784960208,344.74166842269494,0.9004919937007008,52.40553084987909,0.5249207483734497,1.13572946249051,27141.000000000065,24.652295662660993,0.19845954778924538,0.44595989443054374,248.660000000516,548.0134806688973,1235.1101272010537,1123.2141224579505,148.0690756798368,2317.354368003579,2876.93791992142,3042831.7391219046,3472270.2742676474,1916917.483028953,0.027354190851002724,0.003470642490452285,9073810.527409017,61.58466608841419,0.08350699259617189,0.25930439853040893,0.09934991080223124,0.722992563543723,False,0.0,True
10.991940846299633,1568.9870562532303,0.2251936398401227,10.878178073835311,3.2330379005766354,1.3613623583110817,0.9619786125849528,361.0158074522988,1.4401235193845632,63.17089614418957,0.47604156438673745,0.3685872336830603,27141.00000000005,22.159356333864626,0.18933519240969665,0.8549909222751896,248.660000000516,496.78512649872124,1101.9753332274868,904.7112833636724,88.2520535796885,1850.532202451478,2578.617346258411,2555680.4448983218,2929345.0142462263,1085682.3803590387,0.008045223269817488,0.0019586028395744684,9235670.919311754,72.18937650831232,0.09053776944057754,0.1914840799778926,0.2045056781414414,0.48355816293659715,False,0.0,True
22.20967861368799,1350.7207233956296,0.49570487331322155,4.8948154840457665,2.6833178417402688,0.9444740979497968,0.9245430777821116,361.27272080472846,0.7560031216378389,76.48975013846075,0.48197231202833934,0.37107419022908666,27141.000000000095,17.872595833019325,0.15501736231306648,0.7107944330742234,248.660000000516,529.2467689840086,1079.6898152114866,886.2506013759196,77.7886297957884,1690.2916123439768,2571.6281940897757,2680799.4892451526,2959087.3825830217,1077246.8194037182,0.008559466803271076,0.0015118577937366002,8988864.653882446,128.01553910118918,0.037307678533266414,0.21146222660295713,0.1780038893772168,0.5429541054444946,False,0.0,True
12.36385258694077,1502.1986693281074,0.3720679606847676,10.495726024118289,2.728674724894612,1.5855718597063424,0.638355320741173,346.205555528986,0.8037020438039403,72.8323158538596,0.4961431723961682,0.5870312542366202,27141.00000000008,21.901638481390872,0.19319218857543072,0.6283213877261643,248.660000000516,508.4569758369848,1000.1098349901953,880.1865228926675,134.4026775604019,1863.5491787199596,2753.8376000423095,2468115.5427179546,2871590.5824051197,1262281.7448695325,0.014195786327021422,0.001736828944214732,9134186.072937349,67.20476148268791,0.0797513069410872,0.18618094756879122,0.19307410436442904,0.4909122412997525,False,0.0,True
12.36385258694077,1502.1986693281074,0.4459082351917899,10.495726024118289,2.728674724894612,1.5859466768013508,0.6203007901512065,345.22175606681134,0.8037020438039403,72.8323158538596,0.4927165595236548,0.5561835768874266,27141.00000000011,21.32960999733605,0.18608964766869018,0.773153992884289,248.660000000516,501.1331619596039,991.5040876091542,850.3920297246442,138.02608154675616,1866.71061522442,2755.7563344655723,2348990.190357767,2727421.4330872707,1184846.3015778768,0.013504951815064944,0.0015904266452367603,9131143.434547888,75.17222429642337,0.07869559785405307,0.17535345455270632,0.20641491525642566,0.45931897040180575,False,0.0,True
12.36385258694077,1538.2127434258348,0.3720679606847676,10.23741401028155,2.93492080906283,1.5855718597063424,0.5841103254817529,346.205555528986,0.8037020438039403,72.8323158538596,0.49617408432463084,0.6078514370182755,27140.999999999964,22.39841117506013,0.185885766304684,0.7315910319137894,248.660000000516,512.826248375502,1036.0963353805205,894.5643322914528,133.54349084682624,1921.0458397626826,2757.4080539354454,2472122.4272525427,2848568.6684017465,1246348.6852429658,0.014558420991800455,0.0019392748603125408,9163134.184154829,75.68407630777811,0.08925839646871574,0.18431252183221414,0.19503000423936132,0.4858736080579521,False,0.0,True
12.36385258694077,1502.1986693281074,0.4956325518449983,10.495726024118289,2.728825100770755,1.6388984635456616,0.6148213210023485,345.22175606681134,0.8037020438039403,72.8323158538596,0.49253488845994065,0.5411256516459545,27141.000000000036,21.112231388168688,0.18368410582700617,0.8274137334099566,248.660000000516,496.03832672415314,993.0141690765877,844.3556606643597,138.57560971662372,1859.6977493846102,2750.45078433366,2262035.216448586,2632172.782519918,1157987.8915114263,0.013099470864583318,0.001587220446739552,9123085.497872949,78.0954778227351,0.07870175445037317,0.17182897393794958,0.2099909091251862,0.4500262599198817,False,0.0,True
25.821386700408336,1586.6610278915664,0.3250376518337955,6.107500868600109,2.4905748099402074,1.246838271599231,0.9592388395417332,364.1241663112727,0.5016595242000679,67.282553057463,0.5123004001647584,0.7653145268811847,27141.000000000007,25.286054141065563,0.17179507598734717,0.00596001370074563,248.660000000516,592.3544922390699,1084.169576084136,1126.9197253186824,109.57100135750125,1739.9066535978482,2660.9179668647903,2805093.9774668324,3190671.036182994,1542017.9546654206,0.01554906209565508,0.005222339478427164,9122017.454961628,95.4459797298247,0.10774756134703257,0.2396534168380717,0.12738352682207257,0.6529408578008904,False,0.0,True
18.838085614968467,1348.9464444065748,0.4948758538318526,6.24296847756434,2.7431987052870648,1.188390392150203,0.7501724132979928,356.5580261948554,0.7561824728499275,50.510974436614376,0.49950677727964066,0.6443747570217394,27141.000000011038,18.493850109537757,0.16357482502991902,0.813802183151509,248.660000000516,534.2898718905177,1050.8131516226385,864.9925084533505,108.01821533105037,1867.890867951199,2689.0840244690853,2685925.5575209865,2991412.807811328,1160193.7206745185,0.01609306151244998,0.001395913767884162,9013336.013503555,109.25342116034471,0.038878596860620646,0.19740578458519437,0.17863861272380682,0.5249533991141561,False,0.0,True
16.66534684201065,1401.5174007036405,0.4760343535256756,6.966684544129281,2.7170009734648923,1.5152155306720014,0.6276398079196313,349.59576269933314,0.6198254811122966,62.18250117432078,0.5099749225084758,0.7388020273827377,27140.99999999992,20.40664030470939,0.18557126300190943,0.5022181439049146,248.660000000516,536.8658933277679,1063.648225758762,947.3729008701464,113.96723379516632,1881.1592665073833,2717.8019194997487,2592728.3679761654,2962162.5227044825,1415020.8347216086,0.01804230568949659,0.002009520135698233,9027863.145530522,74.94655470776569,0.05627608221580445,0.2149801835938194,0.15351273494486636,0.5834038397436665,False,0.0,True
13.465127005499351,1430.535769641719,0.2198434715233079,9.693602570234631,3.458240682202039,1.6091547057451496,0.6090512623401807,322.559664821738,4.101222838832576,79.97693159348779,0.5183715232310325,0.8992398526898299,27141.000000000036,22.414002591871352,0.18943267880850523,0.6283222435545934,248.660000000516,542.9016780404687,1160.3279586248111,1005.6605779339151,120.66533299701027,2089.2640344921483,2777.3964430195583,3035743.845540188,3442666.0214191913,1523010.179160981,0.02213951216965709,0.002266756672197612,9099771.548191853,71.01738293264535,0.06612440574045939,0.23079656882885796,0.13239233309394124,0.63547252574892,False,0.0,True
14.719765362993147,1457.6627627920602,0.22535720811985074,10.36228575825845,3.5562397271854054,1.5280443976104057,0.8607338886179358,363.47988982404013,0.5129164716402154,57.028694817243434,0.5179722065560212,0.7854997843308712,27140.999999999978,22.767970578791314,0.1759829336846486,0.7126121958654466,248.660000000516,542.4172012479862,1169.7358993898315,995.438288814442,132.10823155755247,2073.585234893373,2741.102887637663,3031998.2161040856,3420490.0377271064,1403628.5896923766,0.01896570750890847,0.0023535421376156907,9130665.093241429,88.87704990834004,0.07216553675538766,0.22229517988732406,0.14130714199653008,0.6113689778865935,False,0.0,True
13.073521340317914,1468.823851368647,0.14392563362228183,9.146049126564247,3.7800906760139634,1.9894468165789414,0.8117175784960208,346.7421123995061,0.9004919937007008,52.40553084987909,0.5245506734410876,1.1134819310785367,27140.999999999993,24.481618808396743,0.19953148283885963,0.472580722585827,248.660000000516,543.2431379600123,1233.4805992431368,1113.7339499065504,139.66051073895326,2286.371021604585,2852.409221991598,3029029.1595205795,3454814.460342872,1853668.973651343,0.026846742825917057,0.0033742702654854977,9084321.907679515,60.66764013580498,0.08263381006501953,0.25632221211319917,0.10264477798186979,0.7140551058617248,False,0.0,True
16.211334997132926,1472.7620047447458,0.3185177268115442,9.963725764066375,2.686905883027998,1.0254651832207322,0.9344734164328401,360.3929482115963,1.3444046384193848,63.17089614418957,0.4799038785480224,0.3746969905826578,27140.99999999541,20.532857955653867,0.17070716606775047,0.7186462845432702,248.660000000516,530.0501336323596,1004.3225150667619,846.7290028052878,115.48853103738037,1744.5977077565133,2619.3535024146795,2717372.3586070077,3087421.304599555,1074695.8266612804,0.00873677235479192,0.0014328786666102746,9149517.410689374,97.57572952252498,0.06667474154518206,0.18473722914769786,0.20729988862869345,0.47122382236538024,False,0.0,True
16.378350460350937,1390.0180271042668,0.48231795410983097,6.966684544129281,3.1678340178115567,1.015107501600697,0.5443493315855203,363.07651317300815,0.6198254811122966,64.0026516380382,0.4809071209085819,0.511488985077131,27140.999999999964,17.934572714179442,0.15458441123270064,1.3499907622303828,248.660000000516,544.0300504420884,1120.2157974168067,832.6823121643996,93.87315628580635,1913.3132656452817,2663.440117425679,2572833.740350097,2849196.704488636,1018403.6795099713,0.012597118414031694,0.0012852041299467015,9113716.585741874,130.88723921229212,0.0478721678052919,0.1811468991482087,0.2097289123482548,0.4634384984189477,False,0.0,True
11.926782206673321,1589.1649867604165,0.2223411850259963,7.080450293356975,3.3988282514569863,1.2852890235733794,0.35394182005458247,355.17359088765556,2.8686573851293424,67.46172355871171,0.48137444843117666,0.5353271717147616,27140.99999999989,22.8354298874053,0.19935604300798684,0.5520670703251739,248.660000000516,535.7181149309471,1229.461633899725,1072.2561465820213,55.84333565410985,1930.1000833265616,2555.0315195536655,2642009.499127974,3007935.1916799215,1294215.816789525,0.010771720281317346,0.003757594486192941,9219486.058974134,61.732998837254605,0.09955543062680416,0.2337684492517542,0.15755607884975736,0.5973774513595362,False,0.0,True
12.30067288961233,1537.3986942836264,0.3720679606847676,10.495726024118289,2.7166355099944166,1.585723178614216,0.6328158181259129,346.205555528986,0.8222032919713607,67.35606709362169,0.493924625380622,0.6054152784238995,27141.000000010485,22.37497784313785,0.1913198991851936,0.6335979818193308,248.660000000516,508.20782112568276,993.4504910828232,876.929542225175,137.02024189122147,1890.6426228369696,2765.0633030637487,2418255.0827689045,2813363.344456711,1241992.5267633991,0.014624360742501855,0.00180721532920755,9155614.826503081,69.35950110347886,0.08836966059344213,0.1810194026089615,0.20000477966649835,0.4750863882914766,False,0.0,True
10.964718284612706,1424.2817936737424,0.3720679606847676,10.23741401028155,2.93492080906283,1.5855718597063424,0.5841103254817529,346.205555528986,0.5438225905544918,77.27192372179604,0.4939346323263945,0.6101093654050042,27141.000000020365,20.284619116403757,0.19663690986166818,0.8600782253324908,248.660000000516,496.4520478186877,1019.9349928442293,851.1184417250313,126.41108184473339,1929.7480505047347,2762.750174977593,2566169.752684082,2953931.6055713175,1256446.6454553828,0.015209049038921504,0.0013499292475481397,9106371.095519897,63.54027633480854,0.05885629019736731,0.1886207406811747,0.1922802849102526,0.49519620060959973,False,0.0,True
10.678551085458144,1401.3504914034575,0.3713101527175985,10.23741401028155,2.93492080906283,1.582791881800405,0.5841103254817529,349.5897457147478,0.5170715802776261,67.32347494994566,0.4939489928045453,0.6246657069954672,27140.999999999978,19.82745844199,0.19812045752622146,0.9095985014228593,248.660000000516,493.00022132378876,1014.4860523828743,838.2761595441101,122.98990254723837,1942.8612112319104,2757.7928709305766,2594635.35288472,2981685.8898742236,1229445.8590937732,0.015719415513448735,0.0012346364401152248,9100754.243550083,62.08523038706504,0.052722857826715826,0.1877622132781141,0.1931268274398002,0.49295777301497745,False,0.0,True
12.302218302507447,1572.3762507493034,0.3720679606847676,10.495726024118289,2.715747924456174,1.5917921193119837,0.632801316715384,346.205555528986,0.8224949412322776,73.12166211363005,0.49234227899731936,0.5723744197303701,27141.000000010572,22.88148763760289,0.19065378533240201,0.6108441610038425,248.660000000516,508.2260281822236,998.8496167980799,886.9856538732871,132.78552257247867,1854.0263097538116,2750.083999816779,2365636.0861988612,2758275.1704992196,1222087.6172171463,0.013557899417241918,0.0019769147086661078,9175258.691105245,70.23941689445941,0.09695080030485428,0.17962414036321628,0.2026881103426684,0.46983621380577284,False,0.0,True
12.302218302507447,1569.7894496518527,0.3720679606847676,10.495726024118289,2.715747924456174,1.5917921193119837,0.632801316715384,346.205555528986,0.8224949412322776,67.35606709362169,0.49250286159244033,0.6016312971043372,27141.000000000036,22.846182511297933,0.1899308469000304,0.6254866238058859,248.660000000516,508.2260281822236,993.7342478362996,880.8258278417592,136.9995726416654,1890.0436204295377,2764.7917756563556,2373940.9103948725,2763928.972843418,1226610.946488081,0.014406088727679522,0.0019227863070293131,9173666.498125752,71.03220727424258,0.0963277209134685,0.17826962171003946,0.20391251646987282,0.4664519973618417,False,0.0,True
11.95948198159575,1572.3762507493034,0.382821870238528,10.495726024118289,2.715747924456174,1.6107961071063888,0.632801316715384,347.24413844797476,0.8224949412322776,70.44935395875926,0.4910731491300588,0.5637636437926088,27141.00000000021,22.738713643279873,0.19130621329062023,0.642400848391323,248.660000000516,503.1030302291622,996.3390141746415,879.0036111870783,129.03082042241573,1851.1557677292178,2742.246123124891,2331263.07710635,2719734.52595206,1193564.313005194,0.013384820149651689,0.0019162889065236232,9177840.088670896,69.54279432040282,0.09641579355949172,0.17723245943060376,0.20607292806413283,0.46237925479990144,False,0.0,True
12.356553743500827,1485.5150362326644,0.15171174855963604,10.36228575825845,3.5807958078448436,1.1536710687864855,0.7946367450521539,361.0138887292488,1.1344577104564553,64.10630907820081,0.4831413678994348,0.550372101978583,27140.999999999993,21.199604111182875,0.17940182826613388,0.9948665911597395,248.660000000516,533.5972926743982,1157.0835781960736,916.3643863528164,94.41876796600572,1992.644234415994,2646.5753920329075,2973654.2553564915,3336786.144676967,1195052.7647262723,0.013183775599689652,0.0017538736201110625,9212190.96563463,84.64108372623309,0.07216378138673572,0.20573615538277693,0.18445261636417856,0.5272733873444225,False,0.0,True
12.867295222076422,1466.8150259709398,0.25759630467366124,10.36228575825845,2.7406501024817223,1.1956006337149112,0.9089315943565432,356.4689443216644,0.5130536565936767,63.52903522419755,0.4814170836892591,0.544125092168671,27141.000000000065,20.657656487931746,0.1843222223032376,0.8149185082946265,248.660000000516,513.9477321336425,969.965344555456,814.4711640867262,126.86347781968215,1861.7337261276964,2733.2859155310052,2737860.321141195,3112616.8052354376,1110389.268466272,0.013558765803467616,0.00120933332308232,9173787.757996645,77.71672148961655,0.06628173145355956,0.17740879762187947,0.21376413277249684,0.4535303540636563,False,0.0,True
21.095006135814785,1348.9464444065748,0.4948758538318526,5.001256216010936,2.595974311448499,1.0351768205170413,0.33821866328934413,356.5580261948554,0.7450120531309198,78.49058659660164,0.4971934191602524,0.6628529748917257,27141.00000000008,18.25058034395952,0.18518587594038,0.38099145433310166,248.660000000516,611.2402676897287,1115.4597310860302,1008.9386976130186,77.4229736572882,1754.5057333471245,2638.9727593312978,3005479.4930895637,3372213.0426288014,1571627.2526869224,0.015843036334889857,0.0021474562566465207,9021536.900929466,75.36259188911497,0.04225498824736593,0.2484595664177374,0.12943588053507493,0.6574822968130719,False,0.0,True
21.095006135814785,1328.7334999256116,0.4948758538318526,5.001256216010936,2.595974311448499,1.0351768205170413,0.33821866328934413,356.5580261948554,0.5217834753564545,78.49058659660164,0.4987852283112649,0.7143826583419645,27141.00000000005,17.93694560737005,0.18472516346749404,0.4108180119855819,248.660000000516,611.2402676897287,1108.4389220160722,994.344931807541,82.13942948457208,1778.7634115400338,2661.3749930274244,3054214.996461211,3419333.35978333,1581521.1117284065,0.01742882032773354,0.0019602394023257546,9007543.379602026,75.81009844528377,0.03665530435631945,0.24723480722745028,0.12943868088030996,0.6563637076488918,False,0.0,True
12.365397999835885,1570.6034987272471,0.25809037152306624,10.23741401028155,2.934033223524588,1.59164080040411,0.584095824071224,346.205555528986,0.6009024174442141,72.8323158538596,0.4980647339164484,0.701463881216556,27140.99999997719,23.726501662299437,0.1943850331111722,0.5361745145653873,248.660000000516,526.3277278071957,1042.7812217409219,939.7671952236394,138.80862346541903,1976.5200567516397,2793.7032022687767,2606161.845311133,3012374.509079798,1390122.8758357381,0.016701500952645356,0.0023369302474371884,9177231.329885488,66.28604194397899,0.09971067302424294,0.19654044974969698,0.1815511766393811,0.5198222759565839,False,0.0,True
16.45298513969115,1584.900012403887,0.3720679606847676,10.495726024118289,3.1665809688036908,1.2128526434760523,0.5323465618152199,346.205555528986,3.6989692143849284,58.082853761617145,0.49453473727926517,0.6536266052622276,27140.99999998768,22.7226615572077,0.1583435951174453,0.8537848383189194,248.660000000516,559.2404479354113,1100.1154642828171,922.7821353690576,128.74017690435147,2013.9643882588248,2696.543098893803,2633996.5545878853,2981560.5803374816,1161836.4627837017,0.015377455627662675,0.002362624065751393,9208552.555612253,123.05201917592235,0.10048824309988767,0.18321372672575958,0.1974573068237372,0.48129148419152623,False,0.0,True
16.492017474482832,1424.4487029739257,0.47678635078028153,6.966684544129281,2.7170009734648923,1.5152155306720014,0.5822072644284427,349.3046453145985,0.6167699474043343,62.429338145408934,0.5085797869202081,0.7466753729820764,27141.00000000008,20.72317668542047,0.18623710766828117,0.49092537526252733,248.660000000516,540.9677006613397,1066.3029985302776,954.7868824293288,113.10591531000057,1887.0747421257424,2721.967779962802,2561081.785095427,2930748.471701106,1422731.3460595803,0.018112457636190522,0.0021530586619160734,9047347.61288214,74.30559207139974,0.06284539001020767,0.21345223339495425,0.15610138057503692,0.5775947665669079,False,0.0,True
13.465127005499351,1437.4671965805114,0.21892919309075118,10.612955637161122,3.458240682202039,1.6078449472580965,0.6426491311340481,322.5453460338157,3.7652665025637027,79.915771743063,0.5174310285373667,0.8653274411356892,27140.999999999935,22.509541454217246,0.18593766678772822,0.6738026640142407,248.660000000516,541.3915858939455,1140.9794694155855,983.768804462462,138.56087707093712,2101.1468042427546,2809.479225669436,3033903.6003706604,3445109.4229054814,1512750.9688906455,0.02133600862891399,0.002149843450949694,9103458.22809652,75.12822872876362,0.0678008399565557,0.2236129507457055,0.1402477326949722,0.6145565072632048,False,0.0,True
13.465127005499351,1430.535769641719,0.21892919309075118,8.539543981242982,3.458240682202039,1.6078449472580965,0.6426491311340481,322.5453460338157,4.081138492552402,79.83937102708883,0.5176706068605443,0.9327979483223179,27141.000000012347,22.40636905897244,0.19287374682042352,0.584366898932414,248.660000000516,541.3915858939455,1177.85663789016,1026.3701906615754,105.64745942556154,2081.455257267683,2753.8740428772526,3012983.230382204,3408235.2541063526,1535344.2848264608,0.022908718880005036,0.0024083502354225114,9099819.329252612,67.28407633037014,0.06592130594071788,0.23727695304455845,0.12640902116780625,0.6524226114532724,False,0.0,True
22.011160619476392,1565.7240633778613,0.2216541336969503,6.323102494251065,2.9765470100388267,1.2148097345919033,0.9832916773126884,363.801553398989,0.5227445167192115,73.71243656548951,0.5112032215935943,0.8257468435122953,27141.000000000022,25.05014913470454,0.17543204987289632,0.14808501325536383,248.660000000516,597.912787861533,1170.7372294112736,1157.6589874046208,98.55009950932809,1861.6366313668377,2664.7274573531754,3065959.1486271387,3443934.368253191,1580286.8678505933,0.017315097216562107,0.005096497863205122,9156994.331231074,89.97565320311006,0.10252484840739329,0.2532320288011448,0.11501748307143043,0.6876642619658658,False,0.0,True
22.011160619476392,1512.0297575417144,0.2216541336969503,6.323102494251065,2.9780352136913275,1.2218061355464207,0.9836518120535747,362.1876538312027,0.502787594912749,74.25785491337437,0.5147509666447182,0.8325941687206105,27141.00000000014,24.297485336685984,0.1770719898035225,0.1615852109774649,248.660000000516,597.8874309687394,1166.84117343231,1142.4247000655012,102.20452535082268,1873.4986765555514,2675.776526602622,3158309.7146889903,3542603.6261252733,1617837.3700576043,0.018329266269428754,0.00426817206381745,9123699.82925607,87.18068210721802,0.08867696308313802,0.2578644969031314,0.1077679217970561,0.7052561089080452,False,0.0,True
13.465127005499351,1430.535769641719,0.16892798008223092,8.415750919505369,3.458240682202039,1.579145274914076,0.6426491311340481,322.35994276316285,4.329678062448594,79.83937102708883,0.5178205683697449,0.9772459665473618,27140.99999998774,22.665009069126146,0.19700790244376212,0.5186061850957604,248.660000000516,548.9425754229724,1185.211966995509,1047.826969696595,101.31895083936385,2087.1438099897864,2752.567243098587,3098146.1428383035,3505148.3086129175,1584909.173849902,0.024008261918715298,0.002515170859334667,9103198.415183026,63.159974285305026,0.06649566977918762,0.24484628901513253,0.11882327229592028,0.673265829926611,False,0.0,True
20.405400754885072,1374.0337398576432,0.10601564785035819,7.830058498692321,3.49301040296481,0.9586750320327146,0.18162572783830597,368.6896391607319,3.318697659366851,21.169593832057153,0.5194049334102537,1.2511634236334754,27141.000000003674,21.87663636589495,0.1720116053392259,0.43401148761513825,248.660000000516,644.6429283774388,1222.7084557022781,1093.5433045957834,137.22949252271107,2339.7860695007,2914.8285382839017,3952162.8101558015,4361528.376919103,1719217.2303950796,0.0316431907520032,0.002314635728837556,9068542.933473509,94.52858201609793,0.05157961668960862,0.2709225969682785,0.09136708097000863,0.7478065577524619,False,0.0,True
12.356553743500827,1472.8416502064686,0.2251936398401227,10.36228575825845,3.2336326383889795,1.1545094586681135,0.9344734164328401,361.0138887292488,0.7913051292613912,63.17089614418957,0.4779852509083828,0.49324746192980956,27141.000000000095,20.496924281816792,0.17669802682207383,1.0695795112395368,248.660000000516,513.788328225918,1069.1079123329948,841.5465350719663,104.15856247354182,1913.685885801487,2668.700867411142,2787951.120524045,3135243.864405174,1072722.839611766,0.01205677285955011,0.0013304565046868976,9202900.528537339,88.49699120572457,0.06708615398545974,0.18493639472433698,0.2092638982539354,0.46914321987713575,False,0.0,True
12.669516505176198,1535.5710014281244,0.44500051349377795,7.06155410228333,2.9351777446207814,1.246838271599231,0.4328736580744251,368.347430750896,0.5016595242000679,67.282553057463,0.47565046403508604,0.4204228168868498,27141.000000000124,20.502646535656204,0.18405920827405822,0.8555134516441455,248.660000000516,522.7515995144115,1102.7087170045843,904.7767103202245,65.52493660563357,1783.0792706332734,2604.3288825535024,2326004.377510201,2646989.4238364026,1057977.5342225381,0.009387354287074967,0.0020233413860510758,9201116.288476076,78.28287151197237,0.08413096270924947,0.18718391780684857,0.20848195018023033,0.4730858356803255,False,0.0,True
12.294919459067504,1553.213490648384,0.32281089988815986,10.36228575825845,3.2244104082838434,1.2479517247053087,0.9602589672226219,365.8943589337829,0.5127101145349219,67.29690527077032,0.47450907687871446,0.389157609877058,27141.00000000011,21.35080229372583,0.16654991248492293,1.1809949542696696,248.660000000516,491.58679731895563,1071.9629036008241,829.5952363981137,98.98558163298198,1857.9547561647948,2637.8807545046743,2436324.001292314,2749369.7828161195,936295.0542563964,0.009083643042668028,0.0014784836470052467,9220431.301814696,105.88072023837447,0.08435741422023703,0.16830332143279988,0.22862481773302823,0.42401458809773707,False,0.0,True
12.294919459067504,1437.1152300697222,0.22495606673997026,9.672294054207455,3.2244104082838434,1.1607296782673306,0.8689735955741731,370.638658096769,0.5129164716402154,56.986675047984484,0.4806052436763675,0.5326076979816329,27141.00000000072,20.063419661752285,0.18494671637464238,0.9399049301921332,248.660000000516,516.2268038116604,1100.4479543742827,876.8717300707677,84.69998121907773,1904.52376769656,2651.2880564156817,2847198.141001602,3211442.076916752,1121556.9751323801,0.013026881164341917,0.001428624366577964,9177921.272362515,76.96678213674319,0.05898135718540258,0.20078494094247926,0.19115560597392375,0.5122841781034323,False,0.0,True
12.356553743500827,1472.8416502064686,0.2343756817553504,10.36228575825845,3.639899431439039,1.1545094586681135,0.9089315943565432,361.0138887292488,0.7935249009034018,63.52903522419755,0.4797569681145387,0.5286630067488384,27141.00000000347,20.42382315402899,0.1657214190398529,1.354871288492138,248.660000000516,513.137047787669,1132.414604221725,843.8977487360457,108.03442376416942,2019.087236485543,2679.2936631256166,2788490.7357487227,3105222.1993043865,1046653.9386556437,0.013001082815890052,0.0013473598502820056,9209188.31525108,107.34561301423618,0.06700352566670996,0.18357578133374375,0.20919077974759295,0.46739157434465933,False,0.0,True
20.380232549281118,1462.5303463011328,0.3019881744932261,9.677954899702653,3.31666079777051,0.9376194479569955,0.9798026839761933,370.57834148312276,0.5253099314330631,58.47300147442333,0.4932119632004043,0.6090054195395613,27140.999999999993,21.010364386889268,0.14666094078858272,0.9091446927758982,248.660000000516,562.1928039811825,1128.2283552567576,909.7225155895153,137.6394306176804,1972.2860574857948,2697.5357433403524,3034481.7144981306,3367187.9697215687,1149034.6418107785,0.014718050480352724,0.0018109656113705068,9143377.108262282,153.76663463152622,0.06692161214887418,0.2008284011646463,0.18061527870690267,0.5264955529798664,False,0.0,True
14.836989755520657,1423.3244077775844,0.417012642692137,7.041639687837599,2.6321805238864115,1.2524177139013632,0.9652218508698654,389.42823988782936,0.531822667051358,20.87055467981577,0.48417086653925545,0.5981199984110674,27141.000000009073,19.786355545872322,0.1917843370680362,0.489092626245248,248.660000000516,493.9696034488152,1067.5410232944675,930.8850919404268,67.24778560866388,1780.3662768394165,2644.6736328748675,2413945.446656942,2779922.435413054,1086057.0486742929,0.014379877395910968,0.0018536974809692385,9075966.571824692,68.25781116390213,0.05485755182698316,0.2163743404026843,0.17180993303496023,0.557401098417866,False,0.0,True
12.294919459067504,1429.4244740637641,0.23088813855197415,8.281363894769845,3.630677201333903,1.163278038114943,0.9666034598008472,365.8943589337829,0.9771905929245275,55.0953785030342,0.4818599062106816,0.5771730725422813,27141.00000000043,19.86270833116186,0.1759199020015925,1.1654211697746197,248.660000000516,510.36260098549866,1180.7030291353112,889.5739591465684,77.0663316573806,2017.5287431025856,2641.0665028342864,2846315.35611434,3164163.8600057447,1093018.5749087408,0.014186565019051632,0.001478489342818674,9184412.449716285,89.49635180370876,0.05666888567529078,0.20448653859665689,0.18649059836229634,0.5230140570038625,False,0.0,True
11.928363212170947,1279.7086330919892,0.0946228942920716,10.363030655530661,3.639899431439039,1.1545094586681135,0.9089315943565432,361.2129616639162,0.7391699578294707,63.52903522419755,0.4977022531006324,0.7097254141549281,27141.00000000005,18.48818233770431,0.19413499101674966,1.0398772378267442,248.660000000516,537.0631263302611,1150.0972920268623,891.679936299561,103.00499712129448,2049.4620674034823,2704.6550558722433,3502950.3313030535,3910207.3390631247,1371551.2222263217,0.01822983491964068,0.0010328225459382606,9108547.57792741,66.04448351198627,0.020970394696057607,0.2329722362835538,0.14572290000072655,0.615197328831457,False,0.0,True
12.342122264104216,1584.6915157336211,0.3720679606847676,10.495726024118289,2.7166215045625024,1.6025227180142656,0.6175014539850906,331.5765913456458,4.673624772367098,62.10832063638444,0.493732945459661,0.6999013395544037,27140.999999999876,23.07998869771793,0.19031256911551295,0.6027441603229557,248.660000000516,509.8966009955571,1004.9774587282155,894.6013239768317,117.06394806151381,1917.156922716673,2749.4512109311586,2359359.8730202555,2751630.237185768,1180947.3584707803,0.016919246228836466,0.002076776028009516,9189889.73192807,70.73050538155643,0.10037171650303241,0.17910132653030367,0.20221136972050568,0.4696967299837804,False,0.0,True
14.820495999605633,1383.9847414653473,0.3133547905428578,10.899478448108304,3.365971195186582,1.3066591517562578,0.7881387644613984,360.3787399621267,1.3508768541878438,37.90177093825011,0.5079290962174015,0.7675608496047259,27141.000000000007,20.22172791468029,0.16478749910725574,1.0732750658268804,248.660000000516,530.580759885223,1087.104853329632,864.8536694633411,148.54057305986052,2127.6940056937415,2774.2060473518422,2979247.1144292555,3335423.5693154763,1203972.6781907259,0.019498759201811024,0.0013336098173108515,9100864.486057555,107.89684268544178,0.04879407818417805,0.19465379648897388,0.175822357091358,0.5254151842374014,False,0.0,True
14.710585153604713,1383.9847414653473,0.14958004765610752,10.9990222983129,3.5497539699387812,1.3066591517562578,0.7998219094784991,363.5187499341367,1.1432930931621392,41.20366082009777,0.5151367461013442,0.9013327845495306,27141.00000000005,21.418274019026565,0.17941750714532947,0.7601378619686486,248.660000000516,561.0662921764945,1151.2243549111931,964.2904108928144,132.6724282597635,2160.5962735712837,2771.4463673405257,3362524.3915321305,3777228.9596067024,1454464.4418733083,0.022725269773025556,0.001737803332433298,9110321.910802368,83.68317420702449,0.05146918577984991,0.22889670736345308,0.1367946378065792,0.625928697484008,False,0.0,True
14.921983742669289,1383.9847414653473,0.14958004765610752,11.9137303518406,3.5497539699387812,1.2669660821159525,0.7998219094784991,363.5206954386448,1.1432930931621392,41.99646335214979,0.5133465008633427,0.8684808691245589,27141.000000000036,21.330959833345975,0.1764486062343374,0.7994054117307701,248.660000000516,563.357948794332,1139.019781100333,948.5509502229735,142.73972312757624,2160.0814688241894,2774.3653168402275,3377635.838294687,3801416.5691719134,1447814.2773269513,0.021917906333416694,0.0016535329354929922,9110021.650434108,87.97587385983678,0.05117310423510944,0.22477706237528658,0.14217045632144185,0.6125591560711938,False,0.0,True
14.781195568535239,1383.9847414653473,0.14958004765610752,10.953575271281448,2.983270541021879,1.3066591517562578,0.7881387644613984,363.5187499341367,1.1679942913493386,38.572669117884125,0.5107695161049305,0.8625491047344921,27140.999999987856,21.509974103484065,0.19546688717363264,0.4703733089114032,248.660000000516,562.2242759004725,1064.6202156265729,954.3269967732967,128.3131811878966,2022.362943825041,2756.832517459833,3294989.012006675,3766922.9499464147,1517243.2373066973,0.02172636540009889,0.0016840798514894848,9089122.767084498,64.56560961300686,0.051597058610960166,0.22934019841739792,0.13934727023250995,0.6220450053732935,False,0.0,True
13.465127005499351,1430.535769641719,0.16984225851478768,7.995375491401653,3.458240682202039,1.580455033401129,0.6090512623401807,322.3742615510851,4.34976240872877,79.83937102708883,0.5177470636085605,0.9977583176746245,27141.000000000022,22.684203759656793,0.1989723287319076,0.49255851395394373,248.660000000516,550.0178861844156,1194.4765709292612,1061.273190002727,95.91996738073173,2083.9469171993624,2743.811485587066,3089139.996355471,3494321.830702683,1604246.229835351,0.024470913358224454,0.0026092451417825528,9099909.436490977,61.28552326231207,0.06665197087877804,0.24891737408356618,0.11477647087393793,0.6844145908288631,False,0.0,True
12.294919459067504,1569.6935552242426,0.22108135415176133,5.591694791877998,3.141372503914323,1.250566892543909,0.9356260229777553,361.55413146679206,0.7905915067156016,67.282553057463,0.4764045923180044,0.528466455366569,27141.000000000022,22.319336960367096,0.19889536444188916,0.5596623153841294,248.660000000516,513.9056791005257,1156.3147837619467,1002.985621753774,53.27528893837391,1837.6132921829358,2585.609311170381,2600832.184799513,2930249.6493169116,1199261.6515755607,0.011499578187814325,0.002843529877289738,9226610.97252708,62.210988546268084,0.09114422020808413,0.2197671678871402,0.1758187653270659,0.5555484900625582,False,0.0,True
12.863301850040399,1328.7334999256116,0.4948758538318526,4.996158317706854,2.6779127499906896,1.0351768205170413,0.40393169253102973,356.5580261948554,0.5217925149625495,78.49058659660164,0.46466599708476874,0.419462916711528,27141.000000000065,16.268902172275226,0.1932211116132733,1.0143534218718728,248.660000000516,524.2323477030185,1060.8868825074132,825.7748210704098,54.24957080833072,1720.0476805152982,2596.0521582015867,2472495.953569554,2779419.5790750664,1080271.4504113998,0.010294906029605977,0.0010897369928616323,9095245.527448183,66.88821022868703,0.03198047795915769,0.19587823106460792,0.20858445917801868,0.4842924595766934,False,0.0,True
12.238932843685573,1356.4348730141064,0.4948758538318526,6.283008777692849,2.7431987052870648,1.188390392150203,0.7501724132979928,356.5580261948554,0.7561824728499275,50.467768455716964,0.4682643243033018,0.46286108900716916,27141.00000000021,17.145671826993226,0.17776108938435978,1.2961236443708726,248.660000000516,480.513039497442,1008.4889955485432,757.5961342851924,74.89015871779286,1813.853759916479,2643.531321510774,2320412.8426351086,2601297.0856847838,902375.3398889005,0.011668343255182788,0.0008941695615608883,9087997.838828553,85.83353176219323,0.037553170067931366,0.16752479470745688,0.23376453947264597,0.41746635267477605,False,0.0,True
13.468736394487717,1545.367470166879,0.3185177268115442,9.963725764066375,2.722416015801421,1.0254651832207322,0.9329395926737505,360.3929482115963,0.5618795632263247,67.51392129189145,0.4619251344062625,0.3897888059436227,27140.999999997184,20.568490006078804,0.16697060215815127,1.0648177921332862,248.660000000516,505.8436184986504,964.5658423848513,770.1011073877146,113.05986587038417,1776.9950946784793,2674.9360419855925,2453563.036509573,2771853.5515412125,902275.0676350123,0.009434772594779945,0.0011444853873348215,9222530.046070937,105.10634051271023,0.08053998194882486,0.15554038368284678,0.2520543544853778,0.38160547504087594,False,0.0,True
15.126192758604487,1583.705392559177,0.3720679606847676,7.248718681045208,3.168219180495512,1.0233936298829085,0.5323465618152199,357.0853521150005,3.8775225362692236,58.082853761617145,0.4712844688581376,0.4977311392045071,27140.999999990025,21.356069385351,0.16869569296852543,0.8174786078232238,248.660000000516,546.4386579976399,1167.9217526877976,954.9233970311537,72.35209452513762,1932.2234571706147,2594.2533027537256,2492175.7279687347,2803893.053362365,1076954.9796982137,0.0109217032703001,0.002587217578844461,9224929.7652528,101.94125160623996,0.09388076089721119,0.198399517871047,0.20100848189895898,0.4967339612258464,False,0.0,True
16.078631641087867,1430.5209356130426,0.29171939549501597,9.935813299314113,2.5393513694889194,0.9797235527417508,0.8821670673563072,361.6056360073021,0.515664981412999,52.1753074878129,0.47998135631385014,0.5673321920268432,27140.999999989966,19.86600488354924,0.17380443766005377,0.7391315388772739,248.660000000516,539.2268125903512,943.7108848632527,802.1953828047233,137.67905950188245,1843.0021566102164,2740.268505801332,2894949.44003525,3271636.317219066,1114743.3521244884,0.014280200659706416,0.0011177623640884428,9140337.541014917,92.3588524631712,0.057176609432954606,0.1780496862707702,0.21394908180429267,0.45420981077337447,False,0.0,True
12.286937699916018,1529.2577618893617,0.23413810865519796,10.33706637736244,3.630677201333903,1.2008089756611662,0.9948466029226485,365.8943589337829,0.6490401003873427,57.386833897251385,0.47851860732038887,0.5443508070274959,27141.000000000065,21.34404412987344,0.16541014117891456,1.2821097515539979,248.660000000516,508.1882801854831,1138.577360702376,860.5114837826428,101.69221511736559,2024.474806292063,2677.5401935731347,2691569.729008097,3004673.0779719176,1020813.7344560698,0.013206825085802534,0.0015674001677307707,9236006.670863435,108.26715329621915,0.08021984708238913,0.1811671620072803,0.21276214780926359,0.4598976453203021,False,0.0,True
10.49669333311281,1424.2817936737424,0.3720679606847676,10.23741401028155,2.93492080906283,1.582791881800405,0.5841103254817529,349.2986283300132,0.5139792047146141,67.57031192103388,0.49112660776623457,0.6150349676499746,27141.000000009728,20.07322378122353,0.19727934685166473,0.9276796231941846,248.660000000516,490.64353585772614,1011.8187008893767,834.7582658691858,121.80049763301389,1942.7102609855672,2757.4344615198547,2543844.9773197277,2924255.019531432,1204064.8087295527,0.01542936611969215,0.0012632979373017946,9117399.146898545,62.99774159779048,0.058232858701710334,0.1838318264072308,0.19929271473004795,0.47982263381389956,False,0.0,True
11.713086144445224,1567.9871477367853,0.3720679606847676,10.32854358854833,2.715747924456174,1.5917921193119837,0.632801316715384,346.205555528986,0.8251173080860028,63.013041945919795,0.4893320807289875,0.6104662977830887,27140.999999989937,22.5968686287547,0.19173984331623867,0.673403845849651,248.660000000516,501.61539654620606,986.8521553709163,866.0220983358041,132.02157386147655,1907.1287071729519,2766.123344069568,2349164.3771894407,2731350.3063267395,1195990.3954372127,0.014773323728461765,0.0017953420596629021,9179095.446102336,69.08148396783416,0.09481093738799434,0.17499452814779365,0.2096949577947707,0.45489813094065434,False,0.0,True
18.12436150077144,1348.9464444065748,0.4948758538318526,4.879865338980592,2.595974311448499,0.9441176638595422,0.33821866328934413,356.5580261948554,0.5342476500495901,78.49058659660164,0.48047302980406775,0.5987878546503218,27141.000000000444,17.27150428604117,0.18384035165320564,0.6208973742203933,248.660000000516,585.4978575227403,1083.839467427906,924.794443279918,70.37208250891514,1754.1654948846246,2639.6501143353353,2869288.991005995,3200173.719873594,1340519.9131070478,0.014609186868986388,0.0016425142940782627,9068221.141970295,77.42807342065079,0.040081726076311365,0.2230286820211653,0.16806823401781718,0.5702644865625455,False,0.0,True
18.838085614968467,1348.9464444065748,0.4948758538318526,6.24296847756434,2.2993867513634423,1.188390392150203,0.7404508936866183,340.1177517494305,0.7604344885429415,50.510974436614376,0.4938649889218113,0.7405206224382967,27140.99999999992,18.582402738489474,0.17912525540097382,0.5065817411207864,248.660000000516,535.6578382331024,963.3832272598186,853.375270770479,124.56608023542474,1854.4756283235045,2753.4404932420066,2635126.8104775795,2982247.9433482895,1323321.306837921,0.018760043970305968,0.0013384262432917875,8981857.37977519,82.90764206596883,0.03898429443294513,0.19830948971411613,0.1819362074011512,0.5215298719185789,False,0.0,True
18.838085614968467,1368.462801395549,0.4948758538318526,6.24296847756434,2.2993867513634423,1.188390392150203,0.7404508936866183,340.1177517494305,0.7604344885429415,50.510974436614376,0.49302141777526803,0.7335636894285682,27140.999999999905,18.88219077507427,0.17785732398934812,0.5050973084470837,248.660000000516,535.6578382331024,963.1535002843168,854.7963968108777,124.58160530369885,1854.3094066956742,2753.313757848328,2597392.518161484,2940177.9070368027,1306952.632469453,0.018515650530690386,0.0013940015640903146,8996510.266437728,84.83160731021042,0.04394269794751688,0.19551197334670825,0.18540846520260762,0.5132619664392103,False,0.0,True
10.502330499956374,1540.4908948661728,0.14710091250397347,9.17310154935086,3.912500492594229,1.673864128360784,0.4370129742715968,351.8214932294423,0.8037020438039403,72.8323158538596,0.503291323215863,0.7716979687059858,27140.99999999455,23.465333120615025,0.19197888157537374,0.8614664724056356,248.660000000516,518.9143581805184,1226.16095579943,1012.3783404894808,98.38295363823384,2109.0339174129917,2717.4809545317066,2848011.263864306,3208652.0160906315,1380444.595236213,0.018176941000834872,0.0027677135678100865,9194151.772455145,68.93664982146075,0.09239254706327629,0.21859398307563738,0.15587812468197365,0.5837390250093855,False,0.0,True
22.108475466919828,1573.8960495476038,0.2411672406740472,6.109246194542737,3.2117593596455243,1.023683101247418,0.7570071890506648,361.5560501898421,0.5016595242000679,75.65794561428609,0.5037229399978932,0.8338702989536843,27141.000000014224,24.101698051571226,0.16109357749416403,0.37153521161644976,248.660000000516,609.880199804079,1196.747639841986,1103.8995579512227,104.29947341523557,1952.58579636309,2695.1015939517124,3148579.429903715,3478559.3731299723,1446072.3819041364,0.01828991443504954,0.004342159348864267,9190216.35237242,116.62453729297715,0.10095896879953245,0.23736850018108815,0.13640713440618532,0.635056109109928,False,0.0,True
14.781195568535239,1383.9847414653473,0.14900726811092516,10.904554473136548,3.365971195186582,1.3066591517562578,0.7881387644613984,360.99434872771513,1.1592298262839054,37.90177093825011,0.5147430908978178,0.9132453521126449,27141.00000000005,21.459754709698245,0.18188021024371345,0.7034321935890052,248.660000000516,562.3426601237802,1109.8209843080613,946.0121409370169,145.62970092654595,2163.8871729841,2806.001639824894,3358796.2814835683,3779740.9692468694,1468067.5194900748,0.02314206417481149,0.0016443279268778543,9106542.191137575,80.2963932885194,0.051588645857037506,0.22385700326005822,0.14209039423425235,0.6117190743610591,False,0.0,True
18.40139333956064,1439.9470406358564,0.2923934385500579,6.441453266750023,3.347127026350094,1.1695673169965093,0.14251833776584466,350.16660793658673,2.998507056892462,39.74094766393101,0.5155300396005568,1.1404728400532633,27140.999999999978,21.784573249180156,0.17493265201466285,0.5261498802707928,248.660000000516,619.8348114474492,1205.7958287773463,1066.0741842325178,114.5930026164869,2210.0988877308077,2823.2187993154726,3295624.5499316226,3653272.6567046503,1617731.8742569275,0.02808919025250105,0.002864383099384548,9115157.778321348,90.3338305944005,0.07078319311220178,0.24492000467536015,0.12007318060011535,0.671026239820091,False,0.0,True
12.294919459067504,1569.6935552242426,0.22495606673997026,10.36228575825845,3.2244104082838434,1.1607296782673306,0.9033795205622538,365.8943589337829,0.5129164716402154,57.028694817243434,0.4727666112293748,0.5292771119731096,27141.000000000022,21.788576262565304,0.17273068809336029,1.0525825482829338,248.660000000516,514.6112607536514,1067.1349408325773,849.9657242363955,103.44860952964083,1939.2086060219697,2688.9878629624527,2643261.7524421755,2976046.6555706183,1023345.6524753356,0.012782137625029336,0.0015829724710328438,9253377.190695325,95.25562548362785,0.08950466221545846,0.17539719326801945,0.223355967507393,0.4398640826493848,False,0.0,True
12.294919459067504,1529.2577618893617,0.23413810865519796,10.36228575825845,3.630677201333903,1.1607296782673306,0.9495380518377524,365.8943589337829,0.6490401003873427,57.386833897251385,0.47577795386364363,0.5409400625828914,27140.99999999986,21.160685646292606,0.1642003730648755,1.327581767767859,248.660000000516,510.50325073733956,1135.8101511616753,851.7133504711173,102.24772366088017,2027.581207878681,2680.32757524974,2688592.442341872,2998745.496744396,1009399.2031899458,0.013170966353834468,0.0015106878847277107,9239378.79057217,110.71825460630481,0.079819010096882,0.17909755146377798,0.2170843001620024,0.4520589490125038,False,0.0,True
12.294919459067504,1522.3263340719795,0.23413810865519796,8.288874102340634,3.630677201333903,1.1607296782673306,0.9495380518377524,365.8943589337829,0.9771905929245275,56.863096320716274,0.4757062511191857,0.5361467589736649,27140.99999999055,21.07852873025073,0.1713770135303039,1.1532990527826583,248.660000000516,510.50325073733956,1182.5330913966197,899.5700358172384,75.97584998166438,2006.465500731716,2632.844537286853,2687723.6080455356,2991686.360533625,1042090.874396462,0.012756299202304054,0.0017952599829951196,9232904.199959874,97.3149345892842,0.07824344193900391,0.19431364990800656,0.2018906673145091,0.49043799237269897,False,0.0,True
12.863301850040399,1328.7334999256116,0.49630164115352915,4.996158317706854,2.6779127499906896,1.0351768205170413,0.40393169253102973,352.2704424034795,0.5217925149625495,78.49058659660164,0.4645351825488809,0.46752281078456015,27140.99999999989,16.257473590733756,0.19135461947179225,1.0547340765954596,248.660000000516,524.1319918869049,1052.8674878060185,816.0714661798415,57.758463119481426,1746.7597735920042,2615.7681740003886,2469075.6968420576,2770930.9447208894,1084243.059764821,0.01163406338079756,0.0010549732267061353,9094792.262439536,68.86123505924412,0.031975386894955944,0.19215590379177833,0.21241655981064853,0.47496041149407003,False,0.0,True
12.867295222076422,1472.8416502064686,0.2343756817553504,10.36228575825845,2.7406501024817223,1.035579017982054,0.9089315943565432,356.4689443216644,0.5130536565936767,63.52903522419755,0.46823610776924207,0.524666947616387,27141.000000001157,20.039533046908566,0.17994965992653966,0.951439193084066,248.660000000516,518.7258151380951,955.6927539091243,780.7505108812053,127.0099829503966,1870.1141475048812,2740.0328150137084,2762991.4036021233,3122307.616317224,1055812.869419932,0.0131900712728138,0.001049914352443167,9199911.69402513,83.75860680940823,0.0658002518141506,0.16984494397244973,0.23241178753341454,0.42223020939047645,False,0.0,True
12.294919459067504,1529.2577618893617,0.23413810865519796,10.36228575825845,3.630677201333903,1.1607296782673306,0.9495380518377524,365.8943589337829,0.5899415284660166,57.386833897251385,0.4758652123483375,0.5514038152226658,27141.000000009917,21.158704788440858,0.16371725041649338,1.3415167137927124,248.660000000516,510.50325073733956,1132.4943831309884,848.3388093968795,104.5564018781099,2034.003174337231,2688.9999049744647,2689575.1020865496,2998122.6549683125,1006922.2272491227,0.013474609883703477,0.0014910410652603655,9240058.07351102,111.70953682471705,0.07981812207825216,0.17804761255382828,0.21806682161044647,0.44948529313119956,False,0.0,True
12.294919459067504,1569.6935552242426,0.22108135415176133,6.107500868600109,3.201603472952064,1.250566892543909,0.9631312191304514,361.5560501898421,0.5016595242000679,67.282553057463,0.4777118272432506,0.5863717254415871,27141.000000009117,22.276598740855402,0.1906648281650826,0.6924255213891148,248.660000000516,512.638796511463,1140.9721479903612,961.6510545200625,63.93547055806575,1885.2249388611508,2628.533911088827,2620748.1216981346,2937554.8862593155,1148922.2447033487,0.013468513721669408,0.002446201278546054,9236772.769332042,70.69804062617922,0.0909532366689794,0.20678955892590356,0.1877977449762928,0.5240654143731879,False,0.0,True
12.294919459067504,1573.1861305336154,0.22108135415176133,6.11961902413007,3.063967101045621,1.245686097959634,0.98661515663672,361.52552917997446,0.5016595242000679,67.282553057463,0.4763598269157103,0.5591127032752071,27141.000000009015,22.292868024326808,0.19407101250640374,0.629924810005209,248.660000000516,511.5568711659518,1115.6627695057452,955.8333261071743,63.01117911050831,1845.2935020663112,2622.5084946462684,2601023.496384983,2925026.3758841176,1140040.2978639407,0.01276907368813465,0.002405804191462787,9238156.388610035,67.05052333035601,0.09151709668759488,0.20534480094152754,0.19036513025828278,0.5189275900124943,False,0.0,True
20.380232549281118,1462.5303463011328,0.28442899535235777,9.677954899702653,3.0280667238598453,0.9718670309048598,0.37792417932809985,370.467005073763,2.8288975643405623,58.65217197578671,0.48955727159152135,0.6483702187443615,27141.000000000007,21.818858024815544,0.18873476312570442,0.16946460724931556,248.660000000516,619.3109467975037,1209.313468940906,1171.1219013628554,140.9113259048999,1892.0927364061226,2610.3138397595308,3278208.38456551,3804388.547612286,1778817.9207967548,0.013750140844609024,0.003847275262331696,9059951.98718587,71.49391372543565,0.07317187796787877,0.2887184927352276,0.09524081595586116,0.7519507567597837,False,0.0,True
21.46016956617217,1405.4806993971747,0.4371003081212149,6.353899289162521,2.6858376280392005,0.9738897625442808,0.9744114718901885,361.27272080472846,0.6671743075146087,25.335616421165234,0.48976315019992034,0.729218356973515,27140.99999999995,19.311531348857137,0.1451226673421623,0.9073053543853974,248.660000000516,532.566396934439,1005.7961525659097,814.6963378729606,140.63316188727075,1964.528647840427,2774.104387165424,2703409.264738152,2971967.324327958,1006208.4864371587,0.018534788136887262,0.001256927289730873,9062558.35162817,157.30551053818905,0.05065572215792055,0.176403423253879,0.20715336704719198,0.45991474460773335,False,0.0,True
12.294919459067504,1453.815803708672,0.22495606673997026,10.36228575825845,3.7125587153482833,1.1607296782673306,0.8658320005631636,365.8943589337829,0.5129164716402154,57.028694817243434,0.482640213320011,0.6151438756279763,27141.000000001754,20.248895560049085,0.1665209612016931,1.3712074385565274,248.660000000516,516.3742917324569,1145.107670925783,850.0747606752976,108.81605747556762,2073.907120199112,2710.8689946536647,2853665.1139027197,3173491.7187044816,1069786.4356684322,0.015361378349323674,0.0013342415790963107,9201197.842786575,105.714976750633,0.06293669984942607,0.18748113345953155,0.20293963362004994,0.48020276908404386,False,0.0,True
20.380232549281118,1462.5303463011328,0.2843456407013233,9.677954899702653,3.0280667238598453,0.9526118947538234,0.4630342541828507,370.467005073763,2.8288975643405623,58.65217197578671,0.4878961905233907,0.6165315807747742,27141.000000000065,21.664237088846143,0.186316036359883,0.2000101163004652,248.660000000516,611.9998571423002,1202.2943025988413,1151.884958931817,140.41839408428334,1886.6946824996521,2603.9702164532605,3261652.743758165,3774307.028704124,1715361.0344437673,0.013042650533117546,0.0036906331006906438,9067510.981804496,74.37658904827437,0.0723143875686128,0.28328891365312464,0.10199089249029919,0.7352809805652462,False,0.0,True
18.838085614968467,1348.9464444065748,0.4948758538318526,6.24296847756434,2.2993867513634423,1.188390392150203,0.7404508936866183,340.1177517494305,0.5934408150698205,52.36332029584422,0.49343679895441156,0.7412781919569235,27141.000000000065,18.59018984104359,0.17954063322079342,0.4990250561547382,248.660000000516,535.6578382331024,963.8108979333458,854.979792517205,125.45574553362671,1858.4210453680387,2756.3439394930247,2632774.6538521065,2981321.979723195,1339869.9051926737,0.018773791503792284,0.0013452399041106258,8978952.335145304,82.30690769123284,0.03898601460829976,0.19922995561499987,0.18133798040632662,0.5235069399116044,False,0.0,True
21.46016956617217,1405.4806993971747,0.4423186774500232,6.353899289162521,2.6833178417402688,0.9738897625442808,0.8487424245038846,361.27272080472846,0.6950719306990438,30.214774157320328,0.49131345846979,0.7390434927498541,27140.999999999935,19.27721800511077,0.14922425522381658,0.840862223638817,248.660000000516,548.553377373377,1019.6729471693604,838.7922749872234,133.65968947165862,1952.6359111051338,2762.42839853001,2766520.9432382984,3048622.2987464974,1070089.8969161399,0.018681020562977477,0.001377358873746269,9068778.668576641,144.7869499912117,0.05182644968654697,0.18290796274057794,0.19948968085354432,0.4783187496173927,False,0.0,True
12.257517248172135,1383.9847414653473,0.14958004765610752,11.9389497327362,3.5497539699387812,1.2669660821159525,0.7998219094784991,363.5206954386448,1.1432930931621392,41.99646335214979,0.4988020627508591,0.780841724838507,27141.000000000924,20.32499167303112,0.18296701172144647,1.022555806856163,248.660000000516,532.6185361316826,1115.4747437329277,887.3814756121977,120.9813521304487,2127.652955649821,2746.281741403794,3189186.054593414,3588869.74330067,1290962.9772065617,0.01986957480986606,0.0013232504439765775,9143168.736087754,79.19125513626433,0.04857522675952556,0.209410773001915,0.1683636776280573,0.5543275164657219,False,0.0,True
18.838085614968467,1339.8094833731825,0.44622127230206216,6.24296847756434,2.2993867513634423,1.2256395596556189,0.7415369830646973,340.187354617968,0.5900846409993102,42.431575639218586,0.49893664167544916,0.8398388641452131,27140.999999999978,19.13741770306972,0.18923964122066936,0.33980574630934185,248.660000000516,544.2036309490936,975.0584658093101,896.8048257108428,127.95758470695249,1902.5079904121283,2782.0687036987333,2768075.760163622,3149371.554890315,1510702.1346112257,0.021314857621168422,0.0014792089905967926,8963968.28475595,70.17183608332975,0.03752375271909038,0.2168485688483154,0.15957067640100014,0.5760825770337249,False,0.0,True
22.011160619476392,1573.8960495476038,0.22108135415176133,6.107500868600109,3.201603472952064,1.250566892543909,0.9631312191304514,361.5560501898421,0.5016595242000679,73.04814807712778,0.5143268644319618,0.9139736458986728,27140.99999999995,25.311338113384096,0.1701619163959947,0.2184885986760498,248.660000000516,599.5107757725862,1211.1778059493683,1172.6330534383596,102.59301085122476,1942.412313352365,2685.0211518422584,3076385.9509312194,3433793.3631449537,1593514.768515829,0.019352921911546764,0.005453236811789068,9164553.85087663,98.67862749026811,0.10591240403057448,0.25409334306798537,0.11195698604564902,0.6941486535014321,False,0.0,True
18.40139333956064,1439.9470406358564,0.32706000683831615,6.441453266750023,3.4783869410723613,1.1673760030322216,0.21103397351802144,350.16660793658673,2.3058594873648444,39.74094766393101,0.5144414801705754,1.08964989057436,27141.000000005784,21.413428197912513,0.16768441761600852,0.6778457855838073,248.660000000516,612.5751672042527,1215.9066957825482,1038.7537089977825,121.02354701802038,2246.3447448044767,2834.897499166422,3217597.612731739,3551773.0088432366,1546387.2916787276,0.026883016635536765,0.002691171044548243,9122842.372725153,102.64810291273692,0.06979778545543991,0.2353464829694591,0.13041962171972754,0.6434343695390996,False,0.0,True
10.387339157405941,1407.3013197639345,0.4368706103728822,6.93946380572097,2.4668078055121745,0.9940831648211368,0.512540376155881,331.7382859924648,1.687019922721531,61.98550160125587,0.43710251167044956,0.5418896551699686,27141.000000000036,16.644559368127304,0.18853291618831314,1.4002049984791423,248.660000000516,488.7641398993307,921.0610040936785,695.818624079607,82.11366879308918,1846.2859667222785,2726.862046511713,2237294.1964088697,2530686.757904885,900854.3705159645,0.013988715704214684,0.0007187114267534536,9170864.087130645,72.60183184134006,0.04804228869057716,0.14820617914077244,0.2819396969446112,0.34454864589089684,False,0.0,True
16.078631641087867,1523.4227952512636,0.2949693655982398,9.130491595443292,2.5393513694889194,0.977175443980754,0.8821670673563072,361.6056360073021,0.501566307514749,52.329817072215654,0.47474488124615855,0.5529852624520583,27140.99999999992,21.08676759260232,0.16989257923244122,0.7164998166955829,248.660000000516,538.5022591836279,952.1387189515071,816.2449531417853,126.72450790329057,1834.1670080211702,2728.6386814915363,2730750.9017786514,3077272.139181421,1049586.7591916518,0.013656319202987561,0.0013522538052237092,9196149.11407463,99.49050896885406,0.07876996229652938,0.17042646101074854,0.2260875753231671,0.42981192440619587,False,0.0,True
12.317670293655077,1450.0089771075257,0.37224316694360904,10.500788672856123,2.715747924456174,1.1216230482917018,0.02109566012912989,346.3855832502769,0.8224949412322776,67.35606709362169,0.4767529757769125,0.604380633770579,27141.000000000007,19.336928786413836,0.18806097678018147,0.9513769202814424,248.660000000516,557.3196183567499,976.4140761014143,814.7102695396177,138.63380805085873,1953.9747028439583,2813.928666105045,2700201.7821855876,3092008.191287868,1257134.7503528218,0.015187931014290891,0.0012155637668763988,9166131.992243275,73.11204325542988,0.06535133837832963,0.1741217705197411,0.22058781489136747,0.441138946089655,False,0.0,True
12.285739251589987,1372.9219284011735,0.14917890627623887,11.9137303518406,3.1689819996681283,1.162072596976659,0.8049200214237223,365.9332190438795,1.1432930931621392,41.36912635454608,0.4889490600881787,0.7022621853949435,27141.00000001031,19.73022931940755,0.19231514541724223,0.8657029499196356,248.660000000516,532.8963994520768,1058.7206389213225,865.2149650764784,111.04452096098119,2006.4145253208596,2711.186015515623,3167019.04411308,3597210.9109036755,1279089.8283730354,0.017869905385281815,0.0011901925885295867,9137556.625811948,68.15355203118362,0.044684067887463846,0.20847948138949207,0.1768128205622941,0.5410943336614606,False,0.0,True
13.384566497087578,1576.3374086902268,0.22108135415176133,6.776737118732615,3.201603472952064,1.250566892543909,0.9631312191304514,355.66446906614124,0.5056983636255709,67.282553057463,0.48516754041923865,0.6753863929377136,27141.000000000036,22.80731361980401,0.18059327025050664,0.7228901205127997,248.660000000516,524.4011063248478,1117.4458717781868,944.4963871025682,85.84229750733319,1949.1465879214009,2688.0103966828087,2694872.038747809,3007942.295842303,1171410.110454272,0.01598644266617199,0.002344219424550523,9235263.592411067,83.1847058381019,0.09414487941519781,0.19860479009010007,0.18992736297304014,0.5111669356688349,False,0.0,True
16.031234915550467,1401.5174007036405,0.4760343535256756,6.966684544129281,3.1678340178115567,1.015107501600697,0.5271850530194673,349.59576269933314,0.6198254811122966,63.95580315322668,0.47939112461724237,0.6209328076513623,27141.00000000011,18.08782260836899,0.15106933233319514,1.4889023717176457,248.660000000516,543.7481231898832,1084.578565139514,802.0192605081374,119.13214616630677,2026.1852322545021,2754.422020668914,2558875.582913019,2821173.105165893,1035124.3432401395,0.01568998422972008,0.0011627531027456083,9124163.794647632,140.39867866297377,0.050646354458998344,0.16966345887778125,0.22249289666719604,0.4326423797008236,False,0.0,True
21.095006135814785,1414.2984168145033,0.49712459230476047,4.999632101989043,2.595974311448499,0.9205819238692259,0.33821866328934413,356.5580261948554,0.7450120531309198,78.30044659741182,0.48372635196983577,0.6250523609899735,27140.999999999833,18.557590257175722,0.17529083753244032,0.48470355956593725,248.660000000516,611.0659154003457,1102.036651625373,978.8895794304822,78.19325767177291,1760.412061823962,2643.961368900301,2924724.751350706,3258921.2673098277,1408904.8650398124,0.014671819624277153,0.0022927265053516136,9095238.731238721,89.58500692065344,0.059298574286921396,0.2274759292803027,0.16101871624489494,0.5855316975418872,False,0.0,True
13.336219989442972,1576.3374086902268,0.22208860524057744,6.776737118732615,3.201603472952064,1.250566892543909,0.9631312191304514,355.66446906614124,0.5166265844582002,67.86297350006932,0.4848276271330777,0.6667173661764978,27140.999999999978,22.78128799343346,0.18074210714522287,0.7258944640191276,248.660000000516,523.664538414209,1117.7475063954028,943.8380845160772,85.07411025700144,1944.169154998948,2684.476271273023,2689280.3040118753,3002227.4998389385,1167484.9918215666,0.01575740870114581,0.002337967334250502,9235530.204448652,82.98176856754992,0.09403732768039123,0.19847603923666168,0.1903271880807563,0.5104794026687086,False,0.0,True
21.095006135814785,1414.2984168145033,0.4978012070504992,4.999632101989043,2.595974311448499,0.908725125882704,0.33821866328934413,356.5580261948554,0.7450120531309198,78.30044659741182,0.48241635723795273,0.6233471709844182,27141.00000001165,18.478712262303524,0.17481757940056347,0.49548753565660697,248.660000000516,611.0135155206875,1100.7792362102114,975.5989984545397,78.26571721749853,1761.0212961914044,2644.514991938354,2932710.0884850277,3265467.7601457504,1400338.8961367696,0.01465060467946371,0.0022676608882316453,9097424.049226664,90.33623950646107,0.0592906919258103,0.22675010707639387,0.16279511122595197,0.582089309335076,False,0.0,True
20.405400754885072,1374.0337398576432,0.4371003081212149,7.848509051318803,2.6516023549342758,0.9813487805711952,0.8045230170375466,368.85118963322554,0.606793499127831,22.33809183684936,0.49183706075748257,0.7531730161643281,27140.999999995627,18.724780738308237,0.15244868172824663,0.9044913102838268,248.660000000516,548.8012013109153,996.2933228295916,814.1220013091837,146.96798900849646,1974.6339671231365,2792.017766933539,2819689.885949149,3132230.4646639843,1063031.3994036466,0.01925808565052321,0.0011837831811895249,9059592.482313579,135.6552230948835,0.044154133945610845,0.17960042770733856,0.20240328862309995,0.47015361377265164,False,0.0,True
21.571032698775504,1347.9233463358278,0.484158682835681,6.9993444667705145,2.6051397767056823,0.9480119334325087,0.5741176054920131,331.7382859924648,2.840437782283851,61.98550160125587,0.4909038704282041,0.7425452595135612,27140.999999999905,17.898455928416734,0.1569335037669779,0.8331034874401773,248.660000000516,580.9531484337607,1010.0453314648892,842.8061043966464,145.54769593607284,1954.2191716212483,2791.458883481182,2952967.299020471,3275777.1450589676,1252356.1068506264,0.018860582852601025,0.001292838035856468,9032557.306478398,123.98312803762805,0.03955042072675565,0.19134092729395621,0.19130695074348616,0.5000443966273174,False,0.0,True
16.34473426396753,1331.6358679698237,0.469240945928367,6.979008274467304,3.1716332520921324,1.0919052187715244,0.42659871216679357,331.56781766704773,3.6500594751090834,61.95845742180885,0.4950335594714373,0.8055938697843064,27141.00000000037,17.615796367858422,0.1622633969865143,1.235403163206868,248.660000000516,559.5941871502698,1107.0063461688296,849.714668161244,114.95431070806359,2086.4523719068966,2776.771613444199,2838030.0399919734,3138215.412966847,1203348.8513541273,0.02063693183754767,0.001227691382268486,9071409.188894909,112.64500617553408,0.035000129530519015,0.1939258179098382,0.18580486772172758,0.510693039166171,False,0.0,True
21.46016956617217,1405.4806993971747,0.4423186774500232,6.353899289162521,3.274347384366356,0.9738897625442808,0.8487424245038846,361.27272080472846,0.6950719306990438,30.214774157320328,0.4941314394846246,0.7934517286717301,27141.000000000065,19.248262992842374,0.135346051825314,1.243384089154283,248.660000000516,548.553377373377,1119.646018746038,847.6773895349532,145.5447805929355,2139.483966797971,2805.1824990148707,2770262.5676668165,3018106.706141374,1044584.5863667913,0.020111445835799848,0.0014236275320796312,9078447.360107899,194.25566022874528,0.05181397720861136,0.1834102043937656,0.19685074441083358,0.4823272149568341,False,0.0,True
20.405400754885072,1374.0337398576432,0.4371003081212149,7.848509051318803,2.6516023549342758,0.9940593972250236,0.1931522177569553,368.85118963322554,0.606793499127831,22.198519180029933,0.5018377475454885,0.9444361252883033,27140.999999999905,18.917254586035106,0.17305881697646394,0.5953152901948587,248.660000000516,628.874294634754,1053.7187445435873,925.5455599039517,142.01590414960395,2061.311155938634,2851.794056340501,3186788.007485025,3582133.853997841,1482566.676411402,0.023898721198723473,0.0017342196777262757,9082096.453823814,92.96164391862429,0.05002168190957035,0.21233546811522727,0.16232368284863952,0.5667430451624161,False,0.0,True
20.602411968036733,1405.4806993971747,0.4371003081212149,6.353899289162521,2.6423364104619456,0.9738897625442808,0.19360000296067803,350.16660793658673,0.6691042912759801,25.335616421165234,0.4957925382226118,0.9189039367858418,27140.999999999804,19.351252465021478,0.17334235907590181,0.540222686348924,248.660000000516,630.6040684544292,1056.4314924527118,939.8294741706234,146.0785259733527,2127.4458050844573,2896.1520850997995,3139094.432500777,3498448.1430540504,1592502.2766813645,0.023008690442747365,0.0019312813055569872,9088902.35520188,92.57552985768228,0.058855135867068496,0.21448829729128788,0.16469680926194302,0.5656559120714766,False,0.0,True
22.011160619476392,1573.8960495476038,0.18328469763797306,6.119971455654415,3.201603472952064,1.250566892543909,0.9631312191304514,361.5560501898421,0.5016595242000679,73.04814807712778,0.5143245489663336,0.9785884016048668,27140.999999999905,25.64325696881066,0.17511301093327516,0.15749574725236556,248.660000000516,611.4799334476338,1219.6177524269187,1205.1941662662587,101.75113062303637,1953.7429237487452,2693.471361418711,3175278.9686693544,3550344.5671078074,1690080.6239102888,0.020673645826902686,0.005886221981054911,9165445.046053343,90.55182099481505,0.10821015895647365,0.26415021899562796,0.10196561994790894,0.7214935572245639,False,0.0,True
16.078631641087867,1430.5209356130426,0.29171939549501597,10.612794753686485,2.5393513694889194,0.9265537016074642,0.8820741192753956,361.615398377868,0.515664981412999,52.305971765416764,0.47351958370790015,0.5563607935237017,27140.999999989646,19.555965086626856,0.1721222048729858,0.7930751857783271,248.660000000516,539.2338805672006,930.156183372378,786.593014641964,147.4592545232066,1849.747450023335,2750.361413117419,2936387.939037375,3319884.728774231,1108997.8978713565,0.014052908349946536,0.0010472799470744917,9142904.842775973,95.12011671379624,0.057173721994472876,0.17529784479165508,0.22199437546063547,0.44123150632130814,False,0.0,True
12.238932843685573,1356.4348730141064,0.4948758538318526,6.283008777692849,3.6275960666250935,1.0558780341563303,0.7501724132979928,356.5580261948554,0.753893455062147,50.59397554600923,0.4574398211856179,0.5556500049351423,27141.000000000065,16.463646098869543,0.1476604343353518,2.3986685150618445,248.660000000516,480.513039497442,1144.637989698073,723.7434129751219,85.53299106104657,2084.4549638003305,2699.8048586795244,2262980.3490318395,2480198.5711197816,820877.6078646258,0.014297635720410293,0.0007832610635344401,9111610.747860197,150.1417973488758,0.036550876997981215,0.15551251409978115,0.2552521599801745,0.3785927172245355,False,0.0,True
12.36385258694077,1156.9838920185857,0.4199371110183133,7.590985754916412,2.728674724894612,1.0842676712975745,0.7817298762106526,340.4535653280822,0.8037020438039403,72.8323158538596,0.4758330127302992,0.6056127857619897,27140.999999999964,14.26775762974616,0.190324251526878,1.36160349224674,248.660000000516,489.4869463399646,969.4933275633548,721.4729751310276,103.87352766234237,1872.1845632465001,2723.5849033947165,2931285.2578387917,3272373.368257803,1126514.6053891322,0.01590745951285396,0.0005294771055121842,8977614.849538695,69.08399673430074,0.0,0.1925571630910691,0.20211852291455315,0.4878870675816753,False,0.0,True
16.17283895261302,1439.9470406358564,0.45898935327152707,9.479929966944974,3.346386544086513,1.0007193791340658,0.37264148517859974,350.80445744735283,3.315912413170862,39.74094766393101,0.4829624101037009,0.7315539879258484,27141.000000000007,18.732006604943987,0.1448162463723369,1.6595271167933268,248.660000000516,565.2439638677848,1088.6947473429952,803.4677507255891,148.61315705587643,2205.4977239120203,2823.248226643463,2623595.8475852055,2907258.1919703586,1020878.9676300166,0.018622966188203877,0.0012321405980915796,9173463.522758089,160.24347562461824,0.061551019598375716,0.16225219490614104,0.22727132858864207,0.4165401705407249,False,0.0,True
10.334191430548552,1556.2642295145367,0.10638998361942668,9.181011716840802,3.607856291562964,1.2981043181404166,0.6278578916491608,360.20933498854714,0.5063360740579681,62.43974333697524,0.47846809323762857,0.681768422722064,27140.999999999978,22.15602536722957,0.18767056328261777,1.0349593375255843,248.660000000516,517.0620753992254,1142.069871795604,909.0341659318831,91.90400441730975,2059.263580718384,2717.2513454118825,2831923.9001051337,3170030.858748443,1160313.9194845087,0.01662573637693364,0.0018781403841658841,9256242.032867532,74.29252283873265,0.08933796868970799,0.194813759911684,0.1994384761939319,0.4941348255523794,False,0.0,True
18.413811241982124,1411.5695849886783,0.4371003081212149,6.353899289162521,2.128380816578453,0.9929542466460197,0.20674093447659495,350.1626167998654,0.6198254811122966,52.142009765914096,0.4869534108444492,0.7756564566444484,27140.999999999774,19.171475625497635,0.19762759627248563,0.2965950684364621,248.660000000516,608.4202621577263,965.5720549510618,908.2107350925352,107.99777905376735,1817.1315249883974,2765.1162126181316,2957863.7288244264,3367312.7034623437,1497620.7190937353,0.01932556122818084,0.0017265306616059595,9093051.391601063,62.49794785835006,0.05838710072726221,0.2070605917849526,0.17900377218461358,0.5363369715244565,False,0.0,True
16.17283895261302,1439.9470406358564,0.4690604362418436,6.6898656016628735,2.623039155905982,1.1656755184279657,0.14251833776584466,350.16660793658673,3.29312007364083,39.74094766393101,0.4946823963713481,0.8821848936171924,27140.999999999847,19.5804148913509,0.18820367439114336,0.5852159637828505,248.660000000516,592.1540198565194,1060.7417860000708,934.8826139154405,96.15396818375328,1961.8397467071936,2750.947895419189,2737922.7210962577,3105713.4017798556,1374244.9550308129,0.02193063079002339,0.002012749407640693,9140486.33088671,72.74177363784942,0.06723259304135497,0.20457490632154116,0.17569078007237182,0.5379788754056138,False,0.0,True
18.413811241982124,1411.5695849886783,0.44095118697127056,4.7576875077914496,2.9623244420772106,1.0615147161234846,0.37512455044696247,350.1626167998654,1.3408113572366398,52.142009765914096,0.4943168793679408,0.8785218860744909,27140.999999999876,19.41276939403192,0.17576336057573175,0.6099118310766447,248.660000000516,587.5047781840857,1153.5299751683754,987.5661855188632,79.57338100856114,1958.822968351646,2695.811544878892,2868297.4548909264,3180559.9253958864,1429268.7696102774,0.02159604575248813,0.002247916757459517,9092427.560616782,88.83695899766086,0.05750907990185614,0.22936056558284865,0.1509601964177779,0.6030713768460287,False,0.0,True
16.12296331724749,1397.544378006903,0.4662705992977233,7.237544976579577,3.0831440452894308,1.0313707250982993,0.14251833776584466,349.59576269933314,0.6198254811122966,27.71009474519262,0.4881928046416021,0.8166599386692038,27141.000000000022,18.320393510467117,0.1643974039780214,1.179122183877746,248.660000000516,591.6664570830553,1082.8384606515303,857.6953203831604,147.21924274050042,2255.8988898618923,2922.697369708632,2806724.81473469,3115710.894910805,1333828.3894430045,0.020753332363386938,0.0014116350320339426,9133465.573198797,109.05601076516702,0.05367622553188934,0.18633155835605034,0.19894208110586695,0.4836343296579688,False,0.0,True
21.571032698775504,1347.9233463358278,0.44000496621703866,5.7399785467479205,2.6051397767056823,0.9430341220580168,0.5741176054920131,331.7382859924648,2.840437782283851,61.98550160125587,0.4936924618505097,0.833445086717333,27141.000000000022,18.375875788088322,0.16679272995254715,0.5953914135850249,248.660000000516,587.4342427298136,1044.055491917938,902.9541654925433,115.77446831710928,1926.4261147590614,2754.573657823905,3099432.492946322,3427376.2050478645,1365856.503397679,0.02108716645173139,0.001533366646863763,9032364.53405065,103.26876487996576,0.03997920766943511,0.21443347725369924,0.16610781425632806,0.5634959517870057,False,0.0,True
16.17283895261302,1439.9470406358564,0.37223657653886605,6.4412792871997055,2.6423364104619456,1.1188427157697733,0.0015471417192135517,350.16660793658673,1.1939357896982101,26.655222142054438,0.4962129357439227,0.9649883158539623,27141.000000011954,20.374578308840068,0.19416161843735802,0.44712404203181666,248.660000000516,607.7994547922438,1056.2110637220521,959.8371876076131,116.1845170784524,2083.3630824360525,2855.609925989429,2999951.9931868576,3383732.7894283216,1583970.0106191626,0.024104228847219095,0.0020865190333848285,9122188.52016637,66.11618251479457,0.06821001121016709,0.21735765761375808,0.1617457616459372,0.5733466029882012,False,0.0,True
16.090974468165875,1439.9470406358564,0.37223657653886605,6.418256052547312,2.6423364104619456,1.1188427157697733,0.1939839485460151,350.21994614141903,2.6720322229797353,26.655222142054438,0.49518653126630763,0.9491354093145233,27141.00000000011,20.274768179221915,0.18929746984290907,0.511421545156998,248.660000000516,588.4082805735205,1046.1888227258507,934.2615373451458,111.36392483194456,2050.542432822506,2831.2172948991674,2923521.9148709504,3287609.078192437,1429187.5135764359,0.023845381299545814,0.0019151028446597667,9129814.981705975,71.40463866955525,0.06603741383354372,0.20908737689664786,0.17082408139317903,0.5503581751333735,False,0.0,True
26.915672502206213,1406.8167259979682,0.3167370063112105,5.4044938684064885,3.47701294366141,0.9377543011655339,0.9482991740726651,332.06941143123515,3.2575419989250496,61.87450939941247,0.5132732847842546,1.0477091871570983,27141.000000000444,21.242865687260508,0.14096500176638793,0.6435249696157489,248.660000000516,602.6275789897315,1219.516831990782,1030.8946878476934,141.8934013118236,2194.4206759629683,2803.990429726593,3403159.78358283,3689023.2312308,1448581.0510752574,0.02593444029970671,0.0025014347489245568,9065507.134057911,171.6947744517555,0.05671739433145629,0.24200782673946372,0.12423416271279016,0.6607866757752355,False,0.0,True
20.134084465605103,1442.0246556839593,0.37223657653886605,6.4412792871997055,2.461985545852234,1.1188427157697733,0.11710828134918916,350.16660793658673,1.1939357896982101,26.655222142054438,0.5045091125728649,1.020244438419281,27141.00000002815,21.293702202890657,0.1921429288445329,0.20047913407422846,248.660000000516,637.436639528134,1049.8342206879108,1015.6494963881688,136.1109149261218,2057.2044149134917,2868.306324220314,3176571.234310535,3599030.895602967,1800166.1903116754,0.025099956009954683,0.0025904982932117436,9078450.953519104,67.89494008251971,0.0724635304936886,0.2340662717673206,0.13861329136335648,0.6280630732768331,False,0.0,True
14.385357856265998,1402.6107856162207,0.43496534017928473,6.295266270846655,3.1678340178115567,1.015107501600697,0.6282035740765397,353.84731676401395,0.6198254811122966,63.95580315322668,0.47196247956845333,0.5676994963227724,27140.999999999978,18.039978276390368,0.15891955804496768,1.4360933729154703,248.660000000516,521.9692638208302,1094.5387315126245,800.1764045245351,90.49609795596936,1954.6200836146686,2691.087573630131,2520859.0423892546,2780118.7550071,981422.9945708499,0.014293173582789545,0.0011147584469068097,9136449.56687395,120.76589168123907,0.049364659917226474,0.17377695758923078,0.22461447372312623,0.4361965241490893,False,0.0,True
10.28482205650889,1510.040868387852,0.3025457094272493,9.388225879527301,3.474683126978711,0.9448754409219435,0.941010726674171,332.07949253613475,3.086384449449992,61.88568742377116,0.42991812772592397,0.5632439985024988,27141.000000008084,18.22664261918024,0.15473030224422749,2.3083540229541684,248.660000000516,474.95115548481874,1025.7265934355232,682.8752876926159,113.58993716877431,2129.6278396853563,2777.867298620205,2356316.213811758,2599766.5853134166,797546.3463476887,0.014548296636278274,0.0007387087270826006,9258212.723785235,132.58668446753333,0.06942387234194375,0.138992038689703,0.29897253645606126,0.3173590892447029,False,0.0,True
16.528984155437954,1423.3244077775844,0.4371003081212149,6.244668705380852,2.6423364104619456,1.0255338871970805,0.7591393529926617,394.3194513762086,0.531822667051358,22.30244737012053,0.47324130073787807,0.6380668049608416,27141.000000000065,19.00947080592359,0.18810847990755566,0.4660632457499326,248.660000000516,525.9873324375346,1101.756624136009,961.8384846666036,64.30123276960386,1782.4098037279552,2641.995048354828,2524964.3805487016,2885578.39958256,1149771.0687223347,0.015248797861904173,0.0020689732915380663,9079878.675653134,72.36920481696609,0.054716896485031696,0.22918698447509075,0.16785065993478687,0.5772424547192104,False,0.0,True
13.40617311625084,1462.5303463011328,0.29492428909484336,9.329104680122706,3.0118938288900985,1.0601172878721554,0.37792417932809985,331.2751848428643,3.5080689668518983,58.6207158090969,0.4796624974383613,0.7459234702295998,27140.999999990287,20.01498739217339,0.17206304582748205,1.0819566804181209,248.660000000516,547.5397262914921,1017.4514526367975,817.5749636233157,136.24687413455965,2101.881243861313,2837.179706367556,2814377.378731042,3148368.446580538,1164146.9116958217,0.019017756676327376,0.0012273522291669484,9180635.93177901,95.61121187752295,0.06646559730155256,0.17515760014627788,0.21730698326333622,0.44630167294220896,False,0.0,True
16.031234915550467,1397.544378006903,0.4740631134661183,7.214374145950984,3.0725940753870433,1.0255338871970805,0.14251833776584466,349.59576269933314,0.6198254811122966,27.71009474519262,0.4867056028302292,0.8077648316648932,27140.99999998841,18.189898068101993,0.16391626408246338,1.2136874674795406,248.660000000516,590.5017927875348,1080.1072008489944,851.3947951812573,145.84613604427128,2250.4983329704723,2920.127100268037,2775645.565492371,3081477.4840937234,1315310.354818447,0.020539579534789756,0.0013839657614177494,9136553.283548366,110.05635535972023,0.05347875165873648,0.18403751681799954,0.202411239696058,0.4762274783288246,False,0.0,True
16.111455157541958,1411.574038121825,0.4371003081212149,7.607724680403569,2.6423364104619456,1.0226364635224405,0.14251833776584466,352.58754200203344,0.6312342342825161,26.445567747080236,0.4862872127344487,0.8044592124519202,27141.00000000008,18.778540224916103,0.17717385554934925,0.8322625243065468,248.660000000516,592.1501105732654,1007.0590320403207,851.7024568426789,143.12350903259045,2112.4795339777725,2886.0790832100984,2842101.2473291317,3193332.5391889224,1348840.2143510683,0.020440550170031595,0.0013932773151260362,9132788.021752484,87.11708717608532,0.05725616267899482,0.18552238790709885,0.2012631274759967,0.4796518497424764,False,0.0,True
17.450267925220025,1350.339462841043,0.4371003081212149,6.242902690774577,2.6423364104619456,1.0250452953611842,0.7589549004427029,358.1246634853178,0.5598832114992691,22.30244737012053,0.4861848408639065,0.7794954449227508,27141.00000000005,18.065228161076085,0.16457313727339107,0.9279863915218433,248.660000000516,533.258981351711,999.905061988614,806.9013067700122,120.94415970038457,1982.3034607223065,2794.0485229993456,2731895.47569383,3025769.1116332565,1096177.4741196618,0.02007425685973141,0.0010820290109170088,9057400.966944,107.80170418601715,0.03766926709686642,0.18290782618163004,0.20356185965499457,0.4732785853195019,False,0.0,True
16.17283895261302,1439.9470406358564,0.37223657653886605,6.435363709990211,2.6423364104619456,1.1188427157697733,0.14251833776584466,350.16660793658673,0.6198254811122966,26.655222142054438,0.4941159083744332,0.9276615495606646,27141.00000000024,20.35038309270668,0.19099845855670908,0.48019920423266005,248.660000000516,594.2516998181707,1045.6631599371915,941.5513306651293,118.99029839032146,2079.6142146939947,2856.3294030958573,2942445.2685915246,3314155.8929791814,1538419.1167589528,0.02321575708846212,0.0019619050281641038,9115562.744719608,69.40532221265403,0.06669006653748173,0.21274159992123137,0.1679252096537001,0.5588656393731504,False,0.0,True
18.12436150077144,1403.7064204081198,0.441369881816529,6.338949222478761,2.595974311448499,0.9735333284541487,0.33821866328934413,356.5580261948554,0.5342476500495901,31.925565970341733,0.48720372615437246,0.8289802131202763,27140.999999999993,18.74898216150932,0.17283120701769694,0.7193275396822871,248.660000000516,589.359291263255,1025.0807312061247,874.9135604700884,119.16766745216948,1997.009517016862,2807.4614168067483,2895857.0761932377,3225594.645762355,1295422.0257950583,0.020981884771368087,0.001517467192929327,9113854.268892188,93.65575470614586,0.054614129983048244,0.1945302762955147,0.19138521244031656,0.5040748090540504,False,0.0,True
20.806087721747847,1396.7415133548755,0.2975793293478044,5.925061264280998,3.0783890938350464,1.022142285173776,0.1492249907349747,351.20452059797213,0.6048115994093528,38.98366609644947,0.5116746542009999,1.0826700976930352,27140.99999998534,20.971855658874116,0.1746993342337109,0.4222793325432833,248.660000000516,642.4919796934007,1158.3396447047348,1047.1038566251318,132.384404418815,2188.5905405452204,2868.382159413677,3513940.2549954103,3878870.2070997125,1767952.1191220367,0.026945865457216275,0.002438883664254519,9068412.749125443,90.23113202509973,0.05815363244530974,0.25064671979018066,0.11689924179432996,0.6819466025680953,False,0.0,True
19.820940059372347,1385.7324921021918,0.29352241974228527,6.456722289873227,3.347127026350094,0.983141361320702,0.14251833776584466,350.16660793658673,3.5932737329996782,39.74094766393101,0.5115201591943631,1.1231263211220608,27140.999999999993,20.367934564641594,0.16806771560150888,0.6279831756506249,248.660000000516,633.8681744590178,1198.939583818669,1027.4807590947505,120.99944760004817,2233.5996887039996,2842.4068026148843,3512595.306974554,3862871.245754034,1575194.757242789,0.028257949274246415,0.002224822207327427,9097827.361164637,101.66785878428924,0.053785394724944036,0.24482168761154005,0.12296621117628861,0.665659986145368,False,0.0,True
10.204159039742342,1356.4348730141064,0.4948758538318526,6.2761100128614595,3.5928946205112835,1.185145258709009,0.7501724132979928,352.21036185502675,0.7561824728499275,50.539544961255004,0.45357466796634444,0.5762338374758958,27140.999999999964,16.427452153650282,0.16087274908605184,2.3644374293091737,248.660000000516,459.7140358394636,1125.6156047108232,716.8897769452216,77.52533248739746,2083.1711027993956,2702.1900982225634,2221310.4505960806,2450196.1975796144,842925.9865399478,0.014892965806529058,0.0007465967764042088,9118136.7476727,116.18699728652415,0.036411255350074626,0.15591513491412648,0.2584268839436804,0.37629573593315224,False,0.0,True
16.342708625402423,1574.5082711798586,0.15861251773098134,6.736749817404658,3.2026268542248677,1.0601172878721554,0.37792417932809985,330.63734047059256,3.4653174369026267,53.354733979542104,0.49355325731412886,0.9979280885555791,27141.00000001264,23.607434263973673,0.1735094691778985,0.5498771939925035,248.660000000516,592.530004317197,1126.04998597184,999.2413781613674,123.34644943558811,2206.114810099516,2864.204364428518,3114019.1451769876,3444866.573421847,1444496.572734667,0.02424845499017629,0.002836311261323295,9210522.092985967,93.54349284664328,0.09946733105030756,0.2136647454381631,0.16801811909482892,0.5597965360577362,False,0.0,True
16.17283895261302,1439.9470406358564,0.29352241974228527,6.441453266750023,3.347127026350094,1.1695673169965093,0.14251833776584466,350.16660793658673,3.5932737329996782,39.74094766393101,0.5079934041263758,1.0955292225890687,27140.999999999964,21.207594272711482,0.1790090210442284,0.6393206417065044,248.660000000516,596.1215548518397,1192.5477072780889,1023.692214731774,100.62686331314458,2186.0697862251573,2801.889380685807,3148405.6612461265,3494388.0196730047,1486096.3542397674,0.027244299228814828,0.0024894594014750436,9133607.277577195,84.47271608384888,0.06789489840391277,0.23393592630809115,0.1365514898510214,0.6314274550356742,False,0.0,True
13.40617311625084,1574.5082711798586,0.21842631389879993,9.511545158093812,3.201886371961287,1.0601172878721554,0.37792417932809985,331.2751848428643,3.4653174369026267,58.6207158090969,0.4773096248934482,0.7683294596452206,27140.99999998915,22.051689432064567,0.1669697777131296,1.0368732984409543,248.660000000516,553.6092330535623,1046.2776353820632,850.7843892815554,141.98848536960256,2168.569835588903,2857.0347012646075,2800044.85918741,3122257.0284601524,1164322.1416431852,0.019253499446993245,0.0015997304172293517,9242510.807264633,105.3356154356865,0.09368841108515752,0.1735119102293551,0.22123941154357496,0.43954738251430886,False,0.0,True
11.731054544610549,1356.4348730141064,0.4956485465912771,6.283008777692849,2.7431987052870648,1.1697971858954372,0.41611118276783143,356.5580261948554,0.7561824728499275,34.47991103800562,0.4699283254616641,0.6766791746740971,27140.999999999964,16.96218603678598,0.18705227314692222,1.2484328767564017,248.660000000516,509.7398650986278,1017.0280751865408,780.8870260277043,79.78220026989484,1927.26762551699,2721.1021976135758,2413495.34789753,2714320.7750155577,1020724.6617960576,0.017396332312823927,0.00096941716700572,9117910.455395062,73.91034487695792,0.03905763786076481,0.1728256903236883,0.22725929746865095,0.4319724448481232,False,0.0,True
16.17283895261302,1439.9470406358564,0.4690604362418436,6.705134624786077,3.347127026350094,1.0007193791340658,0.14251833776584466,350.16660793658673,3.315912413170862,39.74094766393101,0.48624942720338143,0.8718118190732466,27141.000000000226,18.666533034475048,0.15714644029739275,1.3296617203124375,248.660000000516,592.1540198565194,1160.2782123842946,883.6723343427635,107.80860014401883,2195.168899759415,2811.7992803904217,2712504.9133504564,2993965.9638923155,1165503.0099549359,0.021994733681455252,0.0016671109000119305,9189604.20085038,125.62672558987043,0.06408402337679453,0.18588385693087559,0.20113076524426177,0.4803018963111858,False,0.0,True
10.520908084720887,1472.8416502064686,0.2343756817553504,10.36228575825845,3.639899431439039,1.1525220188254501,0.9089315943565432,349.7969895931981,0.6034321913919016,63.52903522419755,0.4637468028435093,0.600452373248628,27141.000000000196,19.56983175437206,0.16541835795143425,1.7751424437650896,248.660000000516,491.57704084723343,1066.2764161690204,759.903659429775,132.0214415394089,2147.2460284351337,2796.510446580464,2655074.18201642,2943317.3084333655,997102.7147883801,0.015341737951460982,0.0009551399108801467,9225455.87524262,108.12735927812975,0.06489680171274531,0.16224208373636362,0.24409900095629372,0.3992756082222846,False,0.0,True
15.034727709636726,1397.3571321244124,0.43621902859108647,8.739661594937841,2.6858376280392005,1.033179337267289,0.13532106957933127,361.35642552710743,0.6671743075146087,25.335616421165234,0.4849473690468489,0.7812295556067276,27140.999999999935,18.347781234034493,0.1763473084398511,0.9900346302673038,248.660000000516,580.8279248509647,997.5605650764652,823.2249945820475,139.45330497444672,2076.7579846472117,2855.208319116258,2804645.695764029,3162902.4507303583,1229595.593345414,0.01998695302710102,0.001216398341621121,9144028.250594564,88.4565362885309,0.052763261050619875,0.17749172162271123,0.21043111684457508,0.45754388249991934,False,0.0,True
16.12296331724749,1405.6679452796654,0.4671518788183948,6.344723487146346,3.0831440452894308,0.9720811503811774,0.9745681450549657,349.429842595048,0.6198254811122966,27.71009474519262,0.4645881217154303,0.6587547108101728,27141.000000000095,17.97565063339279,0.14016354415326682,1.7006889700791157,248.660000000516,491.475884923678,1031.1598556755555,728.1784157611426,134.0072679933249,2117.103344395018,2818.2651840310245,2352360.8575636763,2574450.9010459804,889585.895704675,0.01700665190040773,0.0008726097056912361,9084631.20171557,175.0253549129521,0.04787192594804513,0.15307797877669965,0.2512082347409585,0.37863764248793413,False,0.0,True
16.111455157541958,1411.5695849886783,0.4371003081212149,6.353899289162521,2.6423364104619456,1.0255338871970805,0.14251833776584466,350.16660793658673,0.6198254811122966,26.655222142054438,0.48546944163330563,0.8589803465323821,27140.999999999905,18.812263925963187,0.1827321290688909,0.7208503536883837,248.660000000516,592.1501105732654,1034.2495932535817,884.343943999219,117.82207955516384,2077.4030283201682,2855.516838515337,2838524.2494651675,3180571.7828216497,1403923.4810717572,0.021750755842236277,0.0015628297429990201,9125584.80057488,79.34413667689229,0.057310626705389806,0.1971973385716555,0.1902055665177955,0.5090239024565983,False,0.0,True
23.353585846177626,1387.501529656286,0.44500051349377795,5.789047688558007,2.515038747148981,1.246838271599231,0.8972476052684075,368.347430750896,0.5016595242000679,67.282553057463,0.5101370039169818,0.5366566946994046,27140.999999999774,20.58958207403756,0.17500044781036256,0.21892556552734124,248.660000000516,552.386285538265,1077.3691415929761,1020.499485966838,89.6324679841167,1679.1439215917862,2604.983127309411,2766107.3657302437,3135907.128897273,1401570.3579207323,0.012083433717256814,0.002481965633579603,8980403.597300816,88.89498317350441,0.05083771777281501,0.24317191173834843,0.12497594449734487,0.6605278493939306,False,0.0,True
18.838085614968467,1348.9464444065748,0.4952188289258329,6.406373802314834,2.7431987052870648,1.5951707216794537,0.7501724132979928,356.5580261948554,0.7561824728499275,73.7498445792976,0.5168391597287483,0.5921993918202465,27140.999999999833,20.021081815908147,0.18912296635540815,0.33493080641076284,248.660000000516,534.2288770083039,1115.1171944651508,1021.9146582781689,93.80251601901423,1748.5039820524644,2619.814747712497,2600194.275974423,2995285.9483077014,1526169.2004297087,0.013807537741532382,0.0022653459518608273,8942109.252560388,70.13035468715435,0.04254946985997954,0.24873310961368503,0.11465158922295637,0.6844897718863565,False,0.0,True
18.73847604316043,1250.685375779558,0.22495606673997026,9.672294054207455,3.558779573534065,1.2226134124578014,0.8760185163987275,370.638658096769,0.7574439688556134,55.626382840236694,0.529340117950548,0.8416828059480923,27141.00000000005,19.572428378759586,0.17689631883013138,0.5980862339543209,248.660000000516,578.4713003351582,1221.2800978483965,1031.6385498744366,126.10166423086179,2042.594100931679,2689.6094378366406,3679690.2835433763,4123749.7827691184,1637233.7534630103,0.021456103293718876,0.0013880097425183415,8968637.081125222,85.95456387663943,0.014553021536335252,0.27542633926733384,0.07989986743304679,0.7751365761197,False,0.0,True
14.791712050003785,1395.3716466923538,0.4685364646796461,6.764618963202655,3.201603472952064,1.217490021481426,0.9631312191304514,355.69499007600893,1.2072527035282423,67.282553057463,0.48352397447557677,0.3594270430515584,27140.99999999052,18.703395409817034,0.15652591668471766,1.3112280041555282,248.660000000516,482.99761297530654,1109.3421715957677,816.1577041065308,82.3067587288307,1848.5313328135678,2590.9581594843553,2405665.705397201,2668538.025532069,918852.3388174069,0.008549992588087568,0.0012052167873713717,9076404.6157903,125.56076621987786,0.04706842731843343,0.17888496020491584,0.20972899262613964,0.46031533068161246,False,0.0,True
18.838085614968467,1348.9464444065748,0.44541623467329106,6.406373802314834,2.7430483294109225,1.5951820137810861,0.7556518824467013,356.5580261948554,0.7898269705945054,76.37732890766294,0.5193888425407505,0.6131696503984382,27140.999999973974,20.551235010572192,0.19579121223517898,0.2332823095237957,248.660000000516,542.5469834666887,1126.073901144198,1061.245911667289,90.9237380278337,1741.7564217466474,2616.4439138957046,2680279.4127852255,3099371.4158342686,1626174.1723052133,0.014239300356732942,0.002402737124715112,8944277.93069205,63.221468129634026,0.04326101298761501,0.26259650702422754,0.09905939273658092,0.7260949073356837,False,0.0,True
18.838085614968467,1348.9464444065748,0.4948758538318526,6.923271206517382,2.2993867513634423,1.3835672413377427,0.8748278741231257,364.2376458145713,0.7604344885429415,50.510974436614376,0.5058903222504706,0.5027603809711609,27140.999999999876,19.28168639730988,0.18484269601262385,0.3640217368707615,248.660000000516,516.7170442371352,989.0667496605316,901.9237004022369,96.68920873430599,1666.0266885236717,2627.380468398082,2531620.6115017766,2914914.476268898,1221753.2978538037,0.012049955207467412,0.0015954642924708043,8968045.083166957,75.33378303568158,0.0394607750459538,0.2114836612900305,0.15972523217344836,0.5697160413287274,False,0.0,True
25.928212973725152,1204.9219131754144,0.44500051349377795,5.789047688558007,2.5171774402537106,1.2652514130239496,0.8972476052684075,368.347430750896,0.5016595242000679,67.282553057463,0.5223036432673048,0.6349350627152102,27141.00000000005,17.944395437806453,0.1847360261588197,0.15381173004230259,248.660000000516,566.5935311367582,1093.2046370594,1037.9874223828913,98.1936658615018,1694.2876736842136,2617.1664962989544,3277047.8430910865,3712006.860824024,1706562.9455564083,0.015921353918884492,0.0013114186182690596,8793322.951963613,73.99410282355169,0.0011489778211561368,0.2930139390345176,0.0664140892521309,0.8152228428909145,False,0.0,True
18.788476479470532,1251.9659498306173,0.22718201922288975,9.672294054207455,3.47167352587161,1.2288439863659457,0.8759537943021972,370.638658096769,0.7574439688556134,55.626382840236694,0.5287805910234079,0.8263525140355602,27141.000000000007,19.618457134647286,0.17891087377360204,0.5549361527779847,248.660000000516,578.3276211077607,1207.6605757081102,1031.7010985521872,126.4650172257043,2018.5939155020178,2685.7550125755133,3662668.428190892,4114731.1324828696,1647415.3080012184,0.02102963573694769,0.0013983978464914574,8965076.530551283,83.05057965251204,0.014946002505464967,0.2755245504645534,0.08015900764115964,0.7746339244128471,False,0.0,True
14.791712050003785,1303.6068405659496,0.4685364646796461,6.764618963202655,3.201603472952064,1.217490021481426,0.9631312191304514,355.69499007600893,1.2072527035282423,67.282553057463,0.4881594258364615,0.37965421665240134,27141.000000000095,17.343248861135063,0.16182813417943362,1.322587389817632,248.660000000516,482.99761297530654,1110.290940856527,809.2292832348278,82.27337579563192,1849.1900761448146,2591.392012470539,2573874.097350994,2852390.2134997477,975154.5917522395,0.009301989418628472,0.0010022056755343886,9015112.725819346,112.85166156772323,0.025300885986112607,0.19120945811857307,0.19354966300311144,0.4969588701656818,False,0.0,True
16.211334997132926,1438.2422424852743,0.3189055921905022,9.931289820083165,2.686905883027998,1.0254651832207322,0.9578172870181424,360.3929482115963,3.216577293353593,64.21538095494347,0.4772555832421863,0.2719079583805272,27141.000000000255,20.118311441566973,0.186033532454062,0.4728813237090541,248.660000000516,528.0000875850042,1060.2691077920335,931.1342833379493,114.76345635585137,1720.060520601921,2579.7872348848528,2751214.3341732933,3182236.4095719596,1201774.6363745844,0.005554624041679385,0.0018252298567265738,9101320.346568486,74.99452864460596,0.058460749866565416,0.21979391196814296,0.1741952677601116,0.5578678889601513,False,0.0,True
23.353585846177626,1328.664412694248,0.44500051349377795,5.893618715219523,2.515038747148981,1.1847609000174422,0.8972476052684075,368.347430750896,0.5016595242000679,67.282553057463,0.5098954511505414,0.5289870815711084,27141.000000000065,19.386711115686243,0.17475360267466034,0.28066707303397614,248.660000000516,552.386285538265,1068.6859096069809,987.7621502263232,91.60061695399155,1682.9059046834393,2609.319777250748,2913917.674086635,3286616.02185986,1389062.785721236,0.012419811259156534,0.0019374271217649543,8945821.425318677,88.92844290917506,0.03471859102406038,0.24510457517472306,0.12315714208945491,0.6655716944883893,False,0.0,True
18.16014066806283,1396.8728346524078,0.441369881816529,7.344086660726244,2.595974311448499,1.5919684717498908,0.7553437932113192,356.5580261948554,0.7838207965922018,78.77101324790942,0.5157499882437129,0.5573716592537071,27140.999999987696,21.21884023970518,0.1949415269974232,0.2249872358314516,248.660000000516,538.3243641750539,1081.8753656126391,1028.7493283632286,100.16778939402946,1696.6222405297997,2628.0918991010344,2565188.814000329,2995446.085774794,1518266.6495127538,0.012586140324907642,0.0025414838788903665,8991332.33715358,64.38872662424943,0.0561319904661555,0.24268201434917955,0.12160683098795283,0.6661801958953442,False,0.0,True
13.383199088273756,1553.1977680055388,0.31890880131637767,10.336851457797243,2.722416015801421,1.2383984202497107,0.9382978480450852,370.2019357789388,0.5618795632263247,67.29414773186637,0.47748425978071624,0.3447761935478554,27141.000000000036,21.827149954810864,0.18379481338675158,0.646077864644099,248.660000000516,504.55605842038347,1021.9893242472546,879.5272721523604,100.72197119329137,1697.454309178847,2600.992579727179,2452395.037908971,2834129.076702623,1046503.6783930319,0.0075439052908400795,0.0018136653782422746,9191170.016796835,78.53620683741148,0.08587403593221395,0.1843497591815464,0.20992770093958935,0.46756352525175476,False,0.0,True
21.312466338134254,1414.2984168145033,0.49467613596092447,6.21170396309532,2.3053366820699757,1.3137249605420334,0.7300472046368632,363.81749015558023,0.6101459400458188,78.05973477074176,0.5041148652085544,0.4757737947574792,27140.999999999905,20.485625099287496,0.18733135100782974,0.16702739471792663,248.660000000516,554.020727031147,1039.9189251000628,1006.0469905129331,87.41587148904468,1597.4083661803147,2599.93480197826,2541291.8315673177,2943857.505835688,1415491.942298207,0.010336094473163415,0.0025768820903492836,8997535.428732552,72.60909884122319,0.05884640956526874,0.23393514188455866,0.13863421813546792,0.6278968884397365,False,0.0,True
25.132291714620003,1204.9219131754144,0.43810698179334956,6.7597505635286925,2.9051258593862217,1.2652514130239496,0.8972476052684075,368.347430750896,0.5163427512842341,67.86744787907156,0.5274222179084238,0.6603238486755237,27141.000000000036,17.889785534938618,0.16933819702138062,0.4061732677393913,248.660000000516,564.1244971534783,1143.5236026744144,1009.2536561507877,115.00160248938384,1811.1948812925993,2639.8758788545024,3369759.3232375355,3774365.679953673,1594370.423378748,0.01661676008860879,0.0013050894882936238,8820929.530544601,96.37145926744334,0.0011434336721306466,0.2782846411208981,0.07767415530695881,0.7817889146540554,False,0.0,True
14.820495999605633,1383.9847414653473,0.3133547905428578,9.513461199114579,3.365971195186582,1.3066591517562578,0.43449842763824637,369.8693454484856,1.3508768541878438,71.80561038388953,0.5034050459192174,0.4413322864052652,27141.000000024178,20.489767615183283,0.19707316876346898,0.46918783771280537,248.660000000516,557.8117426225411,1241.035839948458,1088.235198861238,101.26142705338366,1860.9816759705088,2536.5370096112515,2968865.7996243057,3432122.7837845096,1564140.3593476405,0.009465686664124446,0.002512512921211526,9047939.138502726,62.714223354742565,0.051135853000861056,0.2712635878804227,0.10229185148888914,0.7261668799105363,False,0.0,True
10.021224495612705,1472.7620047447458,0.3185177268115442,11.118932835706612,2.439354677941483,1.025247735737941,0.9344734164328401,360.3929482115963,1.3444046384193848,68.13230820219016,0.434429533648634,0.1868382799321122,27140.999999993342,18.12391091709148,0.19835029818860778,1.0666299328575397,248.660000000516,469.46335135825655,916.3677020509012,719.8618696526592,84.40432591054373,1583.2755087867433,2557.3980500813077,2306038.9251461118,2683140.0983618107,831296.9204131886,0.0042469475272621,0.0008240302283741132,9207658.855595829,62.596424069900735,0.0613570874490022,0.15704556394225397,0.2761374868840124,0.36253857034041503,False,0.0,True
22.20967861368799,1350.7207233956296,0.49570487331322155,4.8948154840457665,2.6833178417402688,0.9444740979497968,0.9245430777821116,361.27272080472846,0.7560031216378389,76.48975013846075,0.48197231202833934,0.37107419022908666,27141.000000000095,17.872595833019325,0.15501736231306648,0.7107944330742234,248.660000000516,529.2467689840086,1079.6898152114866,886.2506013759196,77.7886297957884,1690.2916123439768,2571.6281940897757,2680799.4892451526,2959087.3825830217,1077246.8194037182,0.008559466803271076,0.0015118577937366002,8988864.653882446,128.01553910118918,0.037307678533266414,0.21146222660295713,0.1780038893772168,0.5429541054444946,False,0.0,True
20.192583778109974,1421.9313893431154,0.4948758538318526,6.244734492170616,2.7431987052870648,1.1888789849997217,0.8281734382160603,392.74474080627084,0.7281705236101969,54.158704233583514,0.4874581870180739,0.4151329927193282,27140.999999999935,20.00945584294836,0.18767450681935197,0.196405772855889,248.660000000516,532.1142326602711,1178.2216870450022,1118.5438855820041,77.80909970747821,1679.5574668835277,2522.974327230298,2434684.827141638,2841176.93855883,1400247.4666869575,0.00786341035140217,0.003403714203993088,8985543.206715144,72.11529159546971,0.057056058771119585,0.27768608231982905,0.10749123585601007,0.7209305148987544,False,0.0,True
13.45163102137011,1541.5123032142808,0.2605721870462159,10.35212783500786,3.2147649512840166,1.2454605175141136,0.984341713069223,365.8943589337829,0.5127101145349219,79.83449778604965,0.48453262387906193,0.40960096870639595,27140.99999998985,22.08098836093724,0.17453994342407086,0.8394970834136136,248.660000000516,514.9086698305828,1104.4693158407606,908.0482402638743,100.52058204369246,1818.6510855293052,2624.971331734473,2650908.900510662,3007664.11064805,1100962.0125049064,0.009159963604890901,0.0019570162867652333,9206151.587161371,91.85282248527376,0.08465958879496359,0.19265747740277803,0.19614785336735327,0.4955114093244791,False,0.0,True
14.836989755520657,1423.3244077775844,0.41097055670583127,8.018351062867099,3.211830796139268,0.9988670394341382,0.9650534384535724,374.58230253220796,0.54413107368217,66.75771800427268,0.46674876920279096,0.2985242797863169,27140.999999999993,18.505753034378415,0.15573241603766275,1.3374682299870653,248.660000000516,495.28720851321543,1122.5681343924823,811.3917379222554,80.14699319526052,1812.8631454319395,2576.453465936716,2424058.5505816955,2703820.50929059,880190.809273663,0.0069133664124573935,0.0011888810652230309,9126340.872789178,128.1912843680646,0.05211411282016704,0.17923976676633582,0.22348751101320807,0.44506487803503864,False,0.0,True
10.991940846299633,1568.9870562532303,0.42488022935541286,5.820614951172765,3.2330379005766354,1.3660220056901486,0.9619786125849528,360.9260659607444,1.4401235193845632,63.17089614418957,0.4644150735422998,0.2797559096340006,27141.000000000007,20.917209690542144,0.1812286032980245,1.0520595898475558,248.660000000516,459.3941506806732,1151.4689240475918,884.7949635300262,47.32842779925878,1811.3198595449396,2524.247530404898,2090798.1693578642,2365028.9304800415,910796.540249621,0.005671632940731958,0.0019212222026444552,9196445.334342455,81.96692453544536,0.08555229917259911,0.18290505788567557,0.22228778543398325,0.45140248871913263,False,0.0,True
10.991940846299633,1568.9870562532303,0.2251936398401227,10.878178073835311,3.2330379005766354,1.3613623583110817,0.9619786125849528,361.0158074522988,1.4401235193845632,63.17089614418957,0.47604156438673745,0.3685872336830603,27141.00000000005,22.159356333864626,0.18933519240969665,0.8549909222751896,248.660000000516,496.78512649872124,1101.9753332274868,904.7112833636724,88.2520535796885,1850.532202451478,2578.617346258411,2555680.4448983218,2929345.0142462263,1085682.3803590387,0.008045223269817488,0.0019586028395744684,9235670.919311754,72.18937650831232,0.09053776944057754,0.1914840799778926,0.2045056781414414,0.48355816293659715,False,0.0,True
14.710585153604713,1383.9847414653473,0.14958004765610752,11.9137303518406,3.5497539699387812,1.529387312042262,0.7998219094784991,363.5187499341367,1.1432930931621392,41.36912635454608,0.524836734054838,0.9448957829491911,27140.999999999876,22.28917415527875,0.18594037787729095,0.6002284620543082,248.660000000516,561.0662921764945,1166.47566145024,1015.2744567604955,140.74699505779475,2158.2360275070746,2771.5619727322123,3343850.0797734675,3804217.2733863275,1604236.010272041,0.023599216809071188,0.002046199635952689,9074190.984989863,74.88341897743192,0.054272962383821344,0.24235519007568151,0.11646651818339306,0.6754195314757754,False,0.0,True
13.479866916680093,1468.823851368647,0.14392563362228183,9.146049126564247,3.7800906760139634,1.9894468165789414,0.8117175784960208,344.74166842269494,0.9004919937007008,52.40553084987909,0.5249207483734497,1.13572946249051,27141.000000000065,24.652295662660993,0.19845954778924538,0.44595989443054374,248.660000000516,548.0134806688973,1235.1101272010537,1123.2141224579505,148.0690756798368,2317.354368003579,2876.93791992142,3042831.7391219046,3472270.2742676474,1916917.483028953,0.027354190851002724,0.003470642490452285,9073810.527409017,61.58466608841419,0.08350699259617189,0.25930439853040893,0.09934991080223124,0.722992563543723,False,0.0,True
18.623262093156,1348.738481119512,0.4952188289258329,8.306745494923836,3.2634054357468045,1.5951707216794537,0.7431274922896111,356.5580261948554,0.5126249668489931,75.1058437877782,0.5234139215756927,0.6605893781656812,27141.00000001376,19.903043261021,0.16340396833719925,0.7777105593682637,248.660000000516,533.6973582137224,1153.4845394693396,960.5300099989303,140.4879402660011,1939.4731112021857,2701.094666256292,2805158.108904124,3158937.5000451477,1385442.8412937773,0.01599435973806794,0.0019346965747359059,8971363.86572547,109.08613389183945,0.042422628169773664,0.2234552750308316,0.13544882294484462,0.6226044124076167,False,0.0,True
18.899126549413623,1348.738481119512,0.4952188289258329,8.344228525081869,3.2634054357468045,1.5951707216794537,0.7431274922896111,356.5580261948554,0.5126249668489931,75.11279489268541,0.5240767881982691,0.6658135170162902,27140.999999986125,19.943857638695004,0.16277990834367062,0.7673233785446043,248.660000000516,535.6514970149319,1154.4643015198656,963.7579941500005,143.01929075901447,1941.8373896332423,2703.6864672645306,2816619.136367433,3172039.500700634,1395356.9435762074,0.016112048465038106,0.0019587962002917893,8968952.12347399,110.31591812686172,0.04258068874623679,0.22433058205468567,0.13411414191320237,0.6258442851980233,False,0.0,True
18.838085614968467,1348.9464444065748,0.49650431625550656,6.923271206517382,2.2993867513634423,1.2953691211200469,0.8748278741231257,364.2457513038979,0.7427291722196998,52.227316228404625,0.5011295628730641,0.46804627296706325,27141.000000000022,18.928472713160172,0.1799765641533315,0.4465157596151638,248.660000000516,516.3751596895406,979.3080464691998,874.6018703047661,96.46783084248013,1660.5205941938038,2625.6972095994583,2548931.526852519,2915168.357802443,1153464.5450903494,0.01125120689957979,0.0014520369950192828,8980351.934065169,81.72301180894372,0.03870792687592559,0.20295744594514967,0.17177371785754306,0.5416081328427035,False,0.0,True
21.22722430428772,1573.8960495476038,0.4955119290020835,7.652749819472431,2.755233609813459,1.2464399984522756,0.9903032803133642,356.49450630207207,0.5016595242000679,73.04814807712778,0.49766317603870935,0.445956371585562,27141.000000000095,22.497294180317994,0.13814193561240196,0.8389133843350488,248.660000000516,513.7521075441407,1024.6532775273047,855.4788337861868,143.44835882581006,1790.184506762933,2673.702064949147,2287462.3615311948,2554539.1015498973,935564.081995503,0.010128778508870138,0.001974923372333641,9122573.490708852,183.58603268186422,0.09183803949377306,0.16224430067615517,0.2154112917903377,0.4296091568948503,False,0.0,True
11.381609828851175,1566.3325457230758,0.3760014127298396,9.485777612009674,3.558779573534065,1.6036589496799827,0.8760185163987275,370.638658096769,0.7574439688556134,55.626382840236694,0.48905308242481915,0.4444469655751226,27141.000000000065,22.330591426467308,0.17596536863591378,1.0324371865237025,248.660000000516,478.67152727127973,1183.8064320324713,932.3038873964293,77.08891010840031,1938.4957706272455,2599.540573116943,2342134.290564267,2664563.2527809558,1042090.6099454076,0.009751072300108613,0.0023116627925658197,9194581.847689716,89.52601407923432,0.09102721822363781,0.190962617463878,0.19406393355460125,0.49597259451001546,False,0.0,True
16.211334997132926,1472.7620047447458,0.3185177268115442,9.963725764066375,2.686905883027998,1.0254651832207322,0.9344734164328401,360.3929482115963,1.3444046384193848,63.17089614418957,0.4799038785480224,0.3746969905826578,27140.99999999541,20.532857955653867,0.17070716606775047,0.7186462845432702,248.660000000516,530.0501336323596,1004.3225150667619,846.7290028052878,115.48853103738037,1744.5977077565133,2619.3535024146795,2717372.3586070077,3087421.304599555,1074695.8266612804,0.00873677235479192,0.0014328786666102746,9149517.410689374,97.57572952252498,0.06667474154518206,0.18473722914769786,0.20729988862869345,0.47122382236538024,False,0.0,True
12.302218302507447,1572.3762507493034,0.3689010181181523,10.505601694786755,2.715747924456174,1.160680632090853,0.6659072087091525,346.205555528986,1.4865623633731866,79.32196467343927,0.4649378470565734,0.355369866205924,27140.99999999116,20.9701670114178,0.1752629602902078,0.9969665654860381,248.660000000516,505.9838948763164,976.9854590201546,796.2142245984127,110.74717024129812,1729.3709298213691,2669.477549449346,2335122.8888177415,2674715.5413512345,953781.9696211815,0.008309225331400761,0.0013358682072910782,9223403.84329229,90.89074698931086,0.08890454131938405,0.15749814914408689,0.24741490515788206,0.38896782277271474,False,0.0,True
12.302218302507447,1572.3762507493034,0.43846710814285317,9.668232853449533,2.715747924456174,1.160680632090853,0.6659072087091525,349.1730812095196,1.4865623633731866,79.32196467343927,0.46073654975344824,0.2840567840274244,27141.000000000007,20.437042085086464,0.17051157782616078,1.1286346940973326,248.660000000516,497.0342512178167,989.5251123427072,783.876290048806,95.62984227999112,1692.7608053991985,2619.218973702205,2173502.768246911,2485338.5746266977,869647.8541968423,0.006408395694403938,0.001301189480884389,9219540.147973407,98.6612281496612,0.08772108671264867,0.15143058832147183,0.2570153848124035,0.3707481485484931,False,0.0,True
13.073521340317914,1468.823851368647,0.14392563362228183,9.146049126564247,3.7800906760139634,1.9894468165789414,0.8117175784960208,346.7421123995061,0.9004919937007008,52.40553084987909,0.5245506734410876,1.1134819310785367,27140.999999999993,24.481618808396743,0.19953148283885963,0.472580722585827,248.660000000516,543.2431379600123,1233.4805992431368,1113.7339499065504,139.66051073895326,2286.371021604585,2852.409221991598,3029029.1595205795,3454814.460342872,1853668.973651343,0.026846742825917057,0.0033742702654854977,9084321.907679515,60.66764013580498,0.08263381006501953,0.25632221211319917,0.10264477798186979,0.7140551058617248,False,0.0,True
20.806087721747847,1461.9129322937167,0.2975793293478044,5.925061264280998,3.5606016295713623,1.3682948189619781,0.9631312191304514,351.2527627035382,0.6048115994093528,73.04814807712778,0.5230083795319986,0.9249798885301982,27140.99999999992,23.189670682862726,0.16174169630510912,0.5072382053968608,248.660000000516,567.9948475073245,1244.8467216229556,1097.012853610993,115.36918023112622,2070.4495316524403,2720.3147154732687,3049182.1787798237,3369620.0041942457,1546725.628225376,0.021672565559100417,0.003432313595497618,9081991.261311904,113.87122059392247,0.07405169045445267,0.24848586348498297,0.111166893759338,0.6909049311588633,False,0.0,True
18.838085614968467,1351.2470465624249,0.4349210830544929,7.978734201978359,2.7431987052870648,1.571082717655806,0.7874625150131671,352.43662671087105,0.6231355708795052,73.7498445792976,0.5223168148854757,0.6787599504147914,27140.99999999992,20.56448046434151,0.1819464210445878,0.3931854375740941,248.660000000516,540.5283036081801,1073.4436232934554,976.162201299992,134.12867202554105,1829.261463047933,2704.702439250284,2791991.487182396,3201114.8387934696,1506200.3935004557,0.016449975269506336,0.0019722485447014626,8964889.74825124,78.96111603588561,0.04350726193968159,0.232326896789993,0.1273577035942941,0.645918386669251,False,0.0,True
12.394549122209344,1348.738481119512,0.4952188289258329,8.307747704247095,3.2634054357468045,1.5951707216794537,0.7431274922896111,356.5580261948554,0.5126249668489931,75.10927040084884,0.5005446955006237,0.501447412020059,27141.000000000036,18.653827866963756,0.17828308221859393,1.1693983903200478,248.660000000516,482.7030176780579,1110.916315235998,854.7526276190234,98.36493141638587,1886.0511134597064,2653.0565709652374,2525297.041070084,2849729.010886114,1119685.6023704298,0.012331089439771363,0.001278694769865078,9039168.79683521,84.62466690448409,0.038668492354421456,0.19474876898401527,0.1807314882157882,0.5186658026613209,False,0.0,True
12.41248751639383,1502.1986693281074,0.4905661386143349,9.141989798783154,2.728825100770755,1.6388984635456616,0.6148213210023485,351.7525137816266,0.8037020438039403,72.8323158538596,0.4937401586777137,0.4836634189181507,27140.999999999993,21.150041243686736,0.18964718405886377,0.7231419177940994,248.660000000516,497.1061234440923,1026.4494896720514,881.0514240013545,104.63822577326785,1772.304258492705,2669.687919495601,2245988.604122227,2613126.2521538287,1139141.1276187343,0.011302805234434703,0.0018243036184228195,9129345.273508769,71.00669742767587,0.07884512438104921,0.18191573474365427,0.19901286834320706,0.4775586114287482,False,0.0,True
20.192583778109974,1421.9313893431154,0.4948758538318526,6.3413033258897125,3.0681757437223505,1.1888789849997217,0.8281734382160603,392.74474080627084,0.7177180339586796,54.158704233583514,0.4899808968143816,0.4674337677142741,27140.99999999989,19.981553774750402,0.17683438746458113,0.35015815074051615,248.660000000516,532.1142326602711,1243.2469165315347,1118.4203454234428,79.34750114842433,1780.4751947154189,2538.668334846257,2473808.7396085653,2850588.0592269767,1373089.719216426,0.009280404110337453,0.0034062157791956084,8994279.813480739,86.29092095785718,0.057042850197460825,0.2755802523089704,0.10763959456453374,0.719117902053585,False,0.0,True
12.342122264104216,1584.900012403887,0.3720679606847676,10.495726024118289,2.715747924456174,1.525076726891878,0.632801316715384,346.205555528986,3.6989692143849284,62.10832063638444,0.4882083727638861,0.4569926165603663,27140.99999998985,22.81591674617239,0.19523694412017456,0.5285508356150006,248.660000000516,508.6655671875393,1037.1576372423413,928.4934607380129,97.02861034490105,1791.7181553735695,2604.9200468971644,2315188.390704929,2725957.050998081,1161582.9534136313,0.010047993209516583,0.0023552433965436815,9188048.377767395,65.49922267787721,0.09882650447643976,0.18981582473127673,0.19576655848902477,0.492283447044379,False,0.0,True
12.669516505176198,1535.5710014281244,0.44500051349377795,7.06155410228333,2.9351777446207814,1.246838271599231,0.4328736580744251,368.347430750896,0.5016595242000679,67.282553057463,0.47565046403508604,0.4204228168868498,27141.000000000124,20.502646535656204,0.18405920827405822,0.8555134516441455,248.660000000516,522.7515995144115,1102.7087170045843,904.7767103202245,65.52493660563357,1783.0792706332734,2604.3288825535024,2326004.377510201,2646989.4238364026,1057977.5342225381,0.009387354287074967,0.0020233413860510758,9201116.288476076,78.28287151197237,0.08413096270924947,0.18718391780684857,0.20848195018023033,0.4730858356803255,False,0.0,True
12.294919459067504,1553.213490648384,0.32281089988815986,10.36228575825845,3.2244104082838434,1.2479517247053087,0.9602589672226219,365.8943589337829,0.5127101145349219,67.29690527077032,0.47450907687871446,0.389157609877058,27141.00000000011,21.35080229372583,0.16654991248492293,1.1809949542696696,248.660000000516,491.58679731895563,1071.9629036008241,829.5952363981137,98.98558163298198,1857.9547561647948,2637.8807545046743,2436324.001292314,2749369.7828161195,936295.0542563964,0.009083643042668028,0.0014784836470052467,9220431.301814696,105.88072023837447,0.08435741422023703,0.16830332143279988,0.22862481773302823,0.42401458809773707,False,0.0,True
10.991940846299633,1567.4143206467631,0.23499078145907454,10.150087585013514,3.0874514820169052,1.3627283103364656,0.9543740176752424,360.70122402864916,0.8303456109963213,63.17089614418957,0.4764790809110826,0.44752229307249286,27140.999999999964,22.06888644789664,0.18840744894912353,0.8774918661773377,248.660000000516,495.18735152995436,1056.6529334434542,870.5142670585799,89.87694646568539,1848.5142585223537,2639.7525077181,2541139.4419274465,2897659.4471925106,1050900.4868162451,0.01043018990070465,0.001716012655575863,9240117.013436351,73.29631489262574,0.08996455846946182,0.1813784124295679,0.2142637348072089,0.45844057236151786,False,0.0,True
15.019643190886121,1566.6846234665452,0.43496534017928473,6.295266270846655,3.1678340178115567,1.015107501600697,0.8260615641147454,353.84731676401395,1.9982315967086133,63.50275699862066,0.4633707673007438,0.35672845801152553,27140.999999999993,20.424122726016396,0.1501602629216815,1.2917900290775692,248.660000000516,506.58649737807787,1119.87005563457,832.0788173185763,71.46932466885951,1874.704750134298,2588.2729698082544,2224446.495172755,2464856.1676288517,846103.6263149353,0.008081852703463909,0.0016001143754269024,9207611.678975916,144.2715879374522,0.0849886277952748,0.1641627789733742,0.24181762350769534,0.40436133855261386,False,0.0,True
13.384566497087578,1395.3716466923538,0.4685364646796461,6.776737118732615,3.201603472952064,1.0005050464357126,0.9631312191304514,355.66446906614124,0.8323627126195152,67.282553057463,0.4542771244576903,0.3351883720434108,27140.999999999993,17.21620893898594,0.14635386030682737,2.003020851043367,248.660000000516,472.17735653743046,1066.8191743639582,708.8414849625835,84.8200472783785,1869.836252763196,2621.594641589035,2208171.0639101453,2431885.9926111368,747637.5272308891,0.008318734296865714,0.0007786133087644965,9116722.35970262,154.2854812941801,0.044386788609441556,0.14891599443131687,0.26465831858282896,0.3600707049381555,False,0.0,True
12.298035259470126,1395.3716466923538,0.4685364646796461,6.776737118732615,3.201603472952064,1.0005050464357126,0.9839739728320073,355.66446906614124,0.8323627126195152,67.282553057463,0.4458899676406786,0.305446601236753,27141.000000000284,16.864053731743244,0.1484545822149949,2.1725325748603224,248.660000000516,461.1291392302039,1058.740609506642,687.048166877294,78.86922677489973,1858.9832890734642,2612.064745459823,2134353.477787347,2353984.077785551,709837.8158470239,0.00758406384566604,0.0007060623585007607,9127195.282384528,147.99784723007488,0.043750512631808,0.14373799620852135,0.2776156111913506,0.3411338924935594,False,0.0,True
11.704895524414981,1459.9559948825374,0.32241982538332636,9.980623160064294,3.2244104082838434,1.035018505668701,0.9602589672226219,365.8943589337829,0.5127101145349219,67.51667883079539,0.45542622717007414,0.3460335101153658,27141.00000000008,18.731935182849945,0.16399917269668912,1.5994304925259706,248.660000000516,485.6717026693304,1051.8356282678496,750.0983863591309,92.1934698345293,1855.0934001693488,2632.915953966944,2454337.506299164,2746488.3996772747,849337.6273768106,0.008459628417931239,0.000932067080109933,9203247.111652302,110.6916824273719,0.05997831810349207,0.15995306827959455,0.2533616960358779,0.3870006157280811,False,0.0,True
25.821386700408336,1586.6610278915664,0.3250376518337955,6.107500868600109,2.4905748099402074,1.246838271599231,0.9592388395417332,364.1241663112727,0.5016595242000679,67.282553057463,0.5123004001647584,0.7653145268811847,27141.000000000007,25.286054141065563,0.17179507598734717,0.00596001370074563,248.660000000516,592.3544922390699,1084.169576084136,1126.9197253186824,109.57100135750125,1739.9066535978482,2660.9179668647903,2805093.9774668324,3190671.036182994,1542017.9546654206,0.01554906209565508,0.005222339478427164,9122017.454961628,95.4459797298247,0.10774756134703257,0.2396534168380717,0.12738352682207257,0.6529408578008904,False,0.0,True
16.66534684201065,1401.5174007036405,0.4760343535256756,6.966684544129281,2.7170009734648923,1.5152155306720014,0.6276398079196313,349.59576269933314,0.6198254811122966,62.18250117432078,0.5099749225084758,0.7388020273827377,27140.99999999992,20.40664030470939,0.18557126300190943,0.5022181439049146,248.660000000516,536.8658933277679,1063.648225758762,947.3729008701464,113.96723379516632,1881.1592665073833,2717.8019194997487,2592728.3679761654,2962162.5227044825,1415020.8347216086,0.01804230568949659,0.002009520135698233,9027863.145530522,74.94655470776569,0.05627608221580445,0.2149801835938194,0.15351273494486636,0.5834038397436665,False,0.0,True
13.465127005499351,1430.535769641719,0.2198434715233079,9.693602570234631,3.458240682202039,1.6091547057451496,0.6090512623401807,322.559664821738,4.101222838832576,79.97693159348779,0.5183715232310325,0.8992398526898299,27141.000000000036,22.414002591871352,0.18943267880850523,0.6283222435545934,248.660000000516,542.9016780404687,1160.3279586248111,1005.6605779339151,120.66533299701027,2089.2640344921483,2777.3964430195583,3035743.845540188,3442666.0214191913,1523010.179160981,0.02213951216965709,0.002266756672197612,9099771.548191853,71.01738293264535,0.06612440574045939,0.23079656882885796,0.13239233309394124,0.63547252574892,False,0.0,True
14.719765362993147,1457.6627627920602,0.22535720811985074,10.36228575825845,3.5562397271854054,1.5280443976104057,0.8607338886179358,363.47988982404013,0.5129164716402154,57.028694817243434,0.5179722065560212,0.7854997843308712,27140.999999999978,22.767970578791314,0.1759829336846486,0.7126121958654466,248.660000000516,542.4172012479862,1169.7358993898315,995.438288814442,132.10823155755247,2073.585234893373,2741.102887637663,3031998.2161040856,3420490.0377271064,1403628.5896923766,0.01896570750890847,0.0023535421376156907,9130665.093241429,88.87704990834004,0.07216553675538766,0.22229517988732406,0.14130714199653008,0.6113689778865935,False,0.0,True
16.64422929141535,1494.4399040349047,0.18570122315277515,8.524830314949565,2.716419278949657,1.2220447225086313,0.987015204830193,349.8523031280236,0.502787594912749,74.25785491337437,0.5014382628239719,0.7256585193617435,27140.999999999993,22.984925329821,0.1878747401324445,0.34864338354052904,248.660000000516,564.2447812607242,1027.3973384082028,956.1121532144189,134.69985543486908,1909.0529176899502,2771.616391161151,3055595.940677904,3463453.6012246106,1449445.1289622337,0.01753260348658794,0.0021624943874091343,9151434.16127646,73.21209892550515,0.07933688163737024,0.21367389045372895,0.161944689178512,0.568858682823762,False,0.0,True
20.99042979172607,1472.2592954220484,0.22510982403392024,5.925061264280998,3.250581952354439,1.3699761282441347,0.9631312191304514,359.83499231076576,0.6048115994093528,73.04814807712778,0.5212521868658898,0.9156176963522351,27141.000000000036,24.084414559844333,0.18127246755766976,0.1890939465073703,248.660000000516,590.6300172416406,1231.7884125450728,1190.772449630979,95.0454381416506,1940.5195177537832,2668.5288495604145,3147138.608678134,3530688.044138785,1743853.5790672214,0.020591025647222247,0.0042597542494737985,9082962.874151738,80.89671309514287,0.08015501171221716,0.27728803633297205,0.08368490031757585,0.7681684918152469,False,0.0,True
12.36385258694077,1502.1986693281074,0.3720679606847676,10.495726024118289,2.728674724894612,1.5855718597063424,0.638355320741173,346.205555528986,0.8037020438039403,72.8323158538596,0.4961431723961682,0.5870312542366202,27141.00000000008,21.901638481390872,0.19319218857543072,0.6283213877261643,248.660000000516,508.4569758369848,1000.1098349901953,880.1865228926675,134.4026775604019,1863.5491787199596,2753.8376000423095,2468115.5427179546,2871590.5824051197,1262281.7448695325,0.014195786327021422,0.001736828944214732,9134186.072937349,67.20476148268791,0.0797513069410872,0.18618094756879122,0.19307410436442904,0.4909122412997525,False,0.0,True
12.36385258694077,1538.2127434258348,0.3720679606847676,10.23741401028155,2.93492080906283,1.5855718597063424,0.5841103254817529,346.205555528986,0.8037020438039403,72.8323158538596,0.49617408432463084,0.6078514370182755,27140.999999999964,22.39841117506013,0.185885766304684,0.7315910319137894,248.660000000516,512.826248375502,1036.0963353805205,894.5643322914528,133.54349084682624,1921.0458397626826,2757.4080539354454,2472122.4272525427,2848568.6684017465,1246348.6852429658,0.014558420991800455,0.0019392748603125408,9163134.184154829,75.68407630777811,0.08925839646871574,0.18431252183221414,0.19503000423936132,0.4858736080579521,False,0.0,True
18.838085614968467,1348.9464444065748,0.4948758538318526,6.24296847756434,2.7431987052870648,1.188390392150203,0.7501724132979928,356.5580261948554,0.7561824728499275,50.510974436614376,0.49950677727964066,0.6443747570217394,27141.000000011038,18.493850109537757,0.16357482502991902,0.813802183151509,248.660000000516,534.2898718905177,1050.8131516226385,864.9925084533505,108.01821533105037,1867.890867951199,2689.0840244690853,2685925.5575209865,2991412.807811328,1160193.7206745185,0.01609306151244998,0.001395913767884162,9013336.013503555,109.25342116034471,0.038878596860620646,0.19740578458519437,0.17863861272380682,0.5249533991141561,False,0.0,True
12.363338947946637,1538.2127434258348,0.3720679606847676,10.23741401028155,2.93492080906283,1.5855718597063424,0.5841103254817529,346.205555528986,0.8803877418656065,66.93000843675703,0.4963062028452047,0.630212409808509,27141.00000000005,22.395652793865203,0.1852461670207331,0.743788791129365,248.660000000516,512.8204850882385,1032.5093082013943,890.3373608892003,135.49916950424293,1946.6777422035686,2765.6917654873087,2476038.606253185,2850173.9934032317,1243656.3358505657,0.015196251930981739,0.001908343083631034,9163933.450499445,76.47739944008363,0.0892560795467978,0.18304483903320903,0.19620181544884874,0.48265380029046223,False,0.0,True
16.12153830729094,1485.11055557084,0.15171174855963604,10.36228575825845,3.179419920892499,1.1376860848029515,0.785533788304094,361.0138887292488,1.1344577104564553,64.10630907820081,0.49939906591794603,0.6393469018967239,27141.000000000095,22.606757123710455,0.18112364820188287,0.5130506666358038,248.660000000516,575.9968211024734,1122.5366940491913,995.3485232641239,119.7803196171639,1927.0453265542471,2674.018386455661,3204508.5828140154,3631637.657672305,1431730.044879097,0.014976898821368042,0.002375615443011002,9161322.185994705,81.7959050448828,0.07677719388139827,0.22648958611650294,0.1507326361043557,0.6004142194568173,False,0.0,True
12.36385258694077,1502.1986693281074,0.4459082351917899,10.495726024118289,2.728674724894612,1.5859466768013508,0.6203007901512065,345.22175606681134,0.8037020438039403,72.8323158538596,0.4927165595236548,0.5561835768874266,27141.00000000011,21.32960999733605,0.18608964766869018,0.773153992884289,248.660000000516,501.1331619596039,991.5040876091542,850.3920297246442,138.02608154675616,1866.71061522442,2755.7563344655723,2348990.190357767,2727421.4330872707,1184846.3015778768,0.013504951815064944,0.0015904266452367603,9131143.434547888,75.17222429642337,0.07869559785405307,0.17535345455270632,0.20641491525642566,0.45931897040180575,False,0.0,True
12.36385258694077,1502.1986693281074,0.4956325518449983,10.495726024118289,2.728825100770755,1.6388984635456616,0.6148213210023485,345.22175606681134,0.8037020438039403,72.8323158538596,0.49253488845994065,0.5411256516459545,27141.000000000036,21.112231388168688,0.18368410582700617,0.8274137334099566,248.660000000516,496.03832672415314,993.0141690765877,844.3556606643597,138.57560971662372,1859.6977493846102,2750.45078433366,2262035.216448586,2632172.782519918,1157987.8915114263,0.013099470864583318,0.001587220446739552,9123085.497872949,78.0954778227351,0.07870175445037317,0.17182897393794958,0.2099909091251862,0.4500262599198817,False,0.0,True
16.378350460350937,1390.0180271042668,0.48231795410983097,6.966684544129281,3.1678340178115567,1.015107501600697,0.5443493315855203,363.07651317300815,0.6198254811122966,64.0026516380382,0.4809071209085819,0.511488985077131,27140.999999999964,17.934572714179442,0.15458441123270064,1.3499907622303828,248.660000000516,544.0300504420884,1120.2157974168067,832.6823121643996,93.87315628580635,1913.3132656452817,2663.440117425679,2572833.740350097,2849196.704488636,1018403.6795099713,0.012597118414031694,0.0012852041299467015,9113716.585741874,130.88723921229212,0.0478721678052919,0.1811468991482087,0.2097289123482548,0.4634384984189477,False,0.0,True
12.356553743500827,1472.8416502064686,0.2251936398401227,10.36228575825845,3.2336326383889795,1.1545094586681135,0.9344734164328401,361.0138887292488,0.7913051292613912,63.17089614418957,0.4779852509083828,0.49324746192980956,27141.000000000095,20.496924281816792,0.17669802682207383,1.0695795112395368,248.660000000516,513.788328225918,1069.1079123329948,841.5465350719663,104.15856247354182,1913.685885801487,2668.700867411142,2787951.120524045,3135243.864405174,1072722.839611766,0.01205677285955011,0.0013304565046868976,9202900.528537339,88.49699120572457,0.06708615398545974,0.18493639472433698,0.2092638982539354,0.46914321987713575,False,0.0,True
11.00155900263015,1502.1986693281074,0.4459082351917899,11.39306880730384,2.728674724894612,1.5859466768013508,0.6203007901512065,345.22175606681134,0.8037020438039403,72.8323158538596,0.4843615391265198,0.5139952697360258,27140.999999999964,20.858377673029953,0.1887656154979472,0.9144786630953182,248.660000000516,486.1016688015426,968.2780548097397,811.3868881565314,137.27361181387846,1859.151855478312,2757.8517348434566,2287189.414334098,2664365.940030214,1113920.4154764577,0.012610814919126653,0.001339530696778805,9144606.476756487,72.12656217028903,0.07670809045065007,0.16591034345064287,0.222494912943345,0.42715782219576315,False,0.0,True
16.375796037506532,1432.160173711267,0.49001284987321825,6.955129156787724,3.527209396960284,1.0313562470308595,0.6069961691378339,365.16051726148,0.6008072240680482,64.36073976357622,0.4795247382821377,0.507096541642558,27141.000000000036,18.528545350133992,0.14381355229506865,1.6119469624270493,248.660000000516,535.1496156592149,1184.562949303132,838.3259640854748,93.77651278007063,1991.1233465546015,2660.115177838641,2456656.5912182373,2705602.919989492,955155.3065595315,0.012352148793897282,0.0014109584428234044,9135820.592797812,162.94723593722327,0.05752984177105951,0.175949138382807,0.21609710329718937,0.44879690117377447,False,0.0,True
14.39589138233389,1402.6107856162207,0.45497761917063817,6.295266270846655,3.22583023964346,1.1554153300856118,0.9256032530897275,353.84731676401395,0.7745758842688562,63.96102627609728,0.4779515776541185,0.47946320945716875,27141.00000000005,18.540109635426408,0.15486468644955487,1.4418965812279816,248.660000000516,486.9231327041386,1098.172062801338,794.3967608737996,88.5665205344335,1917.124648302732,2648.3394773775026,2406910.198040118,2655120.450675302,916257.8188364739,0.01190442176881135,0.00110868919906569,9097492.071626274,129.94613597043053,0.048434736682895184,0.17201938712930073,0.22119701517795082,0.437467476229255,False,0.0,True
20.25068880342383,1395.3716466923538,0.4685364646796461,6.332080669225095,2.6472975204193343,0.9044130723215399,0.9017477268899716,355.3857638366438,0.83823728971577,67.36972313683407,0.4752107803691853,0.4421560452260727,27141.000000000095,18.26497637726593,0.14939799869939857,0.9635460024810362,248.660000000516,527.6315062479748,1011.2893904956852,807.4280564179264,106.39156101908372,1763.541500486675,2646.035306728908,2654758.0152874137,2927953.3524276996,961204.4984726682,0.010798926075601725,0.0012016311478791576,9061608.910640663,144.16832478631972,0.047885951593899294,0.17806695892975807,0.2171184597978261,0.4505909137616896,False,0.0,True
12.863301850040399,1328.7334999256116,0.4948758538318526,4.996158317706854,2.6779127499906896,1.0351768205170413,0.40393169253102973,356.5580261948554,0.5217925149625495,78.49058659660164,0.46466599708476874,0.419462916711528,27141.000000000065,16.268902172275226,0.1932211116132733,1.0143534218718728,248.660000000516,524.2323477030185,1060.8868825074132,825.7748210704098,54.24957080833072,1720.0476805152982,2596.0521582015867,2472495.953569554,2779419.5790750664,1080271.4504113998,0.010294906029605977,0.0010897369928616323,9095245.527448183,66.88821022868703,0.03198047795915769,0.19587823106460792,0.20858445917801868,0.4842924595766934,False,0.0,True
13.468736394487717,1545.367470166879,0.27994401099805083,9.634055228459308,2.722416015801421,1.0254651832207322,0.9805542736520793,360.3929482115963,0.5618795632263247,67.51392129189145,0.46376243365089853,0.41670928925826606,27140.999999997228,20.823762070653363,0.17202387374650593,0.9477819632803174,248.660000000516,510.91636216529156,972.6769716325513,791.2033524713456,108.21187287292885,1781.1871099142202,2674.643850193735,2546767.71191925,2875753.813622913,946367.1983218673,0.010078884838051727,0.0012310219817057166,9229337.933885086,96.18409332083509,0.08112270675765965,0.16295762375365666,0.2431691859335326,0.40124813202844545,False,0.0,True
13.770451442388158,1472.8416502064686,0.2361662137726483,9.834777278386378,3.1756364165570767,1.0142016307227366,0.6370586287119513,372.21998211272194,0.6365547279140464,63.16567302131897,0.47563320370945844,0.47834232277820127,27141.00000000008,20.390102045920578,0.17971939497051925,0.8365488477811162,248.660000000516,542.5498145153772,1116.7580417876563,907.2695987393708,97.84154304372088,1865.086531627807,2625.8581004641424,2875053.1003404036,3250996.1402657214,1168423.7637883802,0.011278378105921869,0.0017043108766013311,9183238.227900853,83.92858170318284,0.06771478582682429,0.20568640295239082,0.19019260132073312,0.5195688600107828,False,0.0,True
13.468736394487717,1545.367470166879,0.3185177268115442,9.963725764066375,2.722416015801421,1.0254651832207322,0.9329395926737505,360.3929482115963,0.5618795632263247,67.51392129189145,0.4619251344062625,0.3897888059436227,27140.999999997184,20.568490006078804,0.16697060215815127,1.0648177921332862,248.660000000516,505.8436184986504,964.5658423848513,770.1011073877146,113.05986587038417,1776.9950946784793,2674.9360419855925,2453563.036509573,2771853.5515412125,902275.0676350123,0.009434772594779945,0.0011444853873348215,9222530.046070937,105.10634051271023,0.08053998194882486,0.15554038368284678,0.2520543544853778,0.38160547504087594,False,0.0,True
11.759583375466871,1408.084385293248,0.49469546029483136,6.7018734350247025,3.612976864390568,1.161296329172271,0.9269702387641088,366.2366881042329,0.5129164716402154,56.91576681639232,0.4582659802176382,0.3848430644119322,27140.999999999876,17.52950834671779,0.1495785880235178,2.1884387627954607,248.660000000516,457.6657727281076,1154.0668510527978,738.9217463894306,73.54740755795153,1976.6598395627743,2626.7346962763413,2156035.3018114334,2377646.1091054487,763415.9653770388,0.009553898322967115,0.0008911272882370914,9122063.576023214,144.60512451261198,0.04771139062799093,0.1556013477587687,0.2544611658012103,0.37945762563836305,False,0.0,True
12.36385258694077,1369.5747924770303,0.42028416810230396,5.047398482619547,2.728674724894612,1.0842676712975745,0.7817298762106526,356.0936692646843,0.5297708825168854,72.82356365026388,0.4629324046320626,0.3903813377503831,27140.999999999876,17.4545967696248,0.18989372714899808,0.9749189512291127,248.660000000516,489.43408603556736,1045.2560034257672,813.2782435924638,55.028724728063175,1724.3378209032805,2586.32671882091,2434535.034243002,2727397.897865395,989484.2991193845,0.009516255842684727,0.0010790840451983719,9107871.297691377,70.56411609216087,0.04031658643922814,0.19049697369007595,0.21554385570337103,0.46915718789818417,False,0.0,True
12.394549122209344,1348.2497992472897,0.49155930414157456,8.361287922659743,3.2634054357468045,1.0015016801860492,0.7431274922896111,356.5580261948554,0.6215977696163907,75.10927040084884,0.45261276844281173,0.34005106794895273,27140.99999999883,16.126825964705837,0.14886928544720898,2.3512410858360306,248.660000000516,483.20702483188904,1054.7626853796185,687.3641030759261,98.4242436577077,1881.478398796183,2650.3366271127056,2249186.651471255,2489743.6541726855,767977.1201479291,0.00855701499156247,0.0006723110436396589,9114094.782924602,146.55380758055804,0.03440979239262918,0.14467004827557362,0.2704426095372635,0.3485079183993502,False,0.0,True
16.492017474482832,1424.4487029739257,0.47678635078028153,6.966684544129281,2.7170009734648923,1.5152155306720014,0.5822072644284427,349.3046453145985,0.6167699474043343,62.429338145408934,0.5085797869202081,0.7466753729820764,27141.00000000008,20.72317668542047,0.18623710766828117,0.49092537526252733,248.660000000516,540.9677006613397,1066.3029985302776,954.7868824293288,113.10591531000057,1887.0747421257424,2721.967779962802,2561081.785095427,2930748.471701106,1422731.3460595803,0.018112457636190522,0.0021530586619160734,9047347.61288214,74.30559207139974,0.06284539001020767,0.21345223339495425,0.15610138057503692,0.5775947665669079,False,0.0,True
14.385357856265998,1403.099467488443,0.4385444822135921,6.241726053092096,3.1678340178115567,1.6089203261960963,0.6282035740765397,353.84731676401395,0.5109886015421515,63.95580315322668,0.509837220924115,0.7749969094557684,27141.000000011314,20.5856507577609,0.1909067514708778,0.6284848284978723,248.660000000516,521.503280508874,1157.3778333780647,990.3710941121327,87.61962079554536,1945.138169185037,2680.152772512489,2613531.5249001468,2962789.168495149,1434073.2813803102,0.018820045942273513,0.002214145177274265,9045327.350936422,68.96985337502963,0.056202219066916415,0.22929981552424542,0.13942616953931844,0.6218705076744644,False,0.0,True
13.465127005499351,1437.4671965805114,0.21892919309075118,10.612955637161122,3.458240682202039,1.6078449472580965,0.6426491311340481,322.5453460338157,3.7652665025637027,79.915771743063,0.5174310285373667,0.8653274411356892,27140.999999999935,22.509541454217246,0.18593766678772822,0.6738026640142407,248.660000000516,541.3915858939455,1140.9794694155855,983.768804462462,138.56087707093712,2101.1468042427546,2809.479225669436,3033903.6003706604,3445109.4229054814,1512750.9688906455,0.02133600862891399,0.002149843450949694,9103458.22809652,75.12822872876362,0.0678008399565557,0.2236129507457055,0.1402477326949722,0.6145565072632048,False,0.0,True
22.011160619476392,1512.0297575417144,0.2216541336969503,6.323102494251065,2.9780352136913275,1.2218061355464207,0.9836518120535747,362.1876538312027,0.502787594912749,74.25785491337437,0.5147509666447182,0.8325941687206105,27141.00000000014,24.297485336685984,0.1770719898035225,0.1615852109774649,248.660000000516,597.8874309687394,1166.84117343231,1142.4247000655012,102.20452535082268,1873.4986765555514,2675.776526602622,3158309.7146889903,3542603.6261252733,1617837.3700576043,0.018329266269428754,0.00426817206381745,9123699.82925607,87.18068210721802,0.08867696308313802,0.2578644969031314,0.1077679217970561,0.7052561089080452,False,0.0,True
19.496251312186235,1401.7373613922268,0.22567547194984333,9.672294054207455,3.121451814452497,1.1607296782673306,0.8689735955741731,370.638658096769,0.6696361489711027,50.7299782384655,0.5146428140007391,0.7926997493059547,27141.000000002146,21.823330095102424,0.1737573998277075,0.4405077307066207,248.660000000516,585.0483451416085,1134.326909523349,1016.3991480913805,131.27394841867553,1964.7862470141802,2708.732638042155,3334241.13021073,3765838.979845216,1510071.4058590871,0.01929340387786326,0.002221260018051357,9077477.196143687,91.79818962938388,0.056437495182943866,0.24157510697021373,0.1240671886047029,0.6606869880585718,False,0.0,True
13.465127005499351,1430.535769641719,0.21892919309075118,8.539543981242982,3.458240682202039,1.6078449472580965,0.6426491311340481,322.5453460338157,4.081138492552402,79.83937102708883,0.5176706068605443,0.9327979483223179,27141.000000012347,22.40636905897244,0.19287374682042352,0.584366898932414,248.660000000516,541.3915858939455,1177.85663789016,1026.3701906615754,105.64745942556154,2081.455257267683,2753.8740428772526,3012983.230382204,3408235.2541063526,1535344.2848264608,0.022908718880005036,0.0024083502354225114,9099819.329252612,67.28407633037014,0.06592130594071788,0.23727695304455845,0.12640902116780625,0.6524226114532724,False,0.0,True
13.465127005499351,1430.535769641719,0.16892798008223092,8.415750919505369,3.458240682202039,1.579145274914076,0.6426491311340481,322.35994276316285,4.329678062448594,79.83937102708883,0.5178205683697449,0.9772459665473618,27140.99999998774,22.665009069126146,0.19700790244376212,0.5186061850957604,248.660000000516,548.9425754229724,1185.211966995509,1047.826969696595,101.31895083936385,2087.1438099897864,2752.567243098587,3098146.1428383035,3505148.3086129175,1584909.173849902,0.024008261918715298,0.002515170859334667,9103198.415183026,63.159974285305026,0.06649566977918762,0.24484628901513253,0.11882327229592028,0.673265829926611,False,0.0,True
22.063495807561786,1389.8381193046807,0.30119827206264127,6.478481598667257,2.8805238055480156,1.2148097345919033,0.9430983186591749,350.4708284322561,3.571351624396933,41.77990285444915,0.5208670292481752,1.0028418408696138,27140.99999998758,21.68229574691348,0.1710225776113035,0.3337472542371177,248.660000000516,577.5423102756658,1112.881793903121,1023.9024096472027,119.76449635226282,2006.7241140940982,2741.873561421414,3201783.3409412634,3568361.3999728197,1492894.2218961203,0.024889385092404938,0.002328745310624798,9042889.788477592,95.90599857559745,0.05330988499156899,0.2422707991243382,0.11873411931042982,0.6711011034829306,False,0.0,True
12.30067288961233,1537.3986942836264,0.3720679606847676,10.495726024118289,2.7166355099944166,1.585723178614216,0.6328158181259129,346.205555528986,0.8222032919713607,67.35606709362169,0.493924625380622,0.6054152784238995,27141.000000010485,22.37497784313785,0.1913198991851936,0.6335979818193308,248.660000000516,508.20782112568276,993.4504910828232,876.929542225175,137.02024189122147,1890.6426228369696,2765.0633030637487,2418255.0827689045,2813363.344456711,1241992.5267633991,0.014624360742501855,0.00180721532920755,9155614.826503081,69.35950110347886,0.08836966059344213,0.1810194026089615,0.20000477966649835,0.4750863882914766,False,0.0,True
10.964718284612706,1424.2817936737424,0.3720679606847676,10.23741401028155,2.93492080906283,1.5855718597063424,0.5841103254817529,346.205555528986,0.5438225905544918,77.27192372179604,0.4939346323263945,0.6101093654050042,27141.000000020365,20.284619116403757,0.19663690986166818,0.8600782253324908,248.660000000516,496.4520478186877,1019.9349928442293,851.1184417250313,126.41108184473339,1929.7480505047347,2762.750174977593,2566169.752684082,2953931.6055713175,1256446.6454553828,0.015209049038921504,0.0013499292475481397,9106371.095519897,63.54027633480854,0.05885629019736731,0.1886207406811747,0.1922802849102526,0.49519620060959973,False,0.0,True
10.678551085458144,1401.3504914034575,0.3713101527175985,10.23741401028155,2.93492080906283,1.582791881800405,0.5841103254817529,349.5897457147478,0.5170715802776261,67.32347494994566,0.4939489928045453,0.6246657069954672,27140.999999999978,19.82745844199,0.19812045752622146,0.9095985014228593,248.660000000516,493.00022132378876,1014.4860523828743,838.2761595441101,122.98990254723837,1942.8612112319104,2757.7928709305766,2594635.35288472,2981685.8898742236,1229445.8590937732,0.015719415513448735,0.0012346364401152248,9100754.243550083,62.08523038706504,0.052722857826715826,0.1877622132781141,0.1931268274398002,0.49295777301497745,False,0.0,True
21.095006135814785,1348.9464444065748,0.4948758538318526,5.001256216010936,2.595974311448499,1.0351768205170413,0.33821866328934413,356.5580261948554,0.7450120531309198,78.49058659660164,0.4971934191602524,0.6628529748917257,27141.00000000008,18.25058034395952,0.18518587594038,0.38099145433310166,248.660000000516,611.2402676897287,1115.4597310860302,1008.9386976130186,77.4229736572882,1754.5057333471245,2638.9727593312978,3005479.4930895637,3372213.0426288014,1571627.2526869224,0.015843036334889857,0.0021474562566465207,9021536.900929466,75.36259188911497,0.04225498824736593,0.2484595664177374,0.12943588053507493,0.6574822968130719,False,0.0,True
21.095006135814785,1328.7334999256116,0.4948758538318526,5.001256216010936,2.595974311448499,1.0351768205170413,0.33821866328934413,356.5580261948554,0.5217834753564545,78.49058659660164,0.4987852283112649,0.7143826583419645,27141.00000000005,17.93694560737005,0.18472516346749404,0.4108180119855819,248.660000000516,611.2402676897287,1108.4389220160722,994.344931807541,82.13942948457208,1778.7634115400338,2661.3749930274244,3054214.996461211,3419333.35978333,1581521.1117284065,0.01742882032773354,0.0019602394023257546,9007543.379602026,75.81009844528377,0.03665530435631945,0.24723480722745028,0.12943868088030996,0.6563637076488918,False,0.0,True
12.365397999835885,1570.6034987272471,0.25809037152306624,10.23741401028155,2.934033223524588,1.59164080040411,0.584095824071224,346.205555528986,0.6009024174442141,72.8323158538596,0.4980647339164484,0.701463881216556,27140.99999997719,23.726501662299437,0.1943850331111722,0.5361745145653873,248.660000000516,526.3277278071957,1042.7812217409219,939.7671952236394,138.80862346541903,1976.5200567516397,2793.7032022687767,2606161.845311133,3012374.509079798,1390122.8758357381,0.016701500952645356,0.0023369302474371884,9177231.329885488,66.28604194397899,0.09971067302424294,0.19654044974969698,0.1815511766393811,0.5198222759565839,False,0.0,True
16.45298513969115,1584.900012403887,0.3720679606847676,10.495726024118289,3.1665809688036908,1.2128526434760523,0.5323465618152199,346.205555528986,3.6989692143849284,58.082853761617145,0.49453473727926517,0.6536266052622276,27140.99999998768,22.7226615572077,0.1583435951174453,0.8537848383189194,248.660000000516,559.2404479354113,1100.1154642828171,922.7821353690576,128.74017690435147,2013.9643882588248,2696.543098893803,2633996.5545878853,2981560.5803374816,1161836.4627837017,0.015377455627662675,0.002362624065751393,9208552.555612253,123.05201917592235,0.10048824309988767,0.18321372672575958,0.1974573068237372,0.48129148419152623,False,0.0,True
12.302218302507447,1569.7894496518527,0.3720679606847676,10.495726024118289,2.715747924456174,1.5917921193119837,0.632801316715384,346.205555528986,0.8224949412322776,67.35606709362169,0.49250286159244033,0.6016312971043372,27141.000000000036,22.846182511297933,0.1899308469000304,0.6254866238058859,248.660000000516,508.2260281822236,993.7342478362996,880.8258278417592,136.9995726416654,1890.0436204295377,2764.7917756563556,2373940.9103948725,2763928.972843418,1226610.946488081,0.014406088727679522,0.0019227863070293131,9173666.498125752,71.03220727424258,0.0963277209134685,0.17826962171003946,0.20391251646987282,0.4664519973618417,False,0.0,True
11.95948198159575,1572.3762507493034,0.382821870238528,10.495726024118289,2.715747924456174,1.6107961071063888,0.632801316715384,347.24413844797476,0.8224949412322776,70.44935395875926,0.4910731491300588,0.5637636437926088,27141.00000000021,22.738713643279873,0.19130621329062023,0.642400848391323,248.660000000516,503.1030302291622,996.3390141746415,879.0036111870783,129.03082042241573,1851.1557677292178,2742.246123124891,2331263.07710635,2719734.52595206,1193564.313005194,0.013384820149651689,0.0019162889065236232,9177840.088670896,69.54279432040282,0.09641579355949172,0.17723245943060376,0.20607292806413283,0.46237925479990144,False,0.0,True
15.916258902719955,1348.9464444065748,0.4948758538318526,6.24296847756434,2.7431987052870648,1.188390392150203,0.7501724132979928,356.5580261948554,0.7561824728499275,54.261787894409856,0.488666878802422,0.5423608859646659,27141.00000000008,17.957146308407857,0.16969106556387234,0.971728126837167,248.660000000516,512.490725132259,1036.9472407914523,825.2363372064625,90.99819309364237,1826.7358453811053,2658.60882939947,2540744.836578425,2837185.6712230127,1054039.415180304,0.013540613444130696,0.0011796033618363445,9040740.301037157,98.1580541847016,0.0375675964368708,0.18673572997448298,0.19770518813019022,0.4857332328075435,False,0.0,True
20.380232549281118,1462.5303463011328,0.3019881744932261,9.677954899702653,3.31666079777051,0.9376194479569955,0.9841615628390752,370.57834148312276,0.7639022306154395,58.47300147442333,0.4924524652057346,0.5699531824286364,27140.99999999992,21.022814875923427,0.14866293821847634,0.8564281949861046,248.660000000516,561.7893694127988,1141.2001694141582,926.270785918514,137.60155757068569,1949.9066926835872,2663.9875524916542,3030740.1997910906,3371633.5560728395,1167182.0218730634,0.01354998782071088,0.0019191115035846913,9138708.584212389,147.56235219883584,0.0668875401236932,0.20641451043902712,0.1755903620431146,0.5403452293626877,False,0.0,True
16.66534684201065,1401.5174007036405,0.4765714056273013,6.897138557162465,2.7170009734648923,1.036378985743614,0.4060760540607246,365.9952788221649,0.6198254811122966,62.18250117432078,0.48391373169949936,0.5144607104516291,27140.99999999995,18.384819103930994,0.1745350703754734,0.8180823980988092,248.660000000516,564.5216423887647,1067.897208349814,880.8446000160656,83.99592493409828,1790.9288698998184,2647.627212367716,2661800.9526967416,2995944.3004678646,1163781.7147013377,0.012407609755108299,0.0015553683872593397,9113096.80065611,90.93200015549037,0.052541874819219764,0.19615736974531653,0.1923439751878145,0.5049078267131333,False,0.0,True
12.294919459067504,1569.6935552242426,0.2614184781895343,5.583767002318048,2.9356473701333505,1.2011411495578395,0.9356260229777553,360.88051712075816,0.7908253251566789,67.282553057463,0.47052901878606573,0.44775530929299684,27140.99999998291,21.803746180924783,0.19667653429277276,0.5916232435021114,248.660000000516,505.5786521283824,1106.3985895583062,952.2340825764786,53.26551280895735,1775.7031771867917,2577.4561293445577,2499098.6045486773,2819254.8274507755,1101693.997242399,0.009773144233527762,0.0023793826159858125,9227709.70114326,64.34801580697433,0.08909177554073909,0.2058010403991476,0.19460258009940332,0.5139839648375317,False,0.0,True
15.126192758604487,1583.705392559177,0.3720679606847676,7.248718681045208,3.168219180495512,1.0233936298829085,0.5323465618152199,357.0853521150005,3.8775225362692236,58.082853761617145,0.4712844688581376,0.4977311392045071,27140.999999990025,21.356069385351,0.16869569296852543,0.8174786078232238,248.660000000516,546.4386579976399,1167.9217526877976,954.9233970311537,72.35209452513762,1932.2234571706147,2594.2533027537256,2492175.7279687347,2803893.053362365,1076954.9796982137,0.0109217032703001,0.002587217578844461,9224929.7652528,101.94125160623996,0.09388076089721119,0.198399517871047,0.20100848189895898,0.4967339612258464,False,0.0,True
12.788639664568173,1569.6935552242426,0.22495606673997026,10.495237579089334,3.2244104082838434,1.155647117789236,0.8952934849183118,371.5415123700663,0.5129164716402154,57.028694817243434,0.47481335113198336,0.5050994959854705,27140.999999999964,22.00619709286336,0.1758536184802782,0.904141733365054,248.660000000516,520.4867574699268,1096.7795317492607,891.8001316914331,97.7908444273668,1902.5551692387003,2653.34147074261,2665799.9251764654,3019653.490913769,1073240.70686947,0.011835974767943246,0.0018729306525983901,9241126.937188633,90.15086237521389,0.09019479673043522,0.1872821372725359,0.20966964743636213,0.47180071859326195,False,0.0,True
11.240546598524912,1356.4348730141064,0.4948758538318526,6.283008777692849,3.6275960666250935,1.0558780341563303,0.7501724132979928,369.20645728975745,0.753893455062147,50.59397554600923,0.44912633937961044,0.4037282808560072,27140.99999999883,16.140324523897096,0.15621060223072025,2.3046130248243357,248.660000000516,470.64860329848494,1180.9563395578032,736.6401678762955,61.27740907781207,1994.404306439465,2620.239877413555,2189390.4341399367,2418717.0053109694,790410.3426503963,0.010145270712483794,0.0008123185582286246,9121297.945121948,126.94745504935467,0.0360606797464095,0.1629556496405073,0.2554115155936261,0.3895039170899356,False,0.0,True
14.820495999605633,1383.9847414653473,0.3133547905428578,10.899478448108304,3.365971195186582,1.3066591517562578,0.7881387644613984,360.3787399621267,1.3508768541878438,37.90177093825011,0.5079290962174015,0.7675608496047259,27141.000000000007,20.22172791468029,0.16478749910725574,1.0732750658268804,248.660000000516,530.580759885223,1087.104853329632,864.8536694633411,148.54057305986052,2127.6940056937415,2774.2060473518422,2979247.1144292555,3335423.5693154763,1203972.6781907259,0.019498759201811024,0.0013336098173108515,9100864.486057555,107.89684268544178,0.04879407818417805,0.19465379648897388,0.175822357091358,0.5254151842374014,False,0.0,True
20.806087721747847,1324.1655072244648,0.49397384421947205,5.925061264280998,2.814501003743601,1.0226110465160223,0.1492249907349747,356.53234666347225,0.6048115994093528,78.73048957000374,0.5040187645026617,0.7624748916538253,27141.00000000094,17.758280412879472,0.179528171257878,0.5636696977807636,248.660000000516,636.7084403081344,1142.8111315530375,994.0377815871708,97.41987641062093,1873.8499638705339,2704.4917327959347,3191844.1625802363,3568752.565451201,1626096.562514102,0.01876301825713396,0.0019313127772432304,9036486.598035468,82.85155515314885,0.036779891876923744,0.2441481929794165,0.12877006096912497,0.6546962783245955,False,0.0,True
22.011160619476392,1565.7240633778613,0.226089294099872,6.355120872995112,2.722795353156368,1.2148097345919033,0.9832916773126884,363.801553398989,0.5227445167192115,73.71236757272175,0.5089056482827752,0.7826291163585952,27141.000000000007,25.045350607274475,0.18268770660430872,0.055615415269104664,248.660000000516,596.500581926937,1124.7301588937432,1147.219504659427,96.57985164126704,1789.4667336734126,2657.856994538844,3018582.6009130455,3419156.8163871006,1597157.7488686075,0.01629558992980909,0.004945746917279548,9147734.585687743,79.59475692274334,0.10229891552924161,0.2519818263184226,0.11786329056314207,0.6813171644472857,False,0.0,True
14.710585153604713,1383.9847414653473,0.14958004765610752,10.9990222983129,3.5497539699387812,1.3066591517562578,0.7998219094784991,363.5187499341367,1.1432930931621392,41.20366082009777,0.5151367461013442,0.9013327845495306,27141.00000000005,21.418274019026565,0.17941750714532947,0.7601378619686486,248.660000000516,561.0662921764945,1151.2243549111931,964.2904108928144,132.6724282597635,2160.5962735712837,2771.4463673405257,3362524.3915321305,3777228.9596067024,1454464.4418733083,0.022725269773025556,0.001737803332433298,9110321.910802368,83.68317420702449,0.05146918577984991,0.22889670736345308,0.1367946378065792,0.625928697484008,False,0.0,True
22.011160619476392,1565.7240633778613,0.2216541336969503,6.323102494251065,2.9765470100388267,1.2148097345919033,0.9832916773126884,363.801553398989,0.5227445167192115,73.71243656548951,0.5112032215935943,0.8257468435122953,27141.000000000022,25.05014913470454,0.17543204987289632,0.14808501325536383,248.660000000516,597.912787861533,1170.7372294112736,1157.6589874046208,98.55009950932809,1861.6366313668377,2664.7274573531754,3065959.1486271387,3443934.368253191,1580286.8678505933,0.017315097216562107,0.005096497863205122,9156994.331231074,89.97565320311006,0.10252484840739329,0.2532320288011448,0.11501748307143043,0.6876642619658658,False,0.0,True
14.921983742669289,1383.9847414653473,0.14958004765610752,11.9137303518406,3.5497539699387812,1.2669660821159525,0.7998219094784991,363.5206954386448,1.1432930931621392,41.99646335214979,0.5133465008633427,0.8684808691245589,27141.000000000036,21.330959833345975,0.1764486062343374,0.7994054117307701,248.660000000516,563.357948794332,1139.019781100333,948.5509502229735,142.73972312757624,2160.0814688241894,2774.3653168402275,3377635.838294687,3801416.5691719134,1447814.2773269513,0.021917906333416694,0.0016535329354929922,9110021.650434108,87.97587385983678,0.05117310423510944,0.22477706237528658,0.14217045632144185,0.6125591560711938,False,0.0,True
13.465127005499351,1430.535769641719,0.16984225851478768,7.995375491401653,3.458240682202039,1.580455033401129,0.6090512623401807,322.3742615510851,4.34976240872877,79.83937102708883,0.5177470636085605,0.9977583176746245,27141.000000000022,22.684203759656793,0.1989723287319076,0.49255851395394373,248.660000000516,550.0178861844156,1194.4765709292612,1061.273190002727,95.91996738073173,2083.9469171993624,2743.811485587066,3089139.996355471,3494321.830702683,1604246.229835351,0.024470913358224454,0.0026092451417825528,9099909.436490977,61.28552326231207,0.06665197087877804,0.24891737408356618,0.11477647087393793,0.6844145908288631,False,0.0,True
20.405400754885072,1374.0337398576432,0.10601564785035819,7.830058498692321,3.49301040296481,0.9586750320327146,0.18162572783830597,368.6896391607319,3.318697659366851,21.169593832057153,0.5194049334102537,1.2511634236334754,27141.000000003674,21.87663636589495,0.1720116053392259,0.43401148761513825,248.660000000516,644.6429283774388,1222.7084557022781,1093.5433045957834,137.22949252271107,2339.7860695007,2914.8285382839017,3952162.8101558015,4361528.376919103,1719217.2303950796,0.0316431907520032,0.002314635728837556,9068542.933473509,94.52858201609793,0.05157961668960862,0.2709225969682785,0.09136708097000863,0.7478065577524619,False,0.0,True
20.380232549281118,1462.5303463011328,0.3019881744932261,9.677954899702653,3.31666079777051,0.9376194479569955,0.9798026839761933,370.57834148312276,0.5253099314330631,58.47300147442333,0.4932119632004043,0.6090054195395613,27140.999999999993,21.010364386889268,0.14666094078858272,0.9091446927758982,248.660000000516,562.1928039811825,1128.2283552567576,909.7225155895153,137.6394306176804,1972.2860574857948,2697.5357433403524,3034481.7144981306,3367187.9697215687,1149034.6418107785,0.014718050480352724,0.0018109656113705068,9143377.108262282,153.76663463152622,0.06692161214887418,0.2008284011646463,0.18061527870690267,0.5264955529798664,False,0.0,True
16.34473426396753,1331.2340373412771,0.469240945928367,6.904235104965792,3.1716332520921324,1.0919920391514841,0.42659871216679357,342.5262514702178,3.6500594751090834,62.721956210796066,0.49473064416467166,0.6994669568824413,27141.00000000021,17.61437568927463,0.16750085111375934,1.0986684730332166,248.660000000516,559.5941871502698,1141.0957550456706,884.0492753503709,88.15755291954903,1991.9829829904122,2675.7685716291207,2831779.3977214256,3147766.2351797847,1202190.4558587065,0.017614268513784778,0.0013699641629617066,9069562.431075146,102.3844866638531,0.03489740142862656,0.20657644498947955,0.1733792563339419,0.5436856040584582,False,0.0,True
11.928363212170947,1279.7086330919892,0.0946228942920716,10.363030655530661,3.639899431439039,1.1545094586681135,0.9089315943565432,361.2129616639162,0.7391699578294707,63.52903522419755,0.4977022531006324,0.7097254141549281,27141.00000000005,18.48818233770431,0.19413499101674966,1.0398772378267442,248.660000000516,537.0631263302611,1150.0972920268623,891.679936299561,103.00499712129448,2049.4620674034823,2704.6550558722433,3502950.3313030535,3910207.3390631247,1371551.2222263217,0.01822983491964068,0.0010328225459382606,9108547.57792741,66.04448351198627,0.020970394696057607,0.2329722362835538,0.14572290000072655,0.615197328831457,False,0.0,True
12.342122264104216,1584.6915157336211,0.3720679606847676,10.986565238319171,2.7166215045625024,1.6076053284097396,0.6255864018539358,331.5765913456458,4.673624772367098,62.10832063638444,0.4937578373197692,0.6932875154073788,27141.000000000065,23.100888932472294,0.18929672535998446,0.6144272641255059,248.660000000516,509.2461179975811,999.3304392068852,888.5908490575133,122.65879245107618,1920.6149310938708,2757.024111813655,2361179.1297835205,2758742.2581852726,1181952.8152969405,0.0167877834919988,0.00202873296367291,9187923.739969011,71.85995737679072,0.10035437291593795,0.17765103412074326,0.20363202196588567,0.46592952738078214,False,0.0,True
12.302218302507447,1572.3762507493034,0.3720679606847676,10.495726024118289,2.715747924456174,1.5917921193119837,0.632801316715384,346.205555528986,0.8224949412322776,73.12166211363005,0.49234227899731936,0.5723744197303701,27141.000000010572,22.88148763760289,0.19065378533240201,0.6108441610038425,248.660000000516,508.2260281822236,998.8496167980799,886.9856538732871,132.78552257247867,1854.0263097538116,2750.083999816779,2365636.0861988612,2758275.1704992196,1222087.6172171463,0.013557899417241918,0.0019769147086661078,9175258.691105245,70.23941689445941,0.09695080030485428,0.17962414036321628,0.2026881103426684,0.46983621380577284,False,0.0,True
11.926782206673321,1589.1649867604165,0.2223411850259963,7.080450293356975,3.3988282514569863,1.2852890235733794,0.35394182005458247,355.17359088765556,2.8686573851293424,67.46172355871171,0.48137444843117666,0.5353271717147616,27140.99999999989,22.8354298874053,0.19935604300798684,0.5520670703251739,248.660000000516,535.7181149309471,1229.461633899725,1072.2561465820213,55.84333565410985,1930.1000833265616,2555.0315195536655,2642009.499127974,3007935.1916799215,1294215.816789525,0.010771720281317346,0.003757594486192941,9219486.058974134,61.732998837254605,0.09955543062680416,0.2337684492517542,0.15755607884975736,0.5973774513595362,False,0.0,True
12.356553743500827,1485.5150362326644,0.15171174855963604,10.36228575825845,3.5807958078448436,1.1536710687864855,0.7946367450521539,361.0138887292488,1.1344577104564553,64.10630907820081,0.4831413678994348,0.550372101978583,27140.999999999993,21.199604111182875,0.17940182826613388,0.9948665911597395,248.660000000516,533.5972926743982,1157.0835781960736,916.3643863528164,94.41876796600572,1992.644234415994,2646.5753920329075,2973654.2553564915,3336786.144676967,1195052.7647262723,0.013183775599689652,0.0017538736201110625,9212190.96563463,84.64108372623309,0.07216378138673572,0.20573615538277693,0.18445261636417856,0.5272733873444225,False,0.0,True
12.867295222076422,1466.8150259709398,0.25759630467366124,10.36228575825845,2.7406501024817223,1.1956006337149112,0.9089315943565432,356.4689443216644,0.5130536565936767,63.52903522419755,0.4814170836892591,0.544125092168671,27141.000000000065,20.657656487931746,0.1843222223032376,0.8149185082946265,248.660000000516,513.9477321336425,969.965344555456,814.4711640867262,126.86347781968215,1861.7337261276964,2733.2859155310052,2737860.321141195,3112616.8052354376,1110389.268466272,0.013558765803467616,0.00120933332308232,9173787.757996645,77.71672148961655,0.06628173145355956,0.17740879762187947,0.21376413277249684,0.4535303540636563,False,0.0,True
12.294919459067504,1437.1152300697222,0.22495606673997026,9.672294054207455,3.2244104082838434,1.1607296782673306,0.8689735955741731,370.638658096769,0.5129164716402154,56.986675047984484,0.4806052436763675,0.5326076979816329,27141.00000000072,20.063419661752285,0.18494671637464238,0.9399049301921332,248.660000000516,516.2268038116604,1100.4479543742827,876.8717300707677,84.69998121907773,1904.52376769656,2651.2880564156817,2847198.141001602,3211442.076916752,1121556.9751323801,0.013026881164341917,0.001428624366577964,9177921.272362515,76.96678213674319,0.05898135718540258,0.20078494094247926,0.19115560597392375,0.5122841781034323,False,0.0,True
12.356553743500827,1472.8416502064686,0.2343756817553504,10.36228575825845,3.639899431439039,1.1545094586681135,0.9089315943565432,361.0138887292488,0.7935249009034018,63.52903522419755,0.4797569681145387,0.5286630067488384,27141.00000000347,20.42382315402899,0.1657214190398529,1.354871288492138,248.660000000516,513.137047787669,1132.414604221725,843.8977487360457,108.03442376416942,2019.087236485543,2679.2936631256166,2788490.7357487227,3105222.1993043865,1046653.9386556437,0.013001082815890052,0.0013473598502820056,9209188.31525108,107.34561301423618,0.06700352566670996,0.18357578133374375,0.20919077974759295,0.46739157434465933,False,0.0,True
12.294919459067504,1569.6935552242426,0.22108135415176133,5.591694791877998,3.141372503914323,1.250566892543909,0.9356260229777553,361.55413146679206,0.7905915067156016,67.282553057463,0.4764045923180044,0.528466455366569,27141.000000000022,22.319336960367096,0.19889536444188916,0.5596623153841294,248.660000000516,513.9056791005257,1156.3147837619467,1002.985621753774,53.27528893837391,1837.6132921829358,2585.609311170381,2600832.184799513,2930249.6493169116,1199261.6515755607,0.011499578187814325,0.002843529877289738,9226610.97252708,62.210988546268084,0.09114422020808413,0.2197671678871402,0.1758187653270659,0.5555484900625582,False,0.0,True
12.17255065688916,1462.495287078137,0.2976631451540067,10.80174163682111,3.5436523156059025,1.0748020073115359,0.8046271059732726,361.0138887292488,0.7590235607231937,63.17089614418957,0.46870918227806907,0.4602169157676521,27141.00000000935,19.403663063017166,0.15870572541318284,1.6574779661208814,248.660000000516,505.31002948120994,1095.1989606777586,782.5014345099117,113.61638404602458,1992.951660216886,2680.642887781704,2619527.1021266123,2916960.677033117,942057.6751169991,0.011428996794829612,0.0010617505160245362,9204258.640710482,122.15462289436363,0.06272718165773777,0.16628896848326363,0.2354605834080575,0.4139120198153877,False,0.0,True
12.302218302507447,1403.05388690633,0.278245869395131,10.505601694786755,2.608756923604732,1.0584328794418152,0.6290811896596983,346.205555528986,0.6391598682537409,79.56579533428979,0.4699203726391902,0.5235891053208891,27141.000000000022,18.86241174363059,0.189481812333191,0.9193562578411342,248.660000000516,520.4539734427377,932.9793513387906,768.6622106349901,134.6741228812247,1848.1656117118728,2773.8254157243427,2787971.51072141,3175540.085745434,1149843.1484242887,0.013297113366044014,0.0009136185414702495,9140748.878911568,71.28170266452258,0.04995252352914325,0.17411500170092964,0.22632021085394177,0.4348144125239005,False,0.0,True
10.502330499956374,1540.4908948661728,0.14710091250397347,9.17310154935086,3.912500492594229,1.673864128360784,0.4370129742715968,351.8214932294423,0.8037020438039403,72.8323158538596,0.503291323215863,0.7716979687059858,27140.99999999455,23.465333120615025,0.19197888157537374,0.8614664724056356,248.660000000516,518.9143581805184,1226.16095579943,1012.3783404894808,98.38295363823384,2109.0339174129917,2717.4809545317066,2848011.263864306,3208652.0160906315,1380444.595236213,0.018176941000834872,0.0027677135678100865,9194151.772455145,68.93664982146075,0.09239254706327629,0.21859398307563738,0.15587812468197365,0.5837390250093855,False,0.0,True
18.12436150077144,1158.908164359143,0.42186294934886587,7.620990446641294,2.595974311448499,0.9441176638595422,0.33821866328934413,340.91792225864293,0.8084629236956684,78.49923443083557,0.498630610365023,0.7649227958259449,27140.999999999964,15.012177498495166,0.1905437384828382,0.7446618659879863,248.660000000516,590.8077404065693,1009.8697541390563,848.6117745099439,136.7114919566312,1917.5285215491467,2797.519333646171,3638424.4389349045,4066248.275819833,1608371.177173547,0.01996939249705177,0.0007913771044601733,8924782.92153802,68.44039271350955,0.0,0.2364443150529326,0.14025771369672047,0.6276693434270504,False,0.0,True
14.781195568535239,1383.9847414653473,0.14900726811092516,10.904554473136548,3.365971195186582,1.3066591517562578,0.7881387644613984,360.99434872771513,1.1592298262839054,37.90177093825011,0.5147430908978178,0.9132453521126449,27141.00000000005,21.459754709698245,0.18188021024371345,0.7034321935890052,248.660000000516,562.3426601237802,1109.8209843080613,946.0121409370169,145.62970092654595,2163.8871729841,2806.001639824894,3358796.2814835683,3779740.9692468694,1468067.5194900748,0.02314206417481149,0.0016443279268778543,9106542.191137575,80.2963932885194,0.051588645857037506,0.22385700326005822,0.14209039423425235,0.6117190743610591,False,0.0,True
14.781195568535239,1383.9847414653473,0.14958004765610752,10.953575271281448,2.983270541021879,1.3066591517562578,0.7881387644613984,363.5187499341367,1.1679942913493386,38.572669117884125,0.5107695161049305,0.8625491047344921,27140.999999987856,21.509974103484065,0.19546688717363264,0.4703733089114032,248.660000000516,562.2242759004725,1064.6202156265729,954.3269967732967,128.3131811878966,2022.362943825041,2756.832517459833,3294989.012006675,3766922.9499464147,1517243.2373066973,0.02172636540009889,0.0016840798514894848,9089122.767084498,64.56560961300686,0.051597058610960166,0.22934019841739792,0.13934727023250995,0.6220450053732935,False,0.0,True
12.308415443196894,1437.0038929118864,0.3221703441114132,10.623113560411714,3.467886139201865,1.6078449472580965,0.615119748647429,325.1171466224855,3.7652665025637027,67.63348356613645,0.5083808443478744,0.830066895035287,27141.00000000008,21.345733351225725,0.17807901411092994,1.0018933682884417,248.660000000516,515.8154656170967,1103.5420110736216,898.2566728169695,147.7259476446732,2177.7811707910937,2841.4987465768595,2810622.2047146377,3173120.452243031,1328824.6763316244,0.02088647568406785,0.0016423699140849417,9114475.483700207,85.62337258976929,0.06448133396679628,0.19725109698127521,0.17296958432260198,0.5327932958433823,False,0.0,True
18.40139333956064,1439.9470406358564,0.2923934385500579,6.441453266750023,3.347127026350094,1.1695673169965093,0.14251833776584466,350.16660793658673,2.998507056892462,39.74094766393101,0.5155300396005568,1.1404728400532633,27140.999999999978,21.784573249180156,0.17493265201466285,0.5261498802707928,248.660000000516,619.8348114474492,1205.7958287773463,1066.0741842325178,114.5930026164869,2210.0988877308077,2823.2187993154726,3295624.5499316226,3653272.6567046503,1617731.8742569275,0.02808919025250105,0.002864383099384548,9115157.778321348,90.3338305944005,0.07078319311220178,0.24492000467536015,0.12007318060011535,0.671026239820091,False,0.0,True
16.45298513969115,1578.133137636136,0.3690291027750395,6.273506512290166,3.1665809688036908,1.2128526434760523,0.5323465618152199,361.6206293518949,0.5702703746236153,56.426897891196255,0.4946464076873977,0.7377930868662819,27141.00000001156,22.657881878553074,0.1675877753851832,0.683547941308417,248.660000000516,559.6149828283592,1153.4275428113144,988.189307373608,90.30071900818149,1964.8018706026671,2691.92514551027,2629583.635711119,2932173.714621951,1223447.3752297554,0.01703643676775313,0.002988005402893156,9204881.396650808,103.75046835123842,0.09892396157420655,0.20229232246543657,0.1782843051580114,0.5315416338850678,False,0.0,True
21.095006135814785,1431.0054570393297,0.4948758538318526,5.001256216010936,2.595974311448499,1.0351768205170413,0.15210596253327846,357.4826712615498,0.8513621318855435,78.50376206012145,0.49431531938917933,0.714227148578955,27141.00000000005,19.50079450419457,0.18909281016586663,0.27973088106826977,248.660000000516,638.8704328962036,1139.2920362618597,1069.9437580132228,73.69484762968395,1763.9499573880094,2641.4480221330155,2949523.898275819,3330041.0104650063,1674470.3855824303,0.016260228036706046,0.0031246110028754067,9092494.529142251,71.34390506608804,0.06747760745003577,0.25176838752167024,0.12850478625511452,0.6620724386660388,False,0.0,True
12.342122264104216,1584.6915157336211,0.3720679606847676,10.495726024118289,2.7166215045625024,1.6025227180142656,0.6175014539850906,331.5765913456458,4.673624772367098,62.10832063638444,0.493732945459661,0.6999013395544037,27140.999999999876,23.07998869771793,0.19031256911551295,0.6027441603229557,248.660000000516,509.8966009955571,1004.9774587282155,894.6013239768317,117.06394806151381,1917.156922716673,2749.4512109311586,2359359.8730202555,2751630.237185768,1180947.3584707803,0.016919246228836466,0.002076776028009516,9189889.73192807,70.73050538155643,0.10037171650303241,0.17910132653030367,0.20221136972050568,0.4696967299837804,False,0.0,True
11.713086144445224,1567.9871477367853,0.36763280000696913,10.296525483883281,2.9694995813386336,1.5917921193119837,0.5152916348016892,346.205555528986,0.7892195817558483,63.01311027367599,0.4921083678146407,0.6558921377206258,27141.000000000095,22.64212417327494,0.186017019188396,0.7920843521768889,248.660000000516,511.1288513198637,1030.0769148901684,883.5865361999676,136.53364071582084,1994.805796939683,2786.9470215854803,2433666.7253460465,2800949.589703525,1234146.5901667993,0.01587905325941624,0.0019225152504593252,9186516.72291565,75.71670468906628,0.09634468109453524,0.1783316701126679,0.20423702325951232,0.4661428736908661,False,0.0,True
20.380232549281118,1462.5303463011328,0.3430685976732109,10.121384263480758,3.1149143360977036,0.9718670309048598,0.37792417932809985,370.467005073763,3.027512354774977,61.64692963507674,0.486202502344839,0.5800847617913027,27141.000000000866,21.257056413902095,0.18440571952551119,0.24498383003568636,248.660000000516,613.4467939031853,1231.6364020613403,1161.9215341335164,149.66415791597328,1899.8031205348443,2610.2041186738707,3131507.55439395,3651843.2290628655,1737034.895593225,0.011874660164031329,0.003869420355746923,9057005.73451153,76.62321292583505,0.07243492692936808,0.2860255440570725,0.1004992282332164,0.7399927884628849,False,0.0,True
12.342635903098348,1554.2101369319564,0.3720679606847676,10.495726024118289,2.830191645851677,1.525076726891878,0.632801316715384,329.02082307554343,4.266506951839887,73.10236989777518,0.4918599085480117,0.6055070842815311,27141.00000000005,22.36014871406409,0.18639940013411793,0.7096899195203489,248.660000000516,508.67121828196133,1024.39625123369,886.0339304421643,109.54697608811277,1875.301489645041,2716.9057735004053,2414845.942161524,2795239.315251648,1147123.8372220057,0.014520362828772618,0.0019137049457124467,9181801.579557782,75.21305845124833,0.09148654418538997,0.1803071881091168,0.20242843430786886,0.47110114018254196,False,0.0,True
12.294919459067504,1429.4244740637641,0.23088813855197415,8.281363894769845,3.630677201333903,1.163278038114943,0.9666034598008472,365.8943589337829,0.9771905929245275,55.0953785030342,0.4818599062106816,0.5771730725422813,27141.00000000043,19.86270833116186,0.1759199020015925,1.1654211697746197,248.660000000516,510.36260098549866,1180.7030291353112,889.5739591465684,77.0663316573806,2017.5287431025856,2641.0665028342864,2846315.35611434,3164163.8600057447,1093018.5749087408,0.014186565019051632,0.001478489342818674,9184412.449716285,89.49635180370876,0.05666888567529078,0.20448653859665689,0.18649059836229634,0.5230140570038625,False,0.0,True
16.078631641087867,1430.5209356130426,0.29171939549501597,9.935813299314113,2.5393513694889194,0.9797235527417508,0.8821670673563072,361.6056360073021,0.515664981412999,52.1753074878129,0.47998135631385014,0.5673321920268432,27140.999999989966,19.86600488354924,0.17380443766005377,0.7391315388772739,248.660000000516,539.2268125903512,943.7108848632527,802.1953828047233,137.67905950188245,1843.0021566102164,2740.268505801332,2894949.44003525,3271636.317219066,1114743.3521244884,0.014280200659706416,0.0011177623640884428,9140337.541014917,92.3588524631712,0.057176609432954606,0.1780496862707702,0.21394908180429267,0.45420981077337447,False,0.0,True
12.286937699916018,1529.2577618893617,0.23413810865519796,10.33706637736244,3.630677201333903,1.2008089756611662,0.9948466029226485,365.8943589337829,0.6490401003873427,57.386833897251385,0.47851860732038887,0.5443508070274959,27141.000000000065,21.34404412987344,0.16541014117891456,1.2821097515539979,248.660000000516,508.1882801854831,1138.577360702376,860.5114837826428,101.69221511736559,2024.474806292063,2677.5401935731347,2691569.729008097,3004673.0779719176,1020813.7344560698,0.013206825085802534,0.0015674001677307707,9236006.670863435,108.26715329621915,0.08021984708238913,0.1811671620072803,0.21276214780926359,0.4598976453203021,False,0.0,True
12.294919459067504,1569.6935552242426,0.22495606673997026,10.36228575825845,3.2244104082838434,1.1607296782673306,0.9033795205622538,365.8943589337829,0.5129164716402154,57.028694817243434,0.4727666112293748,0.5292771119731096,27141.000000000022,21.788576262565304,0.17273068809336029,1.0525825482829338,248.660000000516,514.6112607536514,1067.1349408325773,849.9657242363955,103.44860952964083,1939.2086060219697,2688.9878629624527,2643261.7524421755,2976046.6555706183,1023345.6524753356,0.012782137625029336,0.0015829724710328438,9253377.190695325,95.25562548362785,0.08950466221545846,0.17539719326801945,0.223355967507393,0.4398640826493848,False,0.0,True
12.294919459067504,1529.2577618893617,0.23413810865519796,10.36228575825845,3.630677201333903,1.1607296782673306,0.9495380518377524,365.8943589337829,0.6490401003873427,57.386833897251385,0.47577795386364363,0.5409400625828914,27140.99999999986,21.160685646292606,0.1642003730648755,1.327581767767859,248.660000000516,510.50325073733956,1135.8101511616753,851.7133504711173,102.24772366088017,2027.581207878681,2680.32757524974,2688592.442341872,2998745.496744396,1009399.2031899458,0.013170966353834468,0.0015106878847277107,9239378.79057217,110.71825460630481,0.079819010096882,0.17909755146377798,0.2170843001620024,0.4520589490125038,False,0.0,True
12.294919459067504,1522.3263340719795,0.23413810865519796,8.288874102340634,3.630677201333903,1.1607296782673306,0.9495380518377524,365.8943589337829,0.9771905929245275,56.863096320716274,0.4757062511191857,0.5361467589736649,27140.99999999055,21.07852873025073,0.1713770135303039,1.1532990527826583,248.660000000516,510.50325073733956,1182.5330913966197,899.5700358172384,75.97584998166438,2006.465500731716,2632.844537286853,2687723.6080455356,2991686.360533625,1042090.874396462,0.012756299202304054,0.0017952599829951196,9232904.199959874,97.3149345892842,0.07824344193900391,0.19431364990800656,0.2018906673145091,0.49043799237269897,False,0.0,True
12.863301850040399,1328.7334999256116,0.46790251031385355,9.611683471539953,2.6779127499906896,1.0351768205170413,0.38843815387519065,352.2704424034795,0.5217925149625495,78.49058659660164,0.46853806557031985,0.4618333765459236,27140.999999999978,16.484938341962007,0.17633198135033684,1.3935578243049738,248.660000000516,527.7502850837924,963.6367928549628,738.5863235270187,121.30135866869348,1822.4749588572508,2732.409130401336,2566348.7873884467,2906706.5711007696,1032047.9680951713,0.011743998922756124,0.0007906207500767788,9104027.120615546,88.0925450646391,0.03215003829054747,0.16280905079339503,0.23840110269951825,0.40579494156862306,False,0.0,True
18.40139333956064,1439.9470406358564,0.32706000683831615,6.441453266750023,3.4783869410723613,1.1673760030322216,0.21103397351802144,350.16660793658673,2.3058594873648444,39.74094766393101,0.5144414801705754,1.08964989057436,27141.000000005784,21.413428197912513,0.16768441761600852,0.6778457855838073,248.660000000516,612.5751672042527,1215.9066957825482,1038.7537089977825,121.02354701802038,2246.3447448044767,2834.897499166422,3217597.612731739,3551773.0088432366,1546387.2916787276,0.026883016635536765,0.002691171044548243,9122842.372725153,102.64810291273692,0.06979778545543991,0.2353464829694591,0.13041962171972754,0.6434343695390996,False,0.0,True
22.011160619476392,1573.8960495476038,0.22108135415176133,6.107500868600109,3.201603472952064,1.250566892543909,0.9631312191304514,361.5560501898421,0.5016595242000679,73.04814807712778,0.5143268644319618,0.9139736458986728,27140.99999999995,25.311338113384096,0.1701619163959947,0.2184885986760498,248.660000000516,599.5107757725862,1211.1778059493683,1172.6330534383596,102.59301085122476,1942.412313352365,2685.0211518422584,3076385.9509312194,3433793.3631449537,1593514.768515829,0.019352921911546764,0.005453236811789068,9164553.85087663,98.67862749026811,0.10591240403057448,0.25409334306798537,0.11195698604564902,0.6941486535014321,False,0.0,True
13.465127005499351,1430.535769641719,0.21109669868524283,8.415750919505369,3.458240682202039,1.3151617271257237,0.5546440599774172,322.35994276316285,3.7561932766253174,79.83937102708883,0.5051770610527075,0.858635059739602,27141.00000000008,21.368905691809,0.1819268571198503,0.8121690881332296,248.660000000516,546.6726258734624,1146.5055716512825,949.9902216515012,109.87641869191687,2101.392289741251,2774.9042766094917,3070202.112714124,3426983.181348309,1376096.9897601241,0.021451024122204575,0.0018531900341880333,9137196.376162944,80.50472763112982,0.06240795373596884,0.2170710511032125,0.1557045842106563,0.5823101902044738,False,0.0,True
14.836989755520657,1423.3244077775844,0.417012642692137,7.041639687837599,2.6321805238864115,1.2524177139013632,0.9652218508698654,389.42823988782936,0.531822667051358,20.87055467981577,0.48417086653925545,0.5981199984110674,27141.000000009073,19.786355545872322,0.1917843370680362,0.489092626245248,248.660000000516,493.9696034488152,1067.5410232944675,930.8850919404268,67.24778560866388,1780.3662768394165,2644.6736328748675,2413945.446656942,2779922.435413054,1086057.0486742929,0.014379877395910968,0.0018536974809692385,9075966.571824692,68.25781116390213,0.05485755182698316,0.2163743404026843,0.17180993303496023,0.557401098417866,False,0.0,True
10.49669333311281,1424.2817936737424,0.3720679606847676,10.23741401028155,2.93492080906283,1.582791881800405,0.5841103254817529,349.2986283300132,0.5139792047146141,67.57031192103388,0.49112660776623457,0.6150349676499746,27141.000000009728,20.07322378122353,0.19727934685166473,0.9276796231941846,248.660000000516,490.64353585772614,1011.8187008893767,834.7582658691858,121.80049763301389,1942.7102609855672,2757.4344615198547,2543844.9773197277,2924255.019531432,1204064.8087295527,0.01542936611969215,0.0012632979373017946,9117399.146898545,62.99774159779048,0.058232858701710334,0.1838318264072308,0.19929271473004795,0.47982263381389956,False,0.0,True
12.257517248172135,1383.9847414653473,0.14958004765610752,11.9389497327362,3.5497539699387812,1.2669660821159525,0.7998219094784991,363.5206954386448,1.1432930931621392,41.99646335214979,0.4988020627508591,0.780841724838507,27141.000000000924,20.32499167303112,0.18296701172144647,1.022555806856163,248.660000000516,532.6185361316826,1115.4747437329277,887.3814756121977,120.9813521304487,2127.652955649821,2746.281741403794,3189186.054593414,3588869.74330067,1290962.9772065617,0.01986957480986606,0.0013232504439765775,9143168.736087754,79.19125513626433,0.04857522675952556,0.209410773001915,0.1683636776280573,0.5543275164657219,False,0.0,True
18.838085614968467,1368.462801395549,0.4948758538318526,6.24296847756434,2.2993867513634423,1.188390392150203,0.7404508936866183,340.1177517494305,0.7604344885429415,50.510974436614376,0.49302141777526803,0.7335636894285682,27140.999999999905,18.88219077507427,0.17785732398934812,0.5050973084470837,248.660000000516,535.6578382331024,963.1535002843168,854.7963968108777,124.58160530369885,1854.3094066956742,2753.313757848328,2597392.518161484,2940177.9070368027,1306952.632469453,0.018515650530690386,0.0013940015640903146,8996510.266437728,84.83160731021042,0.04394269794751688,0.19551197334670825,0.18540846520260762,0.5132619664392103,False,0.0,True
12.294919459067504,1569.6935552242426,0.22108135415176133,6.107500868600109,3.201603472952064,1.250566892543909,0.9631312191304514,361.5560501898421,0.5016595242000679,67.282553057463,0.4777118272432506,0.5863717254415871,27141.000000009117,22.276598740855402,0.1906648281650826,0.6924255213891148,248.660000000516,512.638796511463,1140.9721479903612,961.6510545200625,63.93547055806575,1885.2249388611508,2628.533911088827,2620748.1216981346,2937554.8862593155,1148922.2447033487,0.013468513721669408,0.002446201278546054,9236772.769332042,70.69804062617922,0.0909532366689794,0.20678955892590356,0.1877977449762928,0.5240654143731879,False,0.0,True
18.838085614968467,1348.9464444065748,0.4948758538318526,6.24296847756434,2.2993867513634423,1.188390392150203,0.7404508936866183,340.1177517494305,0.7604344885429415,50.510974436614376,0.4938649889218113,0.7405206224382967,27140.99999999992,18.582402738489474,0.17912525540097382,0.5065817411207864,248.660000000516,535.6578382331024,963.3832272598186,853.375270770479,124.56608023542474,1854.4756283235045,2753.4404932420066,2635126.8104775795,2982247.9433482895,1323321.306837921,0.018760043970305968,0.0013384262432917875,8981857.37977519,82.90764206596883,0.03898429443294513,0.19830948971411613,0.1819362074011512,0.5215298719185789,False,0.0,True
16.070608082128413,1574.5082711798586,0.15861251773098134,10.872403827712034,3.367573997144106,1.3059490275897137,0.747222383662027,358.5835945584263,3.5095797323748625,54.07358903852894,0.5018836595776747,0.796943248119669,27140.99999999995,24.630159617383875,0.18348179471027534,0.3753861158701075,248.660000000516,575.4471749290752,1200.6247070161924,1109.865312938584,127.21063608107147,2033.1132513897608,2634.1735120807834,3001614.925785676,3453378.985278541,1524118.6115899514,0.017403422007514775,0.004226414689701119,9180209.017173827,78.84470051460168,0.10322545142507115,0.24306999432754936,0.1322586207908558,0.6476191383672356,False,0.0,True
10.30874481087462,1422.8642116076646,0.3734414655482648,10.56382095023963,2.728674724894612,1.2948423953776762,0.5947989334213786,346.205555528986,0.807385246898691,63.73091103691161,0.4695653459710733,0.5320874631983421,27140.999999999833,18.802781584872054,0.19039511137944,1.1741765548366552,248.660000000516,487.36785418733206,941.4963157189775,749.5457218342707,122.93484553581511,1899.9493896318784,2760.8893783566377,2469753.011964147,2826018.992819672,1041852.8753065094,0.013545210054851379,0.000896175783814734,9149025.652676882,70.32444974881099,0.054612907820826104,0.16125786763518973,0.23943537337956658,0.4024471868474844,False,0.0,True
11.713086144445224,1567.9871477367853,0.3720679606847676,10.32854358854833,2.715747924456174,1.5917921193119837,0.632801316715384,346.205555528986,0.8251173080860028,63.013041945919795,0.4893320807289875,0.6104662977830887,27140.999999989937,22.5968686287547,0.19173984331623867,0.673403845849651,248.660000000516,501.61539654620606,986.8521553709163,866.0220983358041,132.02157386147655,1907.1287071729519,2766.123344069568,2349164.3771894407,2731350.3063267395,1195990.3954372127,0.014773323728461765,0.0017953420596629021,9179095.446102336,69.08148396783416,0.09481093738799434,0.17499452814779365,0.2096949577947707,0.45489813094065434,False,0.0,True
22.108475466919828,1573.8960495476038,0.2411672406740472,6.109246194542737,3.2117593596455243,1.023683101247418,0.7570071890506648,361.5560501898421,0.5016595242000679,75.65794561428609,0.5037229399978932,0.8338702989536843,27141.000000014224,24.101698051571226,0.16109357749416403,0.37153521161644976,248.660000000516,609.880199804079,1196.747639841986,1103.8995579512227,104.29947341523557,1952.58579636309,2695.1015939517124,3148579.429903715,3478559.3731299723,1446072.3819041364,0.01828991443504954,0.004342159348864267,9190216.35237242,116.62453729297715,0.10095896879953245,0.23736850018108815,0.13640713440618532,0.635056109109928,False,0.0,True
23.353585846177626,1387.501529656286,0.44500051349377795,5.789047688558007,2.515038747148981,1.246838271599231,0.8972476052684075,368.347430750896,0.5016595242000679,67.282553057463,0.5101370039169818,0.5366566946994046,27140.999999999774,20.58958207403756,0.17500044781036256,0.21892556552734124,248.660000000516,552.386285538265,1077.3691415929761,1020.499485966838,89.6324679841167,1679.1439215917862,2604.983127309411,2766107.3657302437,3135907.128897273,1401570.3579207323,0.012083433717256814,0.002481965633579603,8980403.597300816,88.89498317350441,0.05083771777281501,0.24317191173834843,0.12497594449734487,0.6605278493939306,False,0.0,True
18.838085614968467,1348.9464444065748,0.4952188289258329,6.406373802314834,2.7431987052870648,1.5951707216794537,0.7501724132979928,356.5580261948554,0.7561824728499275,73.7498445792976,0.5168391597287483,0.5921993918202465,27140.999999999833,20.021081815908147,0.18912296635540815,0.33493080641076284,248.660000000516,534.2288770083039,1115.1171944651508,1021.9146582781689,93.80251601901423,1748.5039820524644,2619.814747712497,2600194.275974423,2995285.9483077014,1526169.2004297087,0.013807537741532382,0.0022653459518608273,8942109.252560388,70.13035468715435,0.04254946985997954,0.24873310961368503,0.11465158922295637,0.6844897718863565,False,0.0,True
18.73847604316043,1250.685375779558,0.22495606673997026,9.672294054207455,3.558779573534065,1.2226134124578014,0.8760185163987275,370.638658096769,0.7574439688556134,55.626382840236694,0.529340117950548,0.8416828059480923,27141.00000000005,19.572428378759586,0.17689631883013138,0.5980862339543209,248.660000000516,578.4713003351582,1221.2800978483965,1031.6385498744366,126.10166423086179,2042.594100931679,2689.6094378366406,3679690.2835433763,4123749.7827691184,1637233.7534630103,0.021456103293718876,0.0013880097425183415,8968637.081125222,85.95456387663943,0.014553021536335252,0.27542633926733384,0.07989986743304679,0.7751365761197,False,0.0,True
18.838085614968467,1348.9464444065748,0.44541623467329106,6.406373802314834,2.7430483294109225,1.5951820137810861,0.7556518824467013,356.5580261948554,0.7898269705945054,76.37732890766294,0.5193888425407505,0.6131696503984382,27140.999999973974,20.551235010572192,0.19579121223517898,0.2332823095237957,248.660000000516,542.5469834666887,1126.073901144198,1061.245911667289,90.9237380278337,1741.7564217466474,2616.4439138957046,2680279.4127852255,3099371.4158342686,1626174.1723052133,0.014239300356732942,0.002402737124715112,8944277.93069205,63.221468129634026,0.04326101298761501,0.26259650702422754,0.09905939273658092,0.7260949073356837,False,0.0,True
18.838085614968467,1348.9464444065748,0.4948758538318526,6.923271206517382,2.2993867513634423,1.3835672413377427,0.8748278741231257,364.2376458145713,0.7604344885429415,50.510974436614376,0.5058903222504706,0.5027603809711609,27140.999999999876,19.28168639730988,0.18484269601262385,0.3640217368707615,248.660000000516,516.7170442371352,989.0667496605316,901.9237004022369,96.68920873430599,1666.0266885236717,2627.380468398082,2531620.6115017766,2914914.476268898,1221753.2978538037,0.012049955207467412,0.0015954642924708043,8968045.083166957,75.33378303568158,0.0394607750459538,0.2114836612900305,0.15972523217344836,0.5697160413287274,False,0.0,True
25.928212973725152,1204.9219131754144,0.44500051349377795,5.789047688558007,2.5171774402537106,1.2652514130239496,0.8972476052684075,368.347430750896,0.5016595242000679,67.282553057463,0.5223036432673048,0.6349350627152102,27141.00000000005,17.944395437806453,0.1847360261588197,0.15381173004230259,248.660000000516,566.5935311367582,1093.2046370594,1037.9874223828913,98.1936658615018,1694.2876736842136,2617.1664962989544,3277047.8430910865,3712006.860824024,1706562.9455564083,0.015921353918884492,0.0013114186182690596,8793322.951963613,73.99410282355169,0.0011489778211561368,0.2930139390345176,0.0664140892521309,0.8152228428909145,False,0.0,True
18.788476479470532,1251.9659498306173,0.22718201922288975,9.672294054207455,3.47167352587161,1.2288439863659457,0.8759537943021972,370.638658096769,0.7574439688556134,55.626382840236694,0.5287805910234079,0.8263525140355602,27141.000000000007,19.618457134647286,0.17891087377360204,0.5549361527779847,248.660000000516,578.3276211077607,1207.6605757081102,1031.7010985521872,126.4650172257043,2018.5939155020178,2685.7550125755133,3662668.428190892,4114731.1324828696,1647415.3080012184,0.02102963573694769,0.0013983978464914574,8965076.530551283,83.05057965251204,0.014946002505464967,0.2755245504645534,0.08015900764115964,0.7746339244128471,False,0.0,True
16.211334997132926,1438.2422424852743,0.3189055921905022,9.931289820083165,2.686905883027998,1.0254651832207322,0.9578172870181424,360.3929482115963,3.216577293353593,64.21538095494347,0.4772555832421863,0.2719079583805272,27141.000000000255,20.118311441566973,0.186033532454062,0.4728813237090541,248.660000000516,528.0000875850042,1060.2691077920335,931.1342833379493,114.76345635585137,1720.060520601921,2579.7872348848528,2751214.3341732933,3182236.4095719596,1201774.6363745844,0.005554624041679385,0.0018252298567265738,9101320.346568486,74.99452864460596,0.058460749866565416,0.21979391196814296,0.1741952677601116,0.5578678889601513,False,0.0,True
23.353585846177626,1328.664412694248,0.44500051349377795,5.893618715219523,2.515038747148981,1.1847609000174422,0.8972476052684075,368.347430750896,0.5016595242000679,67.282553057463,0.5098954511505414,0.5289870815711084,27141.000000000065,19.386711115686243,0.17475360267466034,0.28066707303397614,248.660000000516,552.386285538265,1068.6859096069809,987.7621502263232,91.60061695399155,1682.9059046834393,2609.319777250748,2913917.674086635,3286616.02185986,1389062.785721236,0.012419811259156534,0.0019374271217649543,8945821.425318677,88.92844290917506,0.03471859102406038,0.24510457517472306,0.12315714208945491,0.6655716944883893,False,0.0,True
18.16014066806283,1396.8728346524078,0.441369881816529,7.344086660726244,2.595974311448499,1.5919684717498908,0.7553437932113192,356.5580261948554,0.7838207965922018,78.77101324790942,0.5157499882437129,0.5573716592537071,27140.999999987696,21.21884023970518,0.1949415269974232,0.2249872358314516,248.660000000516,538.3243641750539,1081.8753656126391,1028.7493283632286,100.16778939402946,1696.6222405297997,2628.0918991010344,2565188.814000329,2995446.085774794,1518266.6495127538,0.012586140324907642,0.0025414838788903665,8991332.33715358,64.38872662424943,0.0561319904661555,0.24268201434917955,0.12160683098795283,0.6661801958953442,False,0.0,True
21.312466338134254,1414.2984168145033,0.49467613596092447,6.21170396309532,2.3053366820699757,1.3137249605420334,0.7300472046368632,363.81749015558023,0.6101459400458188,78.05973477074176,0.5041148652085544,0.4757737947574792,27140.999999999905,20.485625099287496,0.18733135100782974,0.16702739471792663,248.660000000516,554.020727031147,1039.9189251000628,1006.0469905129331,87.41587148904468,1597.4083661803147,2599.93480197826,2541291.8315673177,2943857.505835688,1415491.942298207,0.010336094473163415,0.0025768820903492836,8997535.428732552,72.60909884122319,0.05884640956526874,0.23393514188455866,0.13863421813546792,0.6278968884397365,False,0.0,True
25.132291714620003,1204.9219131754144,0.43810698179334956,6.7597505635286925,2.9051258593862217,1.2652514130239496,0.8972476052684075,368.347430750896,0.5163427512842341,67.86744787907156,0.5274222179084238,0.6603238486755237,27141.000000000036,17.889785534938618,0.16933819702138062,0.4061732677393913,248.660000000516,564.1244971534783,1143.5236026744144,1009.2536561507877,115.00160248938384,1811.1948812925993,2639.8758788545024,3369759.3232375355,3774365.679953673,1594370.423378748,0.01661676008860879,0.0013050894882936238,8820929.530544601,96.37145926744334,0.0011434336721306466,0.2782846411208981,0.07767415530695881,0.7817889146540554,False,0.0,True
14.820495999605633,1383.9847414653473,0.3133547905428578,9.513461199114579,3.365971195186582,1.3066591517562578,0.43449842763824637,369.8693454484856,1.3508768541878438,71.80561038388953,0.5034050459192174,0.4413322864052652,27141.000000024178,20.489767615183283,0.19707316876346898,0.46918783771280537,248.660000000516,557.8117426225411,1241.035839948458,1088.235198861238,101.26142705338366,1860.9816759705088,2536.5370096112515,2968865.7996243057,3432122.7837845096,1564140.3593476405,0.009465686664124446,0.002512512921211526,9047939.138502726,62.714223354742565,0.051135853000861056,0.2712635878804227,0.10229185148888914,0.7261668799105363,False,0.0,True
10.021224495612705,1472.7620047447458,0.3185177268115442,11.118932835706612,2.439354677941483,1.025247735737941,0.9344734164328401,360.3929482115963,1.3444046384193848,68.13230820219016,0.434429533648634,0.1868382799321122,27140.999999993342,18.12391091709148,0.19835029818860778,1.0666299328575397,248.660000000516,469.46335135825655,916.3677020509012,719.8618696526592,84.40432591054373,1583.2755087867433,2557.3980500813077,2306038.9251461118,2683140.0983618107,831296.9204131886,0.0042469475272621,0.0008240302283741132,9207658.855595829,62.596424069900735,0.0613570874490022,0.15704556394225397,0.2761374868840124,0.36253857034041503,False,0.0,True
18.838085614968467,1299.461620122919,0.49650431625550656,6.95718973762269,2.2993867513634423,1.2969263937099642,0.8746270818676425,364.31474288479035,2.1942697117739387,54.399383495106704,0.5002325457379381,0.33829296744210346,27140.999999993022,18.19695677721597,0.19365618073577187,0.2972918531234339,248.660000000516,516.403597583028,1014.9660002851532,931.4338977538256,84.08977733955412,1608.596937252995,2538.56287479524,2592642.5086711487,3011092.4293135246,1267175.7655417053,0.007643251486734907,0.0015383579426088622,8924676.472372562,65.19244524829111,0.026053604980944226,0.2349265479327251,0.14037747269965417,0.6259633124550035,False,0.0,True
10.021224495612705,1470.7892370771963,0.3185177268115442,11.118932835706612,2.439354677941483,0.9351998480550824,0.9343502115348674,360.3929482115963,1.3444046384193848,68.40435184513737,0.4227198801622443,0.18227511643680586,27141.0000000067,17.50992662315155,0.196393569077571,1.1632697170683213,248.660000000516,469.4705594156263,908.1047930694435,703.3601431245497,84.47561203310197,1583.5459468202773,2557.8094526916243,2350061.2467999365,2720936.0271507245,809320.0438431543,0.00418052095945479,0.0007666079757577787,9215500.007877754,64.54104497362297,0.060619991037645614,0.15500643673684525,0.2900676058614188,0.3482711232314177,False,0.0,True
20.806087721747847,1394.4058631536711,0.29540529140560107,6.7662215251104065,3.565213933605063,1.3682948189619781,0.9631312191304514,355.8004446097321,0.8457161581265763,73.04814807712778,0.5284294027091155,0.8158229822548878,27140.999999999993,22.14712759836742,0.1637351762454262,0.5249353838040529,248.660000000516,568.6151680760297,1245.979946303128,1085.8356199533773,115.18020169528323,2019.6464132529627,2681.9238631845133,3194691.7047124323,3541871.217154332,1543933.1299624122,0.019394521992864146,0.0027477295685157544,9042501.520350844,109.28523551255158,0.055821070997460795,0.25699649363085897,0.0989056548753748,0.7220987417735625,False,0.0,True
16.211334997132926,1438.2422424852743,0.4916849955578666,9.931289820083165,3.047659138485223,1.0254651832207322,0.8360931319658165,360.3929482115963,3.216577293353593,64.14776128879637,0.46811327653279194,0.20906275832303406,27141.000000000196,18.585610866310322,0.15337626138596014,1.218267991691507,248.660000000516,504.3935745661045,1108.0834966905475,825.0396572069151,116.94882590749282,1808.4001055463855,2531.5450987146605,2292032.5763052925,2607334.2556611774,918176.8752791416,0.004327430769867506,0.0013467415537780029,9090967.544536922,133.67018277726103,0.05643712597897806,0.17848651434916915,0.22281287111050196,0.44477146194659767,False,0.0,True
22.20967861368799,1350.7207233956296,0.4946498049253838,6.450900302413343,2.707941120221906,1.1391809093258687,0.9245430777821116,360.30656674638607,0.7560031216378389,77.39253552783053,0.5007997727129437,0.39965526893202197,27141.000000000007,18.800396036070303,0.15507211727463424,0.6798886632252733,248.660000000516,529.5039837911842,1066.048753694039,891.6160164290372,103.37285664408179,1706.218707615584,2601.394391062976,2688423.381531456,2999255.725341102,1124707.2845458975,0.009276464569965608,0.0015705790841184046,8975686.034774074,127.69249712256261,0.03860549598596012,0.20714525579782353,0.16776523499775503,0.5525192302788089,False,0.0,True
27.155725863523944,1350.7207233956296,0.4953451833251697,4.896807640051467,2.6930197761293355,1.1686077527946952,0.9246808166592626,361.2687653677254,0.7560031216378389,75.31027373673042,0.5084726545324041,0.510695508947081,27141.000000013773,19.525801282252434,0.15909297192150007,0.3349469524963683,248.660000000516,554.7194551978688,1122.040385907791,1019.2845952145817,91.82644018251202,1710.448606472884,2585.625316971236,2830313.0936835865,3154862.995775229,1399279.1481641685,0.011500111706712977,0.0023606751016267843,8920984.00321193,117.53268386308132,0.040495057597940226,0.25007228624993244,0.1191218932677127,0.6773462316677193,False,0.0,True
25.928212973725152,1336.331913364498,0.44500051349377795,5.742078438078482,2.5171774402537106,1.2636941404340325,0.8974483975238907,368.2784391700036,0.5016595242000679,68.6799415389507,0.5164715870311306,0.5961764796624025,27140.99999999979,20.159307277582325,0.17573600036809398,0.14171405724283279,248.660000000516,566.5623310449815,1093.1581892890674,1056.1838341272853,96.98359500518285,1687.766519948278,2612.8814556307348,2944139.283369309,3340018.524082975,1563009.4338000403,0.01381180583189122,0.002369020002625922,8915775.062180597,87.15168057595753,0.038408828409821634,0.2651216459181486,0.09842411348015419,0.7292662314558312,False,0.0,True
18.788476479470532,1268.5214552940322,0.18016218952346333,9.672294054207455,3.47167352587161,1.2278169792323972,0.8777565852602138,370.638658096769,0.7577349428902358,55.626382840236694,0.5287883153577917,0.8791690418911732,27140.999999999935,20.281681457237863,0.18346114097578434,0.4611445465233503,248.660000000516,590.4545260227545,1216.2343563572726,1065.877849212461,125.89338355697983,2029.8964103346582,2694.193246400132,3745871.159335273,4217390.255499944,1736456.0359046469,0.022346599128835968,0.0015149278371323072,8977301.74743667,77.12806388528342,0.02016399216972815,0.2840729674433248,0.07173376519777139,0.798391208999045,False,0.0,True
12.29297477187205,1569.0135311688948,0.3689010181181523,5.805632834918244,3.2597875868733834,1.1993982614613528,0.5895258506770106,361.0096784637979,1.486063964191278,79.24110139395992,0.4684383937274429,0.31709369437891716,27140.999999999993,21.17807663707044,0.18942612614108206,0.7396217893407725,248.660000000516,511.95853644133007,1207.8408463157994,994.3696912766951,44.341610236677084,1795.6694787223698,2503.81666956832,2346554.909161812,2660624.0644302387,1113043.6416170145,0.005735835361931401,0.002870404597206787,9208987.801312087,71.8771984233751,0.08964862620094617,0.21498132403019957,0.1868474544205963,0.5350072855882425,False,0.0,True
15.717412783018345,1354.0524537759657,0.4486540655153599,8.713950469696178,3.2634054357468045,1.3110904128391303,0.7431274922896111,361.3591881726519,0.5126249668489931,75.1058437877782,0.5035516063137505,0.5007198303207935,27140.999999994623,18.907127107522733,0.16262478974481873,1.1049784490008283,248.660000000516,519.2454459641133,1119.7103059882504,870.1544769808679,115.009888651291,1890.13013514946,2661.6900051393277,2736911.595391034,3061269.886292167,1134758.852488339,0.012221449672085853,0.001368587242648109,9048257.359053794,111.6101205964663,0.040309770874102736,0.19815495631991392,0.1750982599348922,0.5308861322299789,False,0.0,True
18.623262093156,1348.738481119512,0.4952188289258329,8.306745494923836,3.2634054357468045,1.5951707216794537,0.7431274922896111,356.5580261948554,0.5126249668489931,75.1058437877782,0.5234139215756927,0.6605893781656812,27141.00000001376,19.903043261021,0.16340396833719925,0.7777105593682637,248.660000000516,533.6973582137224,1153.4845394693396,960.5300099989303,140.4879402660011,1939.4731112021857,2701.094666256292,2805158.108904124,3158937.5000451477,1385442.8412937773,0.01599435973806794,0.0019346965747359059,8971363.86572547,109.08613389183945,0.042422628169773664,0.2234552750308316,0.13544882294484462,0.6226044124076167,False,0.0,True
18.899126549413623,1348.738481119512,0.4952188289258329,8.344228525081869,3.2634054357468045,1.5951707216794537,0.7431274922896111,356.5580261948554,0.5126249668489931,75.11279489268541,0.5240767881982691,0.6658135170162902,27140.999999986125,19.943857638695004,0.16277990834367062,0.7673233785446043,248.660000000516,535.6514970149319,1154.4643015198656,963.7579941500005,143.01929075901447,1941.8373896332423,2703.6864672645306,2816619.136367433,3172039.500700634,1395356.9435762074,0.016112048465038106,0.0019587962002917893,8968952.12347399,110.31591812686172,0.04258068874623679,0.22433058205468567,0.13411414191320237,0.6258442851980233,False,0.0,True
14.820495999605633,1383.9847414653473,0.30096627460680764,9.672014952837312,3.365971195186582,1.288610843179163,0.43449842763824637,369.8693454484856,1.3508768541878438,71.80561038388953,0.5028837407267776,0.4418694168323895,27141.000000012304,20.51840612144572,0.19698989452156787,0.4682399420893663,248.660000000516,559.0018908180023,1238.4159671050538,1086.1363706755292,103.46544477842717,1862.059891563663,2537.6301830376538,2996615.353979831,3463363.521740146,1565927.007288754,0.009506141222173598,0.0024866366200797228,9049583.029968016,62.80520000982291,0.051023577809655364,0.2710774621452055,0.102881138039124,0.7248862895828243,False,0.0,True
14.791712050003785,1395.3716466923538,0.4685364646796461,6.764618963202655,3.201603472952064,1.217490021481426,0.9631312191304514,355.69499007600893,1.2072527035282423,67.282553057463,0.48352397447557677,0.3594270430515584,27140.99999999052,18.703395409817034,0.15652591668471766,1.3112280041555282,248.660000000516,482.99761297530654,1109.3421715957677,816.1577041065308,82.3067587288307,1848.5313328135678,2590.9581594843553,2405665.705397201,2668538.025532069,918852.3388174069,0.008549992588087568,0.0012052167873713717,9076404.6157903,125.56076621987786,0.04706842731843343,0.17888496020491584,0.20972899262613964,0.46031533068161246,False,0.0,True
14.791712050003785,1303.6068405659496,0.4685364646796461,6.764618963202655,3.201603472952064,1.217490021481426,0.9631312191304514,355.69499007600893,1.2072527035282423,67.282553057463,0.4881594258364615,0.37965421665240134,27141.000000000095,17.343248861135063,0.16182813417943362,1.322587389817632,248.660000000516,482.99761297530654,1110.290940856527,809.2292832348278,82.27337579563192,1849.1900761448146,2591.392012470539,2573874.097350994,2852390.2134997477,975154.5917522395,0.009301989418628472,0.0010022056755343886,9015112.725819346,112.85166156772323,0.025300885986112607,0.19120945811857307,0.19354966300311144,0.4969588701656818,False,0.0,True
14.753122558180074,1384.621272465915,0.4859349082060608,9.141989798783154,2.6846417658608575,1.3015994917255929,0.6514666386344516,351.44317487956187,1.1749654595819128,77.06961668632744,0.4917608878774596,0.3970574454465426,27140.999999999935,18.827596026565995,0.17742075142390765,0.8610259535071365,248.660000000516,516.0635971016151,1015.0631926966328,837.4907069521103,109.54143120407701,1721.5351081781919,2645.7663890974604,2512985.8938050712,2874825.186845322,1106696.8640182707,0.009479348031106463,0.0012971880957581236,9064786.563333783,86.10794344687396,0.04769057225330327,0.1851202810487754,0.19705459007502524,0.4843863242615134,False,0.0,True
16.211334997132926,1438.2422424852743,0.34111056764738434,9.931289820083165,3.3436535156005043,1.0572365052056472,0.9578172870181424,360.3715560621083,3.216577293353593,64.21538095494347,0.4831802140326178,0.33840878145999814,27141.000000000167,20.045242920815355,0.16423345976792345,0.8853670940833294,248.660000000516,522.7022952501649,1179.2268502124302,930.6007076077528,114.84678684888436,1911.9211714032563,2534.292805546092,2707727.0028433506,3065383.3296591905,1122938.2103166273,0.007337635763219332,0.0018471169743865352,9114982.857386436,109.16157860338335,0.05842062273467646,0.21441815353558102,0.1747910749446574,0.5509071672653513,False,0.0,True
10.991940846299633,1568.9870562532303,0.42488022935541286,5.820614951172765,3.2330379005766354,1.3660220056901486,0.9619786125849528,360.9260659607444,1.4401235193845632,63.17089614418957,0.4644150735422998,0.2797559096340006,27141.000000000007,20.917209690542144,0.1812286032980245,1.0520595898475558,248.660000000516,459.3941506806732,1151.4689240475918,884.7949635300262,47.32842779925878,1811.3198595449396,2524.247530404898,2090798.1693578642,2365028.9304800415,910796.540249621,0.005671632940731958,0.0019212222026444552,9196445.334342455,81.96692453544536,0.08555229917259911,0.18290505788567557,0.22228778543398325,0.45140248871913263,False,0.0,True
10.006506630187872,1529.9686212739334,0.3276382037058578,11.381449963997788,2.1851969699233873,1.025247735737941,0.9353540755010625,360.3929482115963,0.8062892089630103,68.13230820219016,0.43007159223090163,0.2380439316750191,27141.000000013162,18.77459259270285,0.19950605816268355,0.9712507388068894,248.660000000516,467.6858061619806,848.0791517004049,691.4344119201446,88.36080530454008,1552.7195976906407,2620.8745877869583,2202618.36784189,2582620.3071145876,793713.4564201608,0.005672757883313694,0.0007879924662811321,9230790.062662177,61.66936647811252,0.07335528917912147,0.14263671428332006,0.29499485286444893,0.32592876060779663,False,0.0,True
10.991940846299633,1568.9870562532303,0.4238876633323596,8.13555047808659,3.2332844431442123,1.376548258658554,0.9613211219034077,356.6616515192833,1.4455648226367095,64.1888944283626,0.46723693766205726,0.28587360081271307,27140.99999999791,20.927266977845537,0.16795850264646567,1.3431966833828983,248.660000000516,459.6247006445693,1091.6963955654937,812.7676846395185,70.4804700443029,1835.7711636415427,2567.1707526936725,2136839.7737631695,2407838.6133867432,828114.4290016913,0.006314005828470047,0.0014448895711872008,9210764.07113741,103.13083936793447,0.08570761228120537,0.1601182424865063,0.24273741375345925,0.3974580969793559,False,0.0,True
17.390466851245456,1303.6068405659496,0.4685364646796461,6.764618963202655,2.88403093050604,1.217490021481426,0.9631312191304514,355.69499007600893,1.2072527035282423,67.282553057463,0.4979919426616015,0.40137434212478473,27140.99999999589,17.8883124877435,0.1642261824315158,0.9274715199911485,248.660000000516,501.154628115541,1069.1916239425764,844.4515518588747,91.44232954893765,1774.5142820091473,2597.2275449200597,2677779.146798159,2984156.51469845,1063287.572345918,0.009733998819430559,0.0011597022001765733,8983758.126892537,107.60432690837187,0.026020370801626277,0.20156212819108338,0.17553516183047294,0.5345096173445354,False,0.0,True
18.838085614968467,1268.825470110668,0.49650431625550656,6.923271206517382,2.2993867513634423,1.2953691211200469,0.8748278741231257,357.70245669617935,0.7427291722196998,52.227316228404625,0.5052706006691848,0.5638616434279157,27140.999999999876,17.646468171502736,0.1820470121414526,0.5108699286644608,248.660000000516,516.3751596895406,964.9547544391116,846.8652337217877,110.47875006266416,1708.106913525251,2662.8286696530517,2732360.987715163,3106145.956700634,1209846.2139638793,0.014176167382320916,0.0011276014819560716,8919298.242466314,78.42940073441909,0.018053891854729782,0.20767227157357918,0.16389869662341153,0.558903384140282,False,0.0,True
14.836989755520657,1353.4610099456045,0.42026201503119165,7.041639687837599,3.2445513102126404,1.5888126368300988,0.9652218508698654,354.8549557041636,0.5320592917057321,73.79551714242598,0.5128060148032119,0.5980551154647176,27140.999999999804,19.911212742412367,0.1771891901493048,0.8133434905755913,248.660000000516,493.2724052186599,1137.2262289226192,926.2174418925698,98.35899080086344,1898.3839841186423,2651.8577915763117,2680097.340378953,3008548.6900793547,1255135.731198689,0.014604990201528167,0.0016268236872996175,9014098.289593425,85.96259091585752,0.04060809882226832,0.21771356975411058,0.1487834789498913,0.5940390803254326,False,0.0,True
14.710585153604713,1383.9847414653473,0.14958004765610752,11.9137303518406,3.5497539699387812,1.529387312042262,0.7998219094784991,363.5187499341367,1.1432930931621392,41.36912635454608,0.524836734054838,0.9448957829491911,27140.999999999876,22.28917415527875,0.18594037787729095,0.6002284620543082,248.660000000516,561.0662921764945,1166.47566145024,1015.2744567604955,140.74699505779475,2158.2360275070746,2771.5619727322123,3343850.0797734675,3804217.2733863275,1604236.010272041,0.023599216809071188,0.002046199635952689,9074190.984989863,74.88341897743192,0.054272962383821344,0.24235519007568151,0.11646651818339306,0.6754195314757754,False,0.0,True
19.690349616628954,1347.6460880887346,0.4955941557000507,6.966684544129281,3.244252281313921,1.5152155306720014,0.3276398322569647,349.3046453145985,0.6167699474043343,62.429338145408934,0.5253624511360018,0.982463605867807,27141.000000000036,19.87676216383833,0.177272864220673,0.558175350384139,248.660000000516,600.8710030776872,1196.9809403327617,1052.8263036509616,138.56853506861154,2102.693210687135,2797.090280763344,3041682.1186261186,3431351.547011276,1809388.347546734,0.02423358038373706,0.002431464343121126,8978444.558006734,85.50139430913423,0.04721207431152073,0.25376124454662213,0.10392106708962598,0.7094598650567029,False,0.0,True
20.806087721747847,1461.9129322937167,0.2975793293478044,5.925061264280998,3.5606016295713623,1.3682948189619781,0.9631312191304514,351.2527627035382,0.6048115994093528,73.04814807712778,0.5230083795319986,0.9249798885301982,27140.99999999992,23.189670682862726,0.16174169630510912,0.5072382053968608,248.660000000516,567.9948475073245,1244.8467216229556,1097.012853610993,115.36918023112622,2070.4495316524403,2720.3147154732687,3049182.1787798237,3369620.0041942457,1546725.628225376,0.021672565559100417,0.003432313595497618,9081991.261311904,113.87122059392247,0.07405169045445267,0.24848586348498297,0.111166893759338,0.6909049311588633,False,0.0,True
18.838085614968467,1351.2470465624249,0.4349210830544929,7.978734201978359,2.7431987052870648,1.571082717655806,0.7874625150131671,352.43662671087105,0.6231355708795052,73.7498445792976,0.5223168148854757,0.6787599504147914,27140.99999999992,20.56448046434151,0.1819464210445878,0.3931854375740941,248.660000000516,540.5283036081801,1073.4436232934554,976.162201299992,134.12867202554105,1829.261463047933,2704.702439250284,2791991.487182396,3201114.8387934696,1506200.3935004557,0.016449975269506336,0.0019722485447014626,8964889.74825124,78.96111603588561,0.04350726193968159,0.232326896789993,0.1273577035942941,0.645918386669251,False,0.0,True
18.899126549413623,1369.4818500553736,0.4246827026463442,6.029293018629865,3.2631588931792272,1.5846444687109633,0.7437561388168086,360.8224406363165,0.5034941715300466,74.094785786223,0.5229921643634704,0.7503974852913766,27140.999999999716,21.03654388986159,0.1822399237041868,0.4111067822221317,248.660000000516,548.3370290551205,1223.7561225649229,1096.1584585180658,91.42818922779371,1900.6777487893448,2638.7582541998454,2824035.9525989816,3195705.107997559,1635135.1402379442,0.017643762568944725,0.002722775579348317,8973959.748721195,78.65972421520699,0.04945662155344374,0.26700845244797317,0.09224351448564037,0.7432344900628306,False,0.0,True
18.824613018888165,1395.3716466923538,0.4685364646796461,6.40648286565386,2.6472975204193343,1.6368870806432196,0.7522547767572969,355.31361475584976,0.7392858487622987,67.36972313683407,0.517020703515741,0.6778229590613875,27140.99999997412,21.179229218009645,0.1928993241162098,0.23379926256595274,248.660000000516,538.6444304204705,1098.4983562897803,1041.7717570337384,97.88199515942682,1763.309810584053,2642.9484319514845,2527590.6793530583,2932908.0284985006,1567979.6265916005,0.015715802752503404,0.0026809901793641705,8974824.478147404,66.33347097107291,0.056265791561327876,0.2461511944135993,0.11717719706762834,0.6774895664224947,False,0.0,True
18.838085614968467,1348.9464444065748,0.49650431625550656,6.923271206517382,2.2993867513634423,1.2953691211200469,0.8748278741231257,364.2457513038979,0.7427291722196998,52.227316228404625,0.5011295628730641,0.46804627296706325,27141.000000000022,18.928472713160172,0.1799765641533315,0.4465157596151638,248.660000000516,516.3751596895406,979.3080464691998,874.6018703047661,96.46783084248013,1660.5205941938038,2625.6972095994583,2548931.526852519,2915168.357802443,1153464.5450903494,0.01125120689957979,0.0014520369950192828,8980351.934065169,81.72301180894372,0.03870792687592559,0.20295744594514967,0.17177371785754306,0.5416081328427035,False,0.0,True
18.16014066806283,1469.681799313841,0.441369881816529,6.005137466968982,2.595974311448499,1.3561008895064568,0.7553437932113192,359.78041266964954,0.7040507164629581,78.77101324790942,0.5021471191995875,0.4789410554807666,27141.000000000007,21.491327568336995,0.18626588882644265,0.3022001328854586,248.660000000516,538.3243641750539,1082.1764682502908,1009.2013020780032,78.12608437361197,1673.9401567469954,2591.5077971517026,2500026.380904917,2863060.2533158516,1328404.817115244,0.010215149653446906,0.0027837895333565855,9071433.117617609,74.46887490645737,0.07200621583833199,0.22552656992804726,0.14876536803103083,0.6025418852401369,False,0.0,True
13.383199088273756,1553.1977680055388,0.31890880131637767,10.336851457797243,2.722416015801421,1.2383984202497107,0.9382978480450852,370.2019357789388,0.5618795632263247,67.29414773186637,0.47748425978071624,0.3447761935478554,27141.000000000036,21.827149954810864,0.18379481338675158,0.646077864644099,248.660000000516,504.55605842038347,1021.9893242472546,879.5272721523604,100.72197119329137,1697.454309178847,2600.992579727179,2452395.037908971,2834129.076702623,1046503.6783930319,0.0075439052908400795,0.0018136653782422746,9191170.016796835,78.53620683741148,0.08587403593221395,0.1843497591815464,0.20992770093958935,0.46756352525175476,False,0.0,True
20.2528945219228,1373.7342603422107,0.46561107640184596,7.659177609575146,3.49301040296481,0.9586750320327146,0.9321945587875844,363.9769092897089,3.1339640740431385,64.95848595262964,0.48202301174969486,0.35896363775909346,27141.00000000008,18.316164743814312,0.14537736500759754,1.080649377152971,248.660000000516,524.0617992673983,1245.038408290546,926.2437862841495,102.14340301946324,1947.71919583549,2541.8498372205026,2641919.920645322,2941186.505209362,1061199.607266361,0.008001315868992723,0.0017413162234268603,9025109.611386247,155.83355682468132,0.042534791831986295,0.2211414881196164,0.16840440880111546,0.5676904566770887,False,0.0,True
12.302218302507447,1572.3762507493034,0.43846710814285317,9.668232853449533,2.715747924456174,1.160680632090853,0.6659072087091525,349.1730812095196,1.4865623633731866,79.32196467343927,0.46073654975344824,0.2840567840274244,27141.000000000007,20.437042085086464,0.17051157782616078,1.1286346940973326,248.660000000516,497.0342512178167,989.5251123427072,783.876290048806,95.62984227999112,1692.7608053991985,2619.218973702205,2173502.768246911,2485338.5746266977,869647.8541968423,0.006408395694403938,0.001301189480884389,9219540.147973407,98.6612281496612,0.08772108671264867,0.15143058832147183,0.2570153848124035,0.3707481485484931,False,0.0,True
11.414120019946559,1473.6397970837943,0.4948758538318526,6.283008777692849,3.644016308217624,1.0049545353802596,0.7501724132979928,369.20645728975745,0.753893455062147,63.30185555207832,0.4384500317596491,0.28047291685538084,27141.000000000036,17.45828437223875,0.14898543020394883,2.3091064820848346,248.660000000516,472.40781473369077,1196.86374126763,745.0979280264312,56.395721206403984,1939.518527539848,2576.435380302461,1987507.7088635308,2201310.4026339324,726012.4437445942,0.006624762099148103,0.0009875533372237983,9187362.432840763,147.3867112140132,0.0614246653452905,0.1517988170881874,0.2769481853126414,0.35405219450671066,False,0.0,True
14.836989755520657,1423.3244077775844,0.41097055670583127,8.018351062867099,3.211830796139268,0.9988670394341382,0.9650534384535724,374.58230253220796,0.54413107368217,66.75771800427268,0.46674876920279096,0.2985242797863169,27140.999999999993,18.505753034378415,0.15573241603766275,1.3374682299870653,248.660000000516,495.28720851321543,1122.5681343924823,811.3917379222554,80.14699319526052,1812.8631454319395,2576.453465936716,2424058.5505816955,2703820.50929059,880190.809273663,0.0069133664124573935,0.0011888810652230309,9126340.872789178,128.1912843680646,0.05211411282016704,0.17923976676633582,0.22348751101320807,0.44506487803503864,False,0.0,True
12.394549122209344,1348.2497992472897,0.49155930414157456,9.70681667710591,3.2634054357468045,1.095607622982136,0.8251594226232926,362.8633816761416,0.5189357246521988,75.10927040084884,0.46116713285091593,0.29221855425321525,27141.000000000124,16.62008366530869,0.1516460110288986,2.131291925227891,248.660000000516,474.4946933457983,1055.6453716610267,704.4702828420972,101.78958301270035,1836.9407782571516,2624.5647664913336,2293691.018452345,2557213.39676634,786461.9044664847,0.007210868011644476,0.0007202357693420756,9094116.129079558,138.3459340701605,0.03467895842044906,0.1504976291970668,0.25689993663418237,0.3694121954066986,False,0.0,True
20.192583778109974,1421.9313893431154,0.4948758538318526,6.244734492170616,2.7431987052870648,1.1888789849997217,0.8281734382160603,392.74474080627084,0.7281705236101969,54.158704233583514,0.4874581870180739,0.4151329927193282,27140.999999999935,20.00945584294836,0.18767450681935197,0.196405772855889,248.660000000516,532.1142326602711,1178.2216870450022,1118.5438855820041,77.80909970747821,1679.5574668835277,2522.974327230298,2434684.827141638,2841176.93855883,1400247.4666869575,0.00786341035140217,0.003403714203993088,8985543.206715144,72.11529159546971,0.057056058771119585,0.27768608231982905,0.10749123585601007,0.7209305148987544,False,0.0,True
13.45163102137011,1541.5123032142808,0.2605721870462159,10.35212783500786,3.2147649512840166,1.2454605175141136,0.984341713069223,365.8943589337829,0.5127101145349219,79.83449778604965,0.48453262387906193,0.40960096870639595,27140.99999998985,22.08098836093724,0.17453994342407086,0.8394970834136136,248.660000000516,514.9086698305828,1104.4693158407606,908.0482402638743,100.52058204369246,1818.6510855293052,2624.971331734473,2650908.900510662,3007664.11064805,1100962.0125049064,0.009159963604890901,0.0019570162867652333,9206151.587161371,91.85282248527376,0.08465958879496359,0.19265747740277803,0.19614785336735327,0.4955114093244791,False,0.0,True
21.22722430428772,1573.8960495476038,0.4955119290020835,7.652749819472431,2.755233609813459,1.2464399984522756,0.9903032803133642,356.49450630207207,0.5016595242000679,73.04814807712778,0.49766317603870935,0.445956371585562,27141.000000000095,22.497294180317994,0.13814193561240196,0.8389133843350488,248.660000000516,513.7521075441407,1024.6532775273047,855.4788337861868,143.44835882581006,1790.184506762933,2673.702064949147,2287462.3615311948,2554539.1015498973,935564.081995503,0.010128778508870138,0.001974923372333641,9122573.490708852,183.58603268186422,0.09183803949377306,0.16224430067615517,0.2154112917903377,0.4296091568948503,False,0.0,True
13.45163102137011,1541.5123032142808,0.2605721870462159,10.77952463932552,3.2147649512840166,1.2454605175141136,0.984341713069223,365.8943589337829,0.5127101145349219,79.83449778604965,0.48440473626102903,0.40585459407116986,27141.000000010485,22.08472736504224,0.17389258336023308,0.8513154234594952,248.660000000516,514.9086698305828,1099.8207280107843,903.1199772025258,106.02014513694492,1818.2902216079779,2628.371732202694,2651983.379504562,3013451.0290420577,1102460.2773011439,0.009094789740480681,0.0019205097972091953,9204899.582076171,92.86985205109644,0.0846611012480147,0.1913965944027884,0.19750246496313706,0.4921498002974038,False,0.0,True
12.308415443196894,1437.0038929118864,0.3221703441114132,10.623113560411714,3.467886139201865,1.4291350669277352,0.615119748647429,351.7396985250871,3.5593021873326873,67.63348356613645,0.4959948821824303,0.4342705581538581,27141.000000000036,20.736160399277647,0.18925587350730505,0.7966041976041757,248.660000000516,515.8154656170967,1197.2962518179058,978.6340973728726,97.41972275541575,1950.3243571552218,2552.3117796323418,2707614.762769815,3112726.481090797,1279328.806285034,0.009665072075081169,0.00212146514377271,9117643.374847518,71.35647346068271,0.06228567093399766,0.2259538469856535,0.15344118719131145,0.5955635330752895,False,0.0,True
18.838085614968467,1348.9464444065748,0.4948758538318526,6.088368866652422,2.2993867513634423,1.308969028809603,0.8127213918192336,355.21609133658916,0.8581383602639623,52.29778175796731,0.5026665910341384,0.5874580253124473,27141.000000000095,19.01488560018413,0.18421476363410919,0.40266700233980707,248.660000000516,525.4796496681342,986.454741713061,891.7000628139511,97.34740100996977,1708.1424207667387,2652.757309149165,2581261.156736412,2940727.9010905335,1243832.8273446765,0.014408767073973568,0.0015354311910316199,8979850.879012862,76.2069713659206,0.039406854576074075,0.20839844901071808,0.1652137426407429,0.5577934919348961,False,0.0,True
25.132291714620003,1493.6921881998228,0.4354258067175121,6.752812332931356,3.387819146933936,1.160606773165567,0.9334404683511224,368.347430750896,0.5163427512842341,67.90312458400325,0.5124284505008357,0.6228332117986756,27141.00000000008,22.12664025384767,0.13624652469629062,0.7423309485740762,248.660000000516,559.4146073014253,1210.8153574377507,1005.9110091764584,122.07654673176454,1943.4102541048976,2654.3397797257026,2755240.2642243137,3039028.423045926,1183215.7425514217,0.01387776628120014,0.0030265499202277654,9084542.748512972,190.55732593976407,0.07716463258999866,0.21392777424049042,0.15281389656260358,0.5833200622444392,False,0.0,True
23.353585846177626,1339.5297613002872,0.49894318037140906,5.954482588254221,3.056161401289004,1.1382399745262437,0.9747985674702305,352.22571227287244,0.5686827266362192,67.282553057463,0.504652493146688,0.6154227572864638,27140.999999999935,18.685734575497538,0.13908849979037421,0.9996101374584607,248.660000000516,526.487215150281,1101.8204417616223,863.2828180207752,133.7947820016273,1920.35676637177,2691.1495205226392,2736213.443039463,2998489.2510559564,1109139.376863995,0.015282220782399825,0.0014209682731120474,8961352.196672501,176.6846231646966,0.03562590654765817,0.19754656460747594,0.17446472271877944,0.5310230397235953,False,0.0,True
13.479866916680093,1468.823851368647,0.14392563362228183,9.146049126564247,3.7800906760139634,1.9894468165789414,0.8117175784960208,344.74166842269494,0.9004919937007008,52.40553084987909,0.5249207483734497,1.13572946249051,27141.000000000065,24.652295662660993,0.19845954778924538,0.44595989443054374,248.660000000516,548.0134806688973,1235.1101272010537,1123.2141224579505,148.0690756798368,2317.354368003579,2876.93791992142,3042831.7391219046,3472270.2742676474,1916917.483028953,0.027354190851002724,0.003470642490452285,9073810.527409017,61.58466608841419,0.08350699259617189,0.25930439853040893,0.09934991080223124,0.722992563543723,False,0.0,True
13.073521340317914,1468.823851368647,0.14392563362228183,9.146049126564247,3.7800906760139634,1.9894468165789414,0.8117175784960208,346.7421123995061,0.9004919937007008,52.40553084987909,0.5245506734410876,1.1134819310785367,27140.999999999993,24.481618808396743,0.19953148283885963,0.472580722585827,248.660000000516,543.2431379600123,1233.4805992431368,1113.7339499065504,139.66051073895326,2286.371021604585,2852.409221991598,3029029.1595205795,3454814.460342872,1853668.973651343,0.026846742825917057,0.0033742702654854977,9084321.907679515,60.66764013580498,0.08263381006501953,0.25632221211319917,0.10264477798186979,0.7140551058617248,False,0.0,True
20.99042979172607,1472.2592954220484,0.22510982403392024,5.925061264280998,3.250581952354439,1.3699761282441347,0.9631312191304514,359.83499231076576,0.6048115994093528,73.04814807712778,0.5212521868658898,0.9156176963522351,27141.000000000036,24.084414559844333,0.18127246755766976,0.1890939465073703,248.660000000516,590.6300172416406,1231.7884125450728,1190.772449630979,95.0454381416506,1940.5195177537832,2668.5288495604145,3147138.608678134,3530688.044138785,1743853.5790672214,0.020591025647222247,0.0042597542494737985,9082962.874151738,80.89671309514287,0.08015501171221716,0.27728803633297205,0.08368490031757585,0.7681684918152469,False,0.0,True
19.5500241916428,1401.7373613922268,0.22567547194984333,9.672294054207455,3.1174313583304403,1.284372870125481,0.8423755125219099,370.638658096769,0.6696361489711027,50.7299782384655,0.5208456161077757,0.8370937090206721,27140.999999999964,22.390622726888953,0.17890989886703934,0.33910022021419106,248.660000000516,587.2494928380181,1149.9831361845868,1059.8859311570861,131.62331577815635,1963.0215047628399,2707.5780241619777,3312045.320024124,3767545.6197348777,1617553.0432928428,0.020196693398767028,0.002522866957763006,9055906.84687044,83.89338398855945,0.058597077997337786,0.25323992969378906,0.10799156352843534,0.7010461004793941,False,0.0,True
14.736458135659152,1201.6615433468166,0.22718201922288975,9.835867477267113,3.232871822618808,1.2288439863659457,0.8759537943021972,359.25600669299445,0.7371723466581757,56.20855905345129,0.5186989082013624,0.7631189412149805,27140.999999999905,17.782929499815054,0.18826380616650693,0.8437084372961263,248.660000000516,541.3615973421499,1088.8688875530515,882.3053978738795,128.78298027159087,2008.557247388465,2737.5687692674787,3563600.002662754,3986030.0960829295,1443953.7549111582,0.019833185396163036,0.0008786257873526754,8984232.454217901,71.42978667365571,0.0001838844860013831,0.23753251366284786,0.12516522321483084,0.6549048684661539,False,0.0,True
22.084595450971705,1346.5949408063937,0.3092305713179133,6.24296847756434,2.7431987052870648,1.2141043389286983,0.9258064769840615,356.529484717729,0.7561824728499275,41.824162070573195,0.5216145845296007,0.9413701988425969,27140.999999999978,20.95826504696525,0.17594085164554907,0.29897023404654344,248.660000000516,577.104346087147,1081.5818837589673,1002.2287160254856,126.85625865713575,1957.7117396001072,2752.004775438987,3266152.183585328,3642165.0782484785,1560066.540708959,0.02358556714129357,0.001964161425493335,9002389.852142993,87.69132327112554,0.041479540564582175,0.2447091424580483,0.11566438762724575,0.6790430540226692,False,0.0,True
14.66912117316768,1468.823851368647,0.44298928259426384,6.840443500051753,3.202715282486177,1.9894468165789414,0.9481606677616825,355.8598237811981,1.1517914403331724,52.029814757469744,0.5163914264523992,0.7287188890252584,27140.999999987987,22.690543395839033,0.19075941257316345,0.47001028514931653,248.660000000516,489.0071339817876,1176.0366378991594,1047.7742652846534,89.17090211764432,1922.292563122554,2636.455369058707,2337843.203763659,2700546.8908962985,1432500.269499225,0.01662955270292021,0.003148606664105573,9036014.81449709,69.05861784289368,0.07383343620551101,0.23399850709158798,0.12997614460225265,0.6428978117091988,False,0.0,True
12.394549122209344,1348.738481119512,0.4952188289258329,8.307747704247095,3.2634054357468045,1.5951707216794537,0.7431274922896111,356.5580261948554,0.5126249668489931,75.10927040084884,0.5005446955006237,0.501447412020059,27141.000000000036,18.653827866963756,0.17828308221859393,1.1693983903200478,248.660000000516,482.7030176780579,1110.916315235998,854.7526276190234,98.36493141638587,1886.0511134597064,2653.0565709652374,2525297.041070084,2849729.010886114,1119685.6023704298,0.012331089439771363,0.001278694769865078,9039168.79683521,84.62466690448409,0.038668492354421456,0.19474876898401527,0.1807314882157882,0.5186658026613209,False,0.0,True
15.061212123289184,1572.3762507493034,0.35230926316276545,9.668232853449533,2.3067395571386484,1.1605803045487353,0.9323716836850483,349.1730812095196,1.8102183216521692,70.54378338408841,0.4766732328791184,0.358285426024563,27140.99999999995,22.036793020938667,0.1815279065897044,0.4994573478966754,248.660000000516,512.9502206673238,931.626084345844,838.1806978113856,109.49663739763945,1630.8598189737968,2641.602892852024,2405711.707949622,2785905.310858637,1019326.5931894104,0.008107312760826981,0.0016169119869056648,9185378.804360395,81.46400365302675,0.08988279448822074,0.16991533510488036,0.22487024801900643,0.4303990377773233,False,0.0,True
22.20967861368799,1350.7207233956296,0.49570487331322155,4.8948154840457665,2.6833178417402688,0.9444740979497968,0.9245430777821116,361.27272080472846,0.7560031216378389,76.48975013846075,0.48197231202833934,0.37107419022908666,27141.000000000095,17.872595833019325,0.15501736231306648,0.7107944330742234,248.660000000516,529.2467689840086,1079.6898152114866,886.2506013759196,77.7886297957884,1690.2916123439768,2571.6281940897757,2680799.4892451526,2959087.3825830217,1077246.8194037182,0.008559466803271076,0.0015118577937366002,8988864.653882446,128.01553910118918,0.037307678533266414,0.21146222660295713,0.1780038893772168,0.5429541054444946,False,0.0,True
16.211334997132926,1478.7394199971054,0.3185177268115442,9.271373565160033,2.4810638570756716,1.0273681301657338,0.9326510222737214,360.3929482115963,1.3444046384193848,63.5232820939723,0.47857177683714447,0.3661446907705159,27140.99999999995,20.642758515899043,0.17912096365346253,0.5534091565431084,248.660000000516,530.2028595049474,977.8477646890984,856.1387154053002,105.09559388012829,1682.156811657533,2611.4686096246305,2703238.537383061,3087398.946566959,1089460.447899757,0.008439647240430826,0.001497885811771729,9147709.440832704,84.44462033508721,0.06811551616685046,0.18777147505103625,0.20533742703523733,0.477657651746149,False,0.0,True
12.302218302507447,1572.3762507493034,0.3689010181181523,10.505601694786755,2.715747924456174,1.160680632090853,0.6659072087091525,346.205555528986,1.4865623633731866,79.32196467343927,0.4649378470565734,0.355369866205924,27140.99999999116,20.9701670114178,0.1752629602902078,0.9969665654860381,248.660000000516,505.9838948763164,976.9854590201546,796.2142245984127,110.74717024129812,1729.3709298213691,2669.477549449346,2335122.8888177415,2674715.5413512345,953781.9696211815,0.008309225331400761,0.0013358682072910782,9223403.84329229,90.89074698931086,0.08890454131938405,0.15749814914408689,0.24741490515788206,0.38896782277271474,False,0.0,True
12.302218302507447,1572.3762507493034,0.4309724709632838,9.668232853449533,2.715747924456174,1.160680632090853,0.5723371935116661,349.1730812095196,1.3669626102620254,79.32196467343927,0.46267225160639824,0.31988220675282264,27141.00000000401,20.51536345905903,0.17309572602770512,1.081347856586119,248.660000000516,506.6674141505195,992.055484651714,795.3466420969534,98.09515306933899,1711.5780500258543,2638.524215832961,2223070.1069115982,2543738.135498763,912892.139692191,0.007321383203066759,0.001360539770412884,9224666.968734762,94.36056638178206,0.08892928752720484,0.1543072208212233,0.252487072663858,0.37932493963778363,False,0.0,True
12.298035259470126,1395.3716466923538,0.4685364646796461,6.776737118732615,3.201603472952064,1.0005050464357126,0.9839739728320073,355.66446906614124,0.8323627126195152,67.282553057463,0.4458899676406786,0.305446601236753,27141.000000000284,16.864053731743244,0.1484545822149949,2.1725325748603224,248.660000000516,461.1291392302039,1058.740609506642,687.048166877294,78.86922677489973,1858.9832890734642,2612.064745459823,2134353.477787347,2353984.077785551,709837.8158470239,0.00758406384566604,0.0007060623585007607,9127195.282384528,147.99784723007488,0.043750512631808,0.14373799620852135,0.2776156111913506,0.3411338924935594,False,0.0,True
10.49669333311281,1435.8120661979508,0.4806201590308347,10.329866658133927,2.93492080906283,0.990524801351303,0.4518416972831055,355.6025114525363,0.8303719253779086,70.57192620444876,0.4365413487919337,0.3046980973078814,27140.99999999279,16.687710521547444,0.1624448466217315,2.2003861925770107,248.660000000516,492.0696717871599,977.4478138622993,674.2682651814293,99.35977328780203,1810.354300095171,2662.6955806061883,2117519.2226204304,2392667.078249305,762208.5175404171,0.007572245342009666,0.0006975657170213458,9204965.737629093,113.92085559635663,0.05459383387278851,0.13192057260202245,0.2988778362396455,0.30622344441041666,False,0.0,True
11.381609828851175,1566.3325457230758,0.3760014127298396,9.485777612009674,3.558779573534065,1.6036589496799827,0.8760185163987275,370.638658096769,0.7574439688556134,55.626382840236694,0.48905308242481915,0.4444469655751226,27141.000000000065,22.330591426467308,0.17596536863591378,1.0324371865237025,248.660000000516,478.67152727127973,1183.8064320324713,932.3038873964293,77.08891010840031,1938.4957706272455,2599.540573116943,2342134.290564267,2664563.2527809558,1042090.6099454076,0.009751072300108613,0.0023116627925658197,9194581.847689716,89.52601407923432,0.09102721822363781,0.190962617463878,0.19406393355460125,0.49597259451001546,False,0.0,True
12.336781427446128,1429.5011405275422,0.21109669868524283,8.468195801460142,3.458240682202039,1.3151617271257237,0.7880999391670117,357.6775067906637,1.1798190699191549,79.96088072520959,0.4944333663906027,0.4520249824229781,27140.999999995336,20.841691322896278,0.19348578044630718,0.7471642182109712,248.660000000516,522.9280205284649,1189.123674721628,979.4474519545529,74.59949334508512,1876.843718449191,2581.958041826116,2919615.142516161,3296542.8836299055,1288350.9762006118,0.01026222430997556,0.0020061857379643803,9148121.960740166,67.00136677336295,0.059743990194836255,0.23058198509119024,0.15036225380045837,0.6052906476865616,False,0.0,True
25.103179576915522,1204.9219131754144,0.4383676887931103,6.7577590224220065,2.895423924997155,0.9507779831371768,0.8971098663912567,368.3513861878991,0.5163427512842341,62.974577628497045,0.5073112345982583,0.6254708727859425,27140.99999999928,16.573887373259243,0.15502702296614151,0.7298070837100872,248.660000000516,563.9170239211597,1102.0659280231362,899.8452571304375,120.06983594032864,1839.3044014294192,2661.0914914824675,3417032.1856303653,3764563.907503335,1317898.1790368222,0.015885892995108154,0.00109001196317466,8880678.66006342,126.45115805943635,0.001062339729941401,0.2423465261653166,0.12766593331367698,0.6549685556712318,False,0.0,True
13.770451442388158,1274.030340292563,0.24093133386055088,9.879590959085077,3.562261635940046,1.2233748734259104,0.5569040667264923,375.35936969503666,0.758534103772561,55.52541975025067,0.5085965496081755,0.6794423955504428,27141.000000011212,18.64005839910657,0.19310186321309022,0.767372078310186,248.660000000516,546.2704516442474,1221.0347105837286,986.2665230099891,98.47388842960264,1987.1869548915997,2632.8909016367948,3321048.206075333,3758076.8268330465,1470515.8987221993,0.01707344421519976,0.0013673018424424264,9022486.679286411,66.47613080642925,0.020104742532013612,0.26112304387056373,0.10874658792110194,0.705986708359028,False,0.0,True
13.465127005499351,1430.535769641719,0.2198434715233079,9.693602570234631,3.458240682202039,1.6091547057451496,0.6090512623401807,322.559664821738,4.101222838832576,79.97693159348779,0.5183715232310325,0.8992398526898299,27141.000000000036,22.414002591871352,0.18943267880850523,0.6283222435545934,248.660000000516,542.9016780404687,1160.3279586248111,1005.6605779339151,120.66533299701027,2089.2640344921483,2777.3964430195583,3035743.845540188,3442666.0214191913,1523010.179160981,0.02213951216965709,0.002266756672197612,9099771.548191853,71.01738293264535,0.06612440574045939,0.23079656882885796,0.13239233309394124,0.63547252574892,False,0.0,True
14.719765362993147,1457.6627627920602,0.22535720811985074,10.36228575825845,3.5562397271854054,1.5280443976104057,0.8607338886179358,363.47988982404013,0.5129164716402154,57.028694817243434,0.5179722065560212,0.7854997843308712,27140.999999999978,22.767970578791314,0.1759829336846486,0.7126121958654466,248.660000000516,542.4172012479862,1169.7358993898315,995.438288814442,132.10823155755247,2073.585234893373,2741.102887637663,3031998.2161040856,3420490.0377271064,1403628.5896923766,0.01896570750890847,0.0023535421376156907,9130665.093241429,88.87704990834004,0.07216553675538766,0.22229517988732406,0.14130714199653008,0.6113689778865935,False,0.0,True
22.063495807561786,1389.8381193046807,0.30119827206264127,6.478481598667257,2.8805238055480156,1.2148097345919033,0.9430983186591749,350.4708284322561,3.571351624396933,41.77990285444915,0.5208670292481752,1.0028418408696138,27140.99999998758,21.68229574691348,0.1710225776113035,0.3337472542371177,248.660000000516,577.5423102756658,1112.881793903121,1023.9024096472027,119.76449635226282,2006.7241140940982,2741.873561421414,3201783.3409412634,3568361.3999728197,1492894.2218961203,0.024889385092404938,0.002328745310624798,9042889.788477592,95.90599857559745,0.05330988499156899,0.2422707991243382,0.11873411931042982,0.6711011034829306,False,0.0,True
25.821386700408336,1586.6610278915664,0.3250376518337955,6.107500868600109,2.4905748099402074,1.246838271599231,0.9592388395417332,364.1241663112727,0.5016595242000679,67.282553057463,0.5123004001647584,0.7653145268811847,27141.000000000007,25.286054141065563,0.17179507598734717,0.00596001370074563,248.660000000516,592.3544922390699,1084.169576084136,1126.9197253186824,109.57100135750125,1739.9066535978482,2660.9179668647903,2805093.9774668324,3190671.036182994,1542017.9546654206,0.01554906209565508,0.005222339478427164,9122017.454961628,95.4459797298247,0.10774756134703257,0.2396534168380717,0.12738352682207257,0.6529408578008904,False,0.0,True
16.66534684201065,1401.5174007036405,0.4760343535256756,6.966684544129281,2.7170009734648923,1.5152155306720014,0.6276398079196313,349.59576269933314,0.6198254811122966,62.18250117432078,0.5099749225084758,0.7388020273827377,27140.99999999992,20.40664030470939,0.18557126300190943,0.5022181439049146,248.660000000516,536.8658933277679,1063.648225758762,947.3729008701464,113.96723379516632,1881.1592665073833,2717.8019194997487,2592728.3679761654,2962162.5227044825,1415020.8347216086,0.01804230568949659,0.002009520135698233,9027863.145530522,74.94655470776569,0.05627608221580445,0.2149801835938194,0.15351273494486636,0.5834038397436665,False,0.0,True
16.66534684201065,1401.5174007036405,0.4379868452956823,6.966684544129281,2.7170009734648923,1.524370351613042,0.6276398079196313,349.844669182804,0.500899993265999,70.8775388407445,0.5122878009818925,0.7417177102553613,27141.000000012114,20.81424027534811,0.19072546654627423,0.4103885992230585,248.660000000516,542.1967325406347,1072.4638367123227,974.9323460586554,111.39101266141742,1861.0875625098015,2712.5350464928,2657368.368504437,3044529.704886312,1486865.5229517636,0.017977245173771104,0.0021537152002786427,9026967.407665506,69.0263157246788,0.0569684273141902,0.22469896040614423,0.14217585787353243,0.6124676571147255,False,0.0,True
19.791572351941987,1389.8381193046807,0.48548130671416395,6.5235077085505875,2.454111604295097,1.1890957878134083,0.9740207097636379,350.4993699093825,3.571351624396933,45.18264504836511,0.4963857825388456,0.5360200154081112,27140.999999999833,19.359334108620487,0.16161212458461702,0.6465306989685519,248.660000000516,510.58732109778117,990.160725003576,843.7996395401725,102.97381952257672,1779.8241417623099,2647.47692245369,2515836.6769318935,2823019.9120592987,1020002.9993118243,0.013146485024755636,0.001401634213435818,9018950.963298561,113.35301697645001,0.047453331653334915,0.1862734925110848,0.19206698461809493,0.49234354707303496,False,0.0,True
13.384566497087578,1395.3716466923538,0.4694732863745483,6.684284516416883,3.201603472952064,1.5984990566632,0.9631312191304514,349.36058594361805,0.517332831564403,67.282553057463,0.49977614823448857,0.6194646558564982,27140.99999998988,19.828032632545085,0.17433821206370567,1.011688409171182,248.660000000516,471.99514005053874,1105.0628179610096,869.3598930701748,96.766622861654,1938.1401326974571,2676.127210927334,2431548.8864302207,2727324.049512119,1136816.6506784786,0.01534480846360695,0.0014680817609880005,9041899.91095217,90.5275587666712,0.04953000581215344,0.1944234877053222,0.18159562812645916,0.5170574567073364,False,0.0,True
16.211334997132926,1472.7620047447458,0.3185177268115442,9.963725764066375,2.686905883027998,1.0254651832207322,0.9344734164328401,360.3929482115963,1.3444046384193848,63.17089614418957,0.4799038785480224,0.3746969905826578,27140.99999999541,20.532857955653867,0.17070716606775047,0.7186462845432702,248.660000000516,530.0501336323596,1004.3225150667619,846.7290028052878,115.48853103738037,1744.5977077565133,2619.3535024146795,2717372.3586070077,3087421.304599555,1074695.8266612804,0.00873677235479192,0.0014328786666102746,9149517.410689374,97.57572952252498,0.06667474154518206,0.18473722914769786,0.20729988862869345,0.47122382236538024,False,0.0,True
10.991940846299633,1568.9870562532303,0.2251936398401227,10.878178073835311,3.2330379005766354,1.3613623583110817,0.9619786125849528,361.0158074522988,1.4401235193845632,63.17089614418957,0.47604156438673745,0.3685872336830603,27141.00000000005,22.159356333864626,0.18933519240969665,0.8549909222751896,248.660000000516,496.78512649872124,1101.9753332274868,904.7112833636724,88.2520535796885,1850.532202451478,2578.617346258411,2555680.4448983218,2929345.0142462263,1085682.3803590387,0.008045223269817488,0.0019586028395744684,9235670.919311754,72.18937650831232,0.09053776944057754,0.1914840799778926,0.2045056781414414,0.48355816293659715,False,0.0,True
15.019643190886121,1566.6846234665452,0.43496534017928473,6.295266270846655,3.1678340178115567,1.015107501600697,0.8260615641147454,353.84731676401395,1.9982315967086133,63.50275699862066,0.4633707673007438,0.35672845801152553,27140.999999999993,20.424122726016396,0.1501602629216815,1.2917900290775692,248.660000000516,506.58649737807787,1119.87005563457,832.0788173185763,71.46932466885951,1874.704750134298,2588.2729698082544,2224446.495172755,2464856.1676288517,846103.6263149353,0.008081852703463909,0.0016001143754269024,9207611.678975916,144.2715879374522,0.0849886277952748,0.1641627789733742,0.24181762350769534,0.40436133855261386,False,0.0,True
13.384566497087578,1395.3716466923538,0.4685364646796461,6.776737118732615,3.201603472952064,1.0005050464357126,0.9631312191304514,355.66446906614124,0.8323627126195152,67.282553057463,0.4542771244576903,0.3351883720434108,27140.999999999993,17.21620893898594,0.14635386030682737,2.003020851043367,248.660000000516,472.17735653743046,1066.8191743639582,708.8414849625835,84.8200472783785,1869.836252763196,2621.594641589035,2208171.0639101453,2431885.9926111368,747637.5272308891,0.008318734296865714,0.0007786133087644965,9116722.35970262,154.2854812941801,0.044386788609441556,0.14891599443131687,0.26465831858282896,0.3600707049381555,False,0.0,True
11.010971420354613,1502.1986693281074,0.37841901474978584,11.39306880730384,2.747439500659603,1.1525846046392951,0.6831298509709404,345.35340238934026,1.7685360344477399,72.8323158538596,0.4573607429907264,0.3408988523433454,27141.000000000255,19.39138001975474,0.17727572361766267,1.273910485769739,248.660000000516,488.9049911608096,954.4674527784512,742.154466916765,110.18704395224042,1753.7500650294114,2670.5272762821064,2320869.8343773023,2659066.483023784,899153.7413406824,0.008281726831020745,0.0009706089204300788,9201410.734803988,87.62045293494856,0.07118115486776097,0.1507642270357554,0.2607205478155026,0.36639077859017527,False,0.0,True
10.976442619966338,1567.2767035844577,0.3197058873150332,9.889469504887971,3.0665278809839345,1.042181378810683,0.9543740176752424,360.3876568574573,0.8303456109963213,63.17089614418957,0.44393011812131516,0.31975773295405424,27140.99999999362,19.822117942014287,0.16413142533771768,1.587788441515629,248.660000000516,478.8417258954101,1009.4478151472351,732.6347407359723,90.75986200948968,1833.3088931474024,2632.091824696907,2265839.507413743,2544733.687841858,781961.7694663284,0.0076919532038466345,0.0009865914262573118,9262998.290119845,111.14123999352776,0.082570929814128,0.1448049463454472,0.27947427296240845,0.34129634390690533,False,0.0,True
12.41248751639383,1502.1986693281074,0.4905661386143349,9.141989798783154,2.728825100770755,1.6388984635456616,0.6148213210023485,351.7525137816266,0.8037020438039403,72.8323158538596,0.4937401586777137,0.4836634189181507,27140.999999999993,21.150041243686736,0.18964718405886377,0.7231419177940994,248.660000000516,497.1061234440923,1026.4494896720514,881.0514240013545,104.63822577326785,1772.304258492705,2669.687919495601,2245988.604122227,2613126.2521538287,1139141.1276187343,0.011302805234434703,0.0018243036184228195,9129345.273508769,71.00669742767587,0.07884512438104921,0.18191573474365427,0.19901286834320706,0.4775586114287482,False,0.0,True
20.192583778109974,1421.9313893431154,0.4948758538318526,6.3413033258897125,3.0681757437223505,1.1888789849997217,0.8281734382160603,392.74474080627084,0.7177180339586796,54.158704233583514,0.4899808968143816,0.4674337677142741,27140.99999999989,19.981553774750402,0.17683438746458113,0.35015815074051615,248.660000000516,532.1142326602711,1243.2469165315347,1118.4203454234428,79.34750114842433,1780.4751947154189,2538.668334846257,2473808.7396085653,2850588.0592269767,1373089.719216426,0.009280404110337453,0.0034062157791956084,8994279.813480739,86.29092095785718,0.057042850197460825,0.2755802523089704,0.10763959456453374,0.719117902053585,False,0.0,True
12.342122264104216,1584.900012403887,0.3720679606847676,10.495726024118289,2.715747924456174,1.525076726891878,0.632801316715384,346.205555528986,3.6989692143849284,62.10832063638444,0.4882083727638861,0.4569926165603663,27140.99999998985,22.81591674617239,0.19523694412017456,0.5285508356150006,248.660000000516,508.6655671875393,1037.1576372423413,928.4934607380129,97.02861034490105,1791.7181553735695,2604.9200468971644,2315188.390704929,2725957.050998081,1161582.9534136313,0.010047993209516583,0.0023552433965436815,9188048.377767395,65.49922267787721,0.09882650447643976,0.18981582473127673,0.19576655848902477,0.492283447044379,False,0.0,True
10.269869901253637,1441.4904004565283,0.4952188289258329,8.308287406899279,3.683132384013361,1.5951707216794537,0.6594979445278392,356.5580261948554,0.6153411734891928,75.10927040084884,0.4844165975897285,0.453211254945174,27141.00000000021,19.32943553556381,0.17297666736342845,1.6034385085571352,248.660000000516,468.8324892860212,1168.8074884026867,837.4818491410634,83.83226848401462,1966.8268680626393,2636.9318916913594,2328780.2969766976,2613474.585990033,994907.7898353683,0.010935928408745646,0.0013646782617214187,9135430.910894796,93.64084794867713,0.060288075440585204,0.17706586065110208,0.21123889157377979,0.4559971507857225,False,0.0,True
16.227403697135532,1472.8992840883452,0.27638411011346237,9.963725764066375,2.7078294840612234,1.361513071816553,0.9186790013156286,346.51410403986984,1.3444046384193848,63.17089614418957,0.5065717281493323,0.6553057785078844,27140.99999999995,22.474880182074088,0.1815497753431209,0.46042578188097005,248.660000000516,541.3471351197727,1008.557023920208,915.3133865866831,148.41428095739653,1886.354656508041,2755.1190279082057,2844653.1299648862,3256096.2689028857,1348206.175676153,0.015911521167556935,0.0018741329669255211,9117507.083929101,80.83284021552922,0.07337693762439919,0.20096877599554977,0.17054884721757255,0.5409400885412732,False,0.0,True
21.71029574647314,1355.3741206189936,0.49636893662670617,6.100397935615482,2.3053366820699757,1.1840103069309154,0.7301486101158999,361.0491201935547,0.6027969257513182,51.06483807148285,0.5033522430864208,0.6348877132308383,27141.000000000182,19.024796672202427,0.1758222828823,0.3746377012916789,248.660000000516,556.2687457274707,1001.2823005215491,912.8638518360593,106.17916213473988,1728.465363680102,2672.2740192893216,2748853.3758421065,3110495.7548643663,1306484.0569044785,0.015533205546289347,0.001698281878508952,8982652.89192188,87.67620651894177,0.041950045800618146,0.213092490437737,0.1600089252863359,0.5711382521135474,False,0.0,True
16.492017474482832,1424.4487029739257,0.477921946364345,6.966684544129281,2.7170009734648923,1.5152155306720014,0.675777279625929,350.4478007509714,0.6167699474043343,62.429338145408934,0.5078697852597922,0.6991073543345415,27140.999999999905,20.690146816528415,0.18259081803450689,0.53181111435763,248.660000000516,529.1297088761945,1058.426771469137,937.1735613401212,111.7743916990699,1864.307316861573,2706.0397321554287,2524121.427851879,2880835.5401068274,1344089.4395126626,0.016941714904740227,0.0020327577992534955,9045640.12604793,78.83178847356133,0.06152105240309946,0.20807132666671632,0.1619747209961585,0.5622849588067395,False,0.0,True
13.465127005499351,1437.4671965805114,0.21892919309075118,10.612955637161122,3.458240682202039,1.6078449472580965,0.6426491311340481,322.5453460338157,3.7652665025637027,79.915771743063,0.5174310285373667,0.8653274411356892,27140.999999999935,22.509541454217246,0.18593766678772822,0.6738026640142407,248.660000000516,541.3915858939455,1140.9794694155855,983.768804462462,138.56087707093712,2101.1468042427546,2809.479225669436,3033903.6003706604,3445109.4229054814,1512750.9688906455,0.02133600862891399,0.002149843450949694,9103458.22809652,75.12822872876362,0.0678008399565557,0.2236129507457055,0.1402477326949722,0.6145565072632048,False,0.0,True
22.011160619476392,1512.0297575417144,0.2216541336969503,6.323102494251065,2.9780352136913275,1.2218061355464207,0.9836518120535747,362.1876538312027,0.502787594912749,74.25785491337437,0.5147509666447182,0.8325941687206105,27141.00000000014,24.297485336685984,0.1770719898035225,0.1615852109774649,248.660000000516,597.8874309687394,1166.84117343231,1142.4247000655012,102.20452535082268,1873.4986765555514,2675.776526602622,3158309.7146889903,3542603.6261252733,1617837.3700576043,0.018329266269428754,0.00426817206381745,9123699.82925607,87.18068210721802,0.08867696308313802,0.2578644969031314,0.1077679217970561,0.7052561089080452,False,0.0,True
19.496251312186235,1401.7373613922268,0.22567547194984333,9.672294054207455,3.121451814452497,1.1607296782673306,0.8689735955741731,370.638658096769,0.6696361489711027,50.7299782384655,0.5146428140007391,0.7926997493059547,27141.000000002146,21.823330095102424,0.1737573998277075,0.4405077307066207,248.660000000516,585.0483451416085,1134.326909523349,1016.3991480913805,131.27394841867553,1964.7862470141802,2708.732638042155,3334241.13021073,3765838.979845216,1510071.4058590871,0.01929340387786326,0.002221260018051357,9077477.196143687,91.79818962938388,0.056437495182943866,0.24157510697021373,0.1240671886047029,0.6606869880585718,False,0.0,True
13.465127005499351,1430.535769641719,0.21892919309075118,8.539543981242982,3.458240682202039,1.6078449472580965,0.6426491311340481,322.5453460338157,4.081138492552402,79.83937102708883,0.5176706068605443,0.9327979483223179,27141.000000012347,22.40636905897244,0.19287374682042352,0.584366898932414,248.660000000516,541.3915858939455,1177.85663789016,1026.3701906615754,105.64745942556154,2081.455257267683,2753.8740428772526,3012983.230382204,3408235.2541063526,1535344.2848264608,0.022908718880005036,0.0024083502354225114,9099819.329252612,67.28407633037014,0.06592130594071788,0.23727695304455845,0.12640902116780625,0.6524226114532724,False,0.0,True
13.465127005499351,1430.535769641719,0.16892798008223092,8.415750919505369,3.458240682202039,1.579145274914076,0.6426491311340481,322.35994276316285,4.329678062448594,79.83937102708883,0.5178205683697449,0.9772459665473618,27140.99999998774,22.665009069126146,0.19700790244376212,0.5186061850957604,248.660000000516,548.9425754229724,1185.211966995509,1047.826969696595,101.31895083936385,2087.1438099897864,2752.567243098587,3098146.1428383035,3505148.3086129175,1584909.173849902,0.024008261918715298,0.002515170859334667,9103198.415183026,63.159974285305026,0.06649566977918762,0.24484628901513253,0.11882327229592028,0.673265829926611,False,0.0,True
13.945389787481375,1259.7514045167757,0.49634047008880244,6.241726053092096,3.1696746430055485,1.6089203261960963,0.6282035740765397,353.84731676401395,0.5109886015421515,59.90778674014143,0.5129789209646447,0.7901176117119029,27140.99999997815,17.75251700124332,0.19568570588130893,0.8021897059801638,248.660000000516,510.0438561620166,1147.2036308267236,934.1905477988283,87.75173482467878,1953.8380750294468,2682.8596450657865,2771285.198770579,3131009.7340790485,1456110.286076943,0.02010346847547054,0.0013411136239849524,8935443.44962083,63.26123672704445,0.016520500183380603,0.2386408367992712,0.12755494668946885,0.6516755450479103,False,0.0,True
20.405400754885072,1374.0337398576432,0.10601564785035819,7.830058498692321,3.49301040296481,0.9586750320327146,0.18162572783830597,368.6896391607319,3.318697659366851,21.169593832057153,0.5194049334102537,1.2511634236334754,27141.000000003674,21.87663636589495,0.1720116053392259,0.43401148761513825,248.660000000516,644.6429283774388,1222.7084557022781,1093.5433045957834,137.22949252271107,2339.7860695007,2914.8285382839017,3952162.8101558015,4361528.376919103,1719217.2303950796,0.0316431907520032,0.002314635728837556,9068542.933473509,94.52858201609793,0.05157961668960862,0.2709225969682785,0.09136708097000863,0.7478065577524619,False,0.0,True
16.492017474482832,1424.4487029739257,0.47678635078028153,6.966684544129281,2.7170009734648923,1.5152155306720014,0.5822072644284427,349.3046453145985,0.6167699474043343,62.429338145408934,0.5085797869202081,0.7466753729820764,27141.00000000008,20.72317668542047,0.18623710766828117,0.49092537526252733,248.660000000516,540.9677006613397,1066.3029985302776,954.7868824293288,113.10591531000057,1887.0747421257424,2721.967779962802,2561081.785095427,2930748.471701106,1422731.3460595803,0.018112457636190522,0.0021530586619160734,9047347.61288214,74.30559207139974,0.06284539001020767,0.21345223339495425,0.15610138057503692,0.5775947665669079,False,0.0,True
14.385357856265998,1403.099467488443,0.4385444822135921,6.241726053092096,3.1678340178115567,1.6089203261960963,0.6282035740765397,353.84731676401395,0.5109886015421515,63.95580315322668,0.509837220924115,0.7749969094557684,27141.000000011314,20.5856507577609,0.1909067514708778,0.6284848284978723,248.660000000516,521.503280508874,1157.3778333780647,990.3710941121327,87.61962079554536,1945.138169185037,2680.152772512489,2613531.5249001468,2962789.168495149,1434073.2813803102,0.018820045942273513,0.002214145177274265,9045327.350936422,68.96985337502963,0.056202219066916415,0.22929981552424542,0.13942616953931844,0.6218705076744644,False,0.0,True
18.73847604316043,1474.1455138410809,0.22495606673997026,9.833294236340322,3.172154354151096,1.0134401992529822,0.8760185163987275,370.6517311977367,0.6354645930168198,70.13180937936662,0.4963051010601027,0.5724835347308554,27140.99999999995,21.973207229997122,0.1690367492207841,0.536716841532949,248.660000000516,578.4713003351582,1144.0362440478168,999.0249966202593,129.2867038836556,1873.3990463148975,2647.3105570419434,3156353.860098202,3561724.387649052,1365849.5674674055,0.013110195311537079,0.002427580304593039,9142339.734481715,100.41829343088544,0.0717806079367673,0.2286277701882766,0.1506555320620055,0.6027889148608218,False,0.0,True
12.363338947946637,1538.2127434258348,0.3720679606847676,10.23741401028155,2.93492080906283,1.5855718597063424,0.5841103254817529,346.205555528986,0.8803877418656065,66.93000843675703,0.4963062028452047,0.630212409808509,27141.00000000005,22.395652793865203,0.1852461670207331,0.743788791129365,248.660000000516,512.8204850882385,1032.5093082013943,890.3373608892003,135.49916950424293,1946.6777422035686,2765.6917654873087,2476038.606253185,2850173.9934032317,1243656.3358505657,0.015196251930981739,0.001908343083631034,9163933.450499445,76.47739944008363,0.0892560795467978,0.18304483903320903,0.19620181544884874,0.48265380029046223,False,0.0,True
10.991940846299633,1587.5295317867774,0.1430811779163928,10.878178073835311,3.2370583566986917,1.3613623583110817,0.9621728509250083,361.0158074522988,1.4401235193845632,63.17089614418957,0.4775045440169105,0.4402938210348139,27140.999999990272,22.896646510653962,0.19894016911874557,0.6799740045605931,248.660000000516,513.4995284621757,1115.639014278664,954.2523083858048,87.5611648248116,1867.6803495359432,2590.4596199380876,2697829.036522282,3103991.6854491523,1202590.5441794405,0.009567530001172681,0.00238248459552892,9250078.328289453,62.3270883214605,0.09731743081181059,0.20516400014097438,0.18986055856282208,0.5193702407115748,False,0.0,True
12.669516505176198,1535.5710014281244,0.44500051349377795,7.06155410228333,2.9351777446207814,1.246838271599231,0.4328736580744251,368.347430750896,0.5016595242000679,67.282553057463,0.47565046403508604,0.4204228168868498,27141.000000000124,20.502646535656204,0.18405920827405822,0.8555134516441455,248.660000000516,522.7515995144115,1102.7087170045843,904.7767103202245,65.52493660563357,1783.0792706332734,2604.3288825535024,2326004.377510201,2646989.4238364026,1057977.5342225381,0.009387354287074967,0.0020233413860510758,9201116.288476076,78.28287151197237,0.08413096270924947,0.18718391780684857,0.20848195018023033,0.4730858356803255,False,0.0,True
12.18370152267486,1460.7276024306461,0.417012642692137,7.041639687837599,2.6321805238864115,1.2524177139013632,0.6329455022016398,363.73012271720995,0.8105809093454989,60.015430726833344,0.47493526766426863,0.3748384830679809,27141.00000000814,19.528227283575372,0.1951871642484133,0.7533407537165686,248.660000000516,501.4397419058882,1025.7133260578462,855.7816861029619,64.38527109782835,1709.133382142573,2591.7610492344033,2375463.468007878,2715865.6872602003,1018246.1900291145,0.008698978789245216,0.001474512479705905,9154734.084229538,65.31167881642651,0.06428124525827271,0.18607500814822514,0.21002384284284623,0.46976911870016896,False,0.0,True
13.383199088273756,1590.549816605855,0.25999229297462684,10.275991098233781,2.509278597136271,1.041781683483064,0.9543835744983098,368.3424958003897,0.5001366880635525,67.29414773186637,0.4613536368486604,0.3643321582134242,27140.999999999978,21.6745290813304,0.18641240293406466,0.6208296768994837,248.660000000516,516.1269053080891,962.5420237380868,837.3721916385506,99.57859062707041,1673.7044990853165,2632.4268090221212,2530775.166201379,2916050.544326641,1012860.938407959,0.008326733077111972,0.0015616060289585644,9236272.1740234,75.64342504205977,0.09202066899408175,0.17372542248323689,0.23456154288472278,0.4254983313676709,False,0.0,True
12.394549122209344,1348.2497992472897,0.49155930414157456,8.361287922659743,3.2634054357468045,1.0015016801860492,0.7431274922896111,356.5580261948554,0.6215977696163907,75.10927040084884,0.45261276844281173,0.34005106794895273,27140.99999999883,16.126825964705837,0.14886928544720898,2.3512410858360306,248.660000000516,483.20702483188904,1054.7626853796185,687.3641030759261,98.4242436577077,1881.478398796183,2650.3366271127056,2249186.651471255,2489743.6541726855,767977.1201479291,0.00855701499156247,0.0006723110436396589,9114094.782924602,146.55380758055804,0.03440979239262918,0.14467004827557362,0.2704426095372635,0.3485079183993502,False,0.0,True
11.704895524414981,1459.9559948825374,0.32241982538332636,9.980623160064294,3.2244104082838434,1.035018505668701,0.9602589672226219,365.8943589337829,0.5127101145349219,67.51667883079539,0.45542622717007414,0.3460335101153658,27141.00000000008,18.731935182849945,0.16399917269668912,1.5994304925259706,248.660000000516,485.6717026693304,1051.8356282678496,750.0983863591309,92.1934698345293,1855.0934001693488,2632.915953966944,2454337.506299164,2746488.3996772747,849337.6273768106,0.008459628417931239,0.000932067080109933,9203247.111652302,110.6916824273719,0.05997831810349207,0.15995306827959455,0.2533616960358779,0.3870006157280811,False,0.0,True
19.81021364626425,1423.3244077775844,0.41097055670583127,9.693687838655887,3.465682037583673,0.9988670394341382,0.8108042542259677,370.66215557928757,0.5644133039115665,66.75771800427268,0.49360087180734924,0.4859456032158376,27141.00000000005,19.693377145588286,0.13999722653791635,1.2276001766697098,248.660000000516,549.4194169318305,1164.0502926969461,876.3776064542021,136.275626587682,1949.7574098357334,2657.05390905278,2765361.1952034445,3071752.526737121,1062794.5201069992,0.011607431901877399,0.0015816177150036726,9100223.590804005,175.95136640335457,0.05621878221024044,0.19129792045628097,0.18952426919811682,0.5023287131190723,False,0.0,True
20.192583778109974,1421.9313893431154,0.4948758538318526,6.284414152918191,3.0681757437223505,1.1888789849997217,0.8281734382160603,392.74474080627084,0.7177180339586796,54.158704233583514,0.4899286527916262,0.4683412571625937,27140.999999999876,19.982252626547528,0.17705932904360994,0.34711381552854914,248.660000000516,532.1142326602711,1243.9982167150413,1120.1047121743904,78.39751786539956,1780.2743286332604,2538.3474328260736,2473096.792309926,2849236.0709719085,1375350.7560240137,0.009293272674689164,0.0034179773859607347,8994054.552531041,85.9603058137403,0.057043143792657125,0.2761938351872275,0.10706622780407925,0.7206434008061315,False,0.0,True
18.838085614968467,1348.9464444065748,0.4948758538318526,6.24296847756434,2.7431987052870648,1.188390392150203,0.7501724132979928,356.5580261948554,0.7561824728499275,50.510974436614376,0.49950677727964066,0.6443747570217394,27141.000000011038,18.493850109537757,0.16357482502991902,0.813802183151509,248.660000000516,534.2898718905177,1050.8131516226385,864.9925084533505,108.01821533105037,1867.890867951199,2689.0840244690853,2685925.5575209865,2991412.807811328,1160193.7206745185,0.01609306151244998,0.001395913767884162,9013336.013503555,109.25342116034471,0.038878596860620646,0.19740578458519437,0.17863861272380682,0.5249533991141561,False,0.0,True
16.12153830729094,1485.11055557084,0.15171174855963604,10.36228575825845,3.179419920892499,1.1376860848029515,0.785533788304094,361.0138887292488,1.1344577104564553,64.10630907820081,0.49939906591794603,0.6393469018967239,27141.000000000095,22.606757123710455,0.18112364820188287,0.5130506666358038,248.660000000516,575.9968211024734,1122.5366940491913,995.3485232641239,119.7803196171639,1927.0453265542471,2674.018386455661,3204508.5828140154,3631637.657672305,1431730.044879097,0.014976898821368042,0.002375615443011002,9161322.185994705,81.7959050448828,0.07677719388139827,0.22648958611650294,0.1507326361043557,0.6004142194568173,False,0.0,True
14.756502284625007,1381.9862745708115,0.23349957145222894,8.288874102340634,3.630677201333903,1.1607296782673306,0.9495380518377524,363.65943579653396,0.9820508379988186,56.06010663769344,0.5006463571710575,0.6912048912491355,27141.000000011314,20.073707602597548,0.1703688351195877,0.9918806056064015,248.660000000516,536.0337274035136,1190.946862785051,930.0802964165141,94.95646416320926,2050.4577593501795,2673.388604849256,3100347.902370397,3433764.848708271,1226773.9221846377,0.017179707125963874,0.0015802848274367343,9131233.100741813,97.96204543215636,0.04713944218295625,0.22007643146229333,0.15605231313055096,0.5851093133031455,False,0.0,True
16.64422929141535,1494.4399040349047,0.18570122315277515,8.524830314949565,2.716419278949657,1.2220447225086313,0.987015204830193,349.8523031280236,0.502787594912749,74.25785491337437,0.5014382628239719,0.7256585193617435,27140.999999999993,22.984925329821,0.1878747401324445,0.34864338354052904,248.660000000516,564.2447812607242,1027.3973384082028,956.1121532144189,134.69985543486908,1909.0529176899502,2771.616391161151,3055595.940677904,3463453.6012246106,1449445.1289622337,0.01753260348658794,0.0021624943874091343,9151434.16127646,73.21209892550515,0.07933688163737024,0.21367389045372895,0.161944689178512,0.568858682823762,False,0.0,True
21.10009654242449,1328.7334999256116,0.43339209221038627,6.337580807531167,2.595974311448499,1.0351768205170413,0.302761016335556,356.7533901844515,0.5217834753564545,77.61360490174857,0.5056418987082656,0.7370783660068762,27140.99999999992,18.622729514632223,0.18394134734766918,0.38774384560784453,248.660000000516,620.8500057927489,1083.5219851791223,982.9005570678594,106.59685206221114,1819.2106535576777,2710.560023826773,3264817.354616819,3667352.383003245,1614202.6599809686,0.01816130014160463,0.0018437437901879389,9014540.140737234,76.84300924646261,0.03728230528923501,0.24256146856351207,0.1291042095724674,0.6526334898073836,False,0.0,True
14.710585153604713,1383.9847414653473,0.14958004765610752,10.9990222983129,3.5497539699387812,1.3066591517562578,0.7998219094784991,363.5187499341367,1.1432930931621392,41.20366082009777,0.5151367461013442,0.9013327845495306,27141.00000000005,21.418274019026565,0.17941750714532947,0.7601378619686486,248.660000000516,561.0662921764945,1151.2243549111931,964.2904108928144,132.6724282597635,2160.5962735712837,2771.4463673405257,3362524.3915321305,3777228.9596067024,1454464.4418733083,0.022725269773025556,0.001737803332433298,9110321.910802368,83.68317420702449,0.05146918577984991,0.22889670736345308,0.1367946378065792,0.625928697484008,False,0.0,True
14.921983742669289,1383.9847414653473,0.14958004765610752,11.9137303518406,3.5497539699387812,1.2669660821159525,0.7998219094784991,363.5206954386448,1.1432930931621392,41.99646335214979,0.5133465008633427,0.8684808691245589,27141.000000000036,21.330959833345975,0.1764486062343374,0.7994054117307701,248.660000000516,563.357948794332,1139.019781100333,948.5509502229735,142.73972312757624,2160.0814688241894,2774.3653168402275,3377635.838294687,3801416.5691719134,1447814.2773269513,0.021917906333416694,0.0016535329354929922,9110021.650434108,87.97587385983678,0.05117310423510944,0.22477706237528658,0.14217045632144185,0.6125591560711938,False,0.0,True
13.465127005499351,1430.535769641719,0.16984225851478768,7.995375491401653,3.458240682202039,1.580455033401129,0.6090512623401807,322.3742615510851,4.34976240872877,79.83937102708883,0.5177470636085605,0.9977583176746245,27141.000000000022,22.684203759656793,0.1989723287319076,0.49255851395394373,248.660000000516,550.0178861844156,1194.4765709292612,1061.273190002727,95.91996738073173,2083.9469171993624,2743.811485587066,3089139.996355471,3494321.830702683,1604246.229835351,0.024470913358224454,0.0026092451417825528,9099909.436490977,61.28552326231207,0.06665197087877804,0.24891737408356618,0.11477647087393793,0.6844145908288631,False,0.0,True
22.011160619476392,1565.7240633778613,0.2216541336969503,6.323102494251065,2.9765470100388267,1.2148097345919033,0.9832916773126884,363.801553398989,0.5227445167192115,73.71243656548951,0.5112032215935943,0.8257468435122953,27141.000000000022,25.05014913470454,0.17543204987289632,0.14808501325536383,248.660000000516,597.912787861533,1170.7372294112736,1157.6589874046208,98.55009950932809,1861.6366313668377,2664.7274573531754,3065959.1486271387,3443934.368253191,1580286.8678505933,0.017315097216562107,0.005096497863205122,9156994.331231074,89.97565320311006,0.10252484840739329,0.2532320288011448,0.11501748307143043,0.6876642619658658,False,0.0,True
14.820495999605633,1383.9847414653473,0.3133547905428578,10.899478448108304,3.365971195186582,1.3066591517562578,0.7881387644613984,360.3787399621267,1.3508768541878438,37.90177093825011,0.5079290962174015,0.7675608496047259,27141.000000000007,20.22172791468029,0.16478749910725574,1.0732750658268804,248.660000000516,530.580759885223,1087.104853329632,864.8536694633411,148.54057305986052,2127.6940056937415,2774.2060473518422,2979247.1144292555,3335423.5693154763,1203972.6781907259,0.019498759201811024,0.0013336098173108515,9100864.486057555,107.89684268544178,0.04879407818417805,0.19465379648897388,0.175822357091358,0.5254151842374014,False,0.0,True
22.011160619476392,1565.7240633778613,0.226089294099872,6.355120872995112,2.722795353156368,1.2148097345919033,0.9832916773126884,363.801553398989,0.5227445167192115,73.71236757272175,0.5089056482827752,0.7826291163585952,27141.000000000007,25.045350607274475,0.18268770660430872,0.055615415269104664,248.660000000516,596.500581926937,1124.7301588937432,1147.219504659427,96.57985164126704,1789.4667336734126,2657.856994538844,3018582.6009130455,3419156.8163871006,1597157.7488686075,0.01629558992980909,0.004945746917279548,9147734.585687743,79.59475692274334,0.10229891552924161,0.2519818263184226,0.11786329056314207,0.6813171644472857,False,0.0,True
12.36385258694077,1502.1986693281074,0.3720679606847676,10.495726024118289,2.728674724894612,1.5855718597063424,0.638355320741173,346.205555528986,0.8037020438039403,72.8323158538596,0.4961431723961682,0.5870312542366202,27141.00000000008,21.901638481390872,0.19319218857543072,0.6283213877261643,248.660000000516,508.4569758369848,1000.1098349901953,880.1865228926675,134.4026775604019,1863.5491787199596,2753.8376000423095,2468115.5427179546,2871590.5824051197,1262281.7448695325,0.014195786327021422,0.001736828944214732,9134186.072937349,67.20476148268791,0.0797513069410872,0.18618094756879122,0.19307410436442904,0.4909122412997525,False,0.0,True
12.36385258694077,1538.2127434258348,0.3720679606847676,10.23741401028155,2.93492080906283,1.5855718597063424,0.5841103254817529,346.205555528986,0.8037020438039403,72.8323158538596,0.49617408432463084,0.6078514370182755,27140.999999999964,22.39841117506013,0.185885766304684,0.7315910319137894,248.660000000516,512.826248375502,1036.0963353805205,894.5643322914528,133.54349084682624,1921.0458397626826,2757.4080539354454,2472122.4272525427,2848568.6684017465,1246348.6852429658,0.014558420991800455,0.0019392748603125408,9163134.184154829,75.68407630777811,0.08925839646871574,0.18431252183221414,0.19503000423936132,0.4858736080579521,False,0.0,True
22.73640227775688,1420.8756688126361,0.44541623467329106,6.3319716058860696,3.154939487395244,0.9663967389328288,0.9051448236136432,356.6301752756495,0.7898269705945054,64.24463897209002,0.49399781725717334,0.5833045308544119,27140.999999999993,19.615954234137334,0.13619125107647478,1.0568939069861054,248.660000000516,547.5769953550428,1119.497034117543,871.3031596015535,125.37499606687211,1940.3263397577052,2685.0859256190984,2751943.7006969703,3008915.520198275,1044662.7565284646,0.014224835626104368,0.0016066326458152216,9071761.21380836,190.52100289155143,0.055471737234544655,0.18930664156295515,0.1909972287318643,0.4977773205836709,False,0.0,True
10.991940846299633,1567.4143206467631,0.23499078145907454,10.150087585013514,3.0874514820169052,1.3627283103364656,0.9543740176752424,360.70122402864916,0.8303456109963213,63.17089614418957,0.4764790809110826,0.44752229307249286,27140.999999999964,22.06888644789664,0.18840744894912353,0.8774918661773377,248.660000000516,495.18735152995436,1056.6529334434542,870.5142670585799,89.87694646568539,1848.5142585223537,2639.7525077181,2541139.4419274465,2897659.4471925106,1050900.4868162451,0.01043018990070465,0.001716012655575863,9240117.013436351,73.29631489262574,0.08996455846946182,0.1813784124295679,0.2142637348072089,0.45844057236151786,False,0.0,True
20.25068880342383,1395.3716466923538,0.4685364646796461,6.332080669225095,2.6472975204193343,0.9044130723215399,0.9017477268899716,355.3857638366438,0.83823728971577,67.36972313683407,0.4752107803691853,0.4421560452260727,27141.000000000095,18.26497637726593,0.14939799869939857,0.9635460024810362,248.660000000516,527.6315062479748,1011.2893904956852,807.4280564179264,106.39156101908372,1763.541500486675,2646.035306728908,2654758.0152874137,2927953.3524276996,961204.4984726682,0.010798926075601725,0.0012016311478791576,9061608.910640663,144.16832478631972,0.047885951593899294,0.17806695892975807,0.2171184597978261,0.4505909137616896,False,0.0,True
12.294919459067504,1553.213490648384,0.32281089988815986,10.36228575825845,3.2244104082838434,1.2479517247053087,0.9602589672226219,365.8943589337829,0.5127101145349219,67.29690527077032,0.47450907687871446,0.389157609877058,27141.00000000011,21.35080229372583,0.16654991248492293,1.1809949542696696,248.660000000516,491.58679731895563,1071.9629036008241,829.5952363981137,98.98558163298198,1857.9547561647948,2637.8807545046743,2436324.001292314,2749369.7828161195,936295.0542563964,0.009083643042668028,0.0014784836470052467,9220431.301814696,105.88072023837447,0.08435741422023703,0.16830332143279988,0.22862481773302823,0.42401458809773707,False,0.0,True
12.190386468620261,1568.9870562532303,0.29381747447747336,9.574941427407687,3.8259037083450074,1.1002014729470413,0.8047818444170138,373.126112937588,0.9068871161088511,63.17089614418957,0.4644539550376654,0.3877774747657666,27141.00000000005,21.001495457995574,0.1628027090931507,1.3515566225491638,248.660000000516,506.14376628215626,1234.9611155119978,897.978046573007,83.56441374348184,1987.699065394518,2580.224602879174,2474353.583674628,2773460.5507062944,974287.0710858474,0.008585582032163629,0.0019390864104540623,9243850.628423419,113.64933889284492,0.08709701616831829,0.18815533804961448,0.2174326475862949,0.4639075729884141,False,0.0,True
12.294919459067504,1553.213490648384,0.32281089988815986,10.36228575825845,3.226579509212798,1.2401350649285834,0.9602589672226219,365.8943589337829,0.5127101145349219,67.29690527077032,0.4739060775180145,0.38780658642938515,27141.000000009277,21.31227057045724,0.1661679387102267,1.1933882877785826,248.660000000516,491.58679731895563,1071.503278658176,827.319333784881,99.03591458287426,1858.6703757281455,2638.0985930330685,2434578.3628866086,2746428.3277787976,932314.9718964212,0.009061101830760261,0.0014643567315232777,9221278.391989542,106.62236537659349,0.08423087761693071,0.16775413492706512,0.22967848887207978,0.42209452591854907,False,0.0,True
11.759583375466871,1408.084385293248,0.49469546029483136,6.7018734350247025,3.612976864390568,1.161296329172271,0.9269702387641088,366.2366881042329,0.5129164716402154,56.91576681639232,0.4582659802176382,0.3848430644119322,27140.999999999876,17.52950834671779,0.1495785880235178,2.1884387627954607,248.660000000516,457.6657727281076,1154.0668510527978,738.9217463894306,73.54740755795153,1976.6598395627743,2626.7346962763413,2156035.3018114334,2377646.1091054487,763415.9653770388,0.009553898322967115,0.0008911272882370914,9122063.576023214,144.60512451261198,0.04771139062799093,0.1556013477587687,0.2544611658012103,0.37945762563836305,False,0.0,True
13.575680019960195,1566.6846234665452,0.43496534017928473,6.410085556904932,3.4613778416517693,1.015107501600697,0.8260615641147454,353.50930022925473,4.31839363519521,63.50275699862066,0.45413634970269234,0.35392514851744733,27141.00000000133,19.983101846477886,0.15437696452648597,1.394730229429463,248.660000000516,494.1888191342541,1206.2582825282288,859.7572169172794,54.92707758753327,1963.7117499402593,2570.663270837172,2143710.0055202935,2389031.3180125197,843294.3172352188,0.007846247494155478,0.0017596349617570307,9210728.249983916,132.81445801788018,0.08360240034238985,0.1752721339813864,0.23893827425629605,0.42314758512975764,False,0.0,True
12.267853519077148,1502.1986693281074,0.4905661386143349,8.1070759454535,2.728825100770755,1.6399254717030058,0.6130183890343629,351.7525137816266,0.803411069769318,72.05260257630185,0.49282298969979116,0.49099401425245237,27140.9999999996,21.1127715343599,0.19393166923317307,0.6809195404285132,248.660000000516,495.79487248058916,1040.3827058482827,896.641888252513,90.61674340264517,1764.7438987903774,2649.514787420349,2222159.4686726704,2581225.7577964915,1147776.105904824,0.011396500534328134,0.001929568006497479,9130136.42343943,66.40945819112376,0.07868088419997214,0.18679951604640344,0.1948406087636285,0.48946508478212597,False,0.0,True
14.495085716423052,1345.0537663434832,0.4896766457745208,6.315567388838893,2.7545383380100903,1.188390392150203,0.7892940941004811,360.3068603806893,0.7561824728499275,51.59630171546025,0.4820119022764354,0.47306769846086394,27140.99999999132,17.621647350191335,0.17279899565660511,1.0700445496900248,248.660000000516,497.02191454232235,1032.092741216063,802.638094496878,80.89262676761092,1802.9990504510072,2635.395457939693,2466450.4597800556,2758884.073529643,980980.4516494516,0.0117785377574642,0.001060992646458004,9052665.351149216,93.0789983885615,0.0357560053928975,0.18181980246193793,0.20794529136894666,0.46648559693964753,False,0.0,True
10.974105040512427,1462.495287078137,0.22903931051665605,9.624012716923964,3.5436523156059025,1.3359629032593618,0.9618194020305353,361.0138887292488,1.4560915417063107,57.6575742848173,0.48274144580214645,0.48373615828765104,27140.999999999905,20.56187948867234,0.18494687230463347,1.0925317506740415,248.660000000516,495.8155728496962,1152.856142340218,890.6731362071374,76.62208932131027,1973.0058177876742,2610.413350255634,2736087.8432246074,3080457.587978171,1096974.166749475,0.011560248037044982,0.0015688350350401086,9194672.590165675,77.10706499931905,0.06527770913486482,0.19984007501083703,0.19052648606214864,0.5119292863137258,False,0.0,True
11.506400663994231,1356.4348730141064,0.47174903558293496,6.283008777692849,3.6275960666250935,1.066828931621999,0.8334651968552083,377.65568746324027,0.8160204678143737,50.59397554600923,0.4520379580707344,0.3549106220187347,27140.99999999282,16.468954540838116,0.16428852883180764,1.8739170719294418,248.660000000516,468.3610791300909,1222.177053603878,788.4710696847212,50.54631592585607,1954.3383828225885,2578.9517329966343,2242905.731471013,2495204.094014501,849110.7305945749,0.00865661453768762,0.000976014654520311,9105855.067721892,108.94263834574264,0.03604223092732475,0.18385181670369208,0.2317956306849091,0.44232634618300337,False,0.0,True
18.40139333956064,1439.9470406358564,0.2923934385500579,6.441453266750023,3.347127026350094,1.1695673169965093,0.14251833776584466,350.16660793658673,2.998507056892462,39.74094766393101,0.5155300396005568,1.1404728400532633,27140.999999999978,21.784573249180156,0.17493265201466285,0.5261498802707928,248.660000000516,619.8348114474492,1205.7958287773463,1066.0741842325178,114.5930026164869,2210.0988877308077,2823.2187993154726,3295624.5499316226,3653272.6567046503,1617731.8742569275,0.02808919025250105,0.002864383099384548,9115157.778321348,90.3338305944005,0.07078319311220178,0.24492000467536015,0.12007318060011535,0.671026239820091,False,0.0,True
14.781195568535239,1383.9847414653473,0.14900726811092516,10.904554473136548,3.365971195186582,1.3066591517562578,0.7881387644613984,360.99434872771513,1.1592298262839054,37.90177093825011,0.5147430908978178,0.9132453521126449,27141.00000000005,21.459754709698245,0.18188021024371345,0.7034321935890052,248.660000000516,562.3426601237802,1109.8209843080613,946.0121409370169,145.62970092654595,2163.8871729841,2806.001639824894,3358796.2814835683,3779740.9692468694,1468067.5194900748,0.02314206417481149,0.0016443279268778543,9106542.191137575,80.2963932885194,0.051588645857037506,0.22385700326005822,0.14209039423425235,0.6117190743610591,False,0.0,True
16.078631641087867,1507.7066507366249,0.2948527358917587,8.915590651880166,2.5393513694889194,0.9797235527417508,0.9874545263598328,361.6056360073021,0.515664981412999,72.13860682296799,0.47397396865250985,0.43462932198108617,27141.000000000007,20.86370280347909,0.1728730396087746,0.664324074350171,248.660000000516,530.4252428420875,968.1864044818741,831.1766782873848,111.18947842521007,1723.054239712108,2669.286140688892,2717595.419793653,3069789.6494497536,1039840.7726258133,0.010394176721817071,0.0014020977060715918,9183599.413937105,94.30397606202955,0.07432771895347819,0.17756253550881618,0.21954095863969073,0.44714422845751184,False,0.0,True
12.308415443196894,1437.0038929118864,0.3221703441114132,10.623113560411714,3.467886139201865,1.6078449472580965,0.615119748647429,325.1171466224855,3.7652665025637027,67.63348356613645,0.5083808443478744,0.830066895035287,27141.00000000008,21.345733351225725,0.17807901411092994,1.0018933682884417,248.660000000516,515.8154656170967,1103.5420110736216,898.2566728169695,147.7259476446732,2177.7811707910937,2841.4987465768595,2810622.2047146377,3173120.452243031,1328824.6763316244,0.02088647568406785,0.0016423699140849417,9114475.483700207,85.62337258976929,0.06448133396679628,0.19725109698127521,0.17296958432260198,0.5327932958433823,False,0.0,True
13.468736394487717,1545.367470166879,0.3185177268115442,9.963725764066375,2.722416015801421,1.0254651832207322,0.9329395926737505,360.3929482115963,0.5618795632263247,67.51392129189145,0.4619251344062625,0.3897888059436227,27140.999999997184,20.568490006078804,0.16697060215815127,1.0648177921332862,248.660000000516,505.8436184986504,964.5658423848513,770.1011073877146,113.05986587038417,1776.9950946784793,2674.9360419855925,2453563.036509573,2771853.5515412125,902275.0676350123,0.009434772594779945,0.0011444853873348215,9222530.046070937,105.10634051271023,0.08053998194882486,0.15554038368284678,0.2520543544853778,0.38160547504087594,False,0.0,True
14.781195568535239,1383.9847414653473,0.14958004765610752,10.953575271281448,2.983270541021879,1.3066591517562578,0.7881387644613984,363.5187499341367,1.1679942913493386,38.572669117884125,0.5107695161049305,0.8625491047344921,27140.999999987856,21.509974103484065,0.19546688717363264,0.4703733089114032,248.660000000516,562.2242759004725,1064.6202156265729,954.3269967732967,128.3131811878966,2022.362943825041,2756.832517459833,3294989.012006675,3766922.9499464147,1517243.2373066973,0.02172636540009889,0.0016840798514894848,9089122.767084498,64.56560961300686,0.051597058610960166,0.22934019841739792,0.13934727023250995,0.6220450053732935,False,0.0,True
12.863301850040399,1328.7334999256116,0.4948758538318526,4.996158317706854,2.6779127499906896,1.0351768205170413,0.40393169253102973,356.5580261948554,0.5217925149625495,78.49058659660164,0.46466599708476874,0.419462916711528,27141.000000000065,16.268902172275226,0.1932211116132733,1.0143534218718728,248.660000000516,524.2323477030185,1060.8868825074132,825.7748210704098,54.24957080833072,1720.0476805152982,2596.0521582015867,2472495.953569554,2779419.5790750664,1080271.4504113998,0.010294906029605977,0.0010897369928616323,9095245.527448183,66.88821022868703,0.03198047795915769,0.19587823106460792,0.20858445917801868,0.4842924595766934,False,0.0,True
18.838085614968467,1348.9464444065748,0.4952188289258329,6.406373802314834,2.7431987052870648,1.5951707216794537,0.7501724132979928,356.5580261948554,0.7561824728499275,73.7498445792976,0.5168391597287483,0.5921993918202465,27140.999999999833,20.021081815908147,0.18912296635540815,0.33493080641076284,248.660000000516,534.2288770083039,1115.1171944651508,1021.9146582781689,93.80251601901423,1748.5039820524644,2619.814747712497,2600194.275974423,2995285.9483077014,1526169.2004297087,0.013807537741532382,0.0022653459518608273,8942109.252560388,70.13035468715435,0.04254946985997954,0.24873310961368503,0.11465158922295637,0.6844897718863565,False,0.0,True
18.838085614968467,1348.9464444065748,0.44541623467329106,6.406373802314834,2.7430483294109225,1.5951820137810861,0.7556518824467013,356.5580261948554,0.7898269705945054,76.37732890766294,0.5193888425407505,0.6131696503984382,27140.999999973974,20.551235010572192,0.19579121223517898,0.2332823095237957,248.660000000516,542.5469834666887,1126.073901144198,1061.245911667289,90.9237380278337,1741.7564217466474,2616.4439138957046,2680279.4127852255,3099371.4158342686,1626174.1723052133,0.014239300356732942,0.002402737124715112,8944277.93069205,63.221468129634026,0.04326101298761501,0.26259650702422754,0.09905939273658092,0.7260949073356837,False,0.0,True
16.211334997132926,1438.2422424852743,0.3189055921905022,9.931289820083165,2.686905883027998,1.0254651832207322,0.9578172870181424,360.3929482115963,3.216577293353593,64.21538095494347,0.4772555832421863,0.2719079583805272,27141.000000000255,20.118311441566973,0.186033532454062,0.4728813237090541,248.660000000516,528.0000875850042,1060.2691077920335,931.1342833379493,114.76345635585137,1720.060520601921,2579.7872348848528,2751214.3341732933,3182236.4095719596,1201774.6363745844,0.005554624041679385,0.0018252298567265738,9101320.346568486,74.99452864460596,0.058460749866565416,0.21979391196814296,0.1741952677601116,0.5578678889601513,False,0.0,True
18.16014066806283,1396.8728346524078,0.441369881816529,7.344086660726244,2.595974311448499,1.5919684717498908,0.7553437932113192,356.5580261948554,0.7838207965922018,78.77101324790942,0.5157499882437129,0.5573716592537071,27140.999999987696,21.21884023970518,0.1949415269974232,0.2249872358314516,248.660000000516,538.3243641750539,1081.8753656126391,1028.7493283632286,100.16778939402946,1696.6222405297997,2628.0918991010344,2565188.814000329,2995446.085774794,1518266.6495127538,0.012586140324907642,0.0025414838788903665,8991332.33715358,64.38872662424943,0.0561319904661555,0.24268201434917955,0.12160683098795283,0.6661801958953442,False,0.0,True
25.132291714620003,1204.9219131754144,0.43810698179334956,6.7597505635286925,2.9051258593862217,1.2652514130239496,0.8972476052684075,368.347430750896,0.5163427512842341,67.86744787907156,0.5274222179084238,0.6603238486755237,27141.000000000036,17.889785534938618,0.16933819702138062,0.4061732677393913,248.660000000516,564.1244971534783,1143.5236026744144,1009.2536561507877,115.00160248938384,1811.1948812925993,2639.8758788545024,3369759.3232375355,3774365.679953673,1594370.423378748,0.01661676008860879,0.0013050894882936238,8820929.530544601,96.37145926744334,0.0011434336721306466,0.2782846411208981,0.07767415530695881,0.7817889146540554,False,0.0,True
18.838085614968467,1299.461620122919,0.49650431625550656,6.95718973762269,2.2993867513634423,1.2969263937099642,0.8746270818676425,364.31474288479035,2.1942697117739387,54.399383495106704,0.5002325457379381,0.33829296744210346,27140.999999993022,18.19695677721597,0.19365618073577187,0.2972918531234339,248.660000000516,516.403597583028,1014.9660002851532,931.4338977538256,84.08977733955412,1608.596937252995,2538.56287479524,2592642.5086711487,3011092.4293135246,1267175.7655417053,0.007643251486734907,0.0015383579426088622,8924676.472372562,65.19244524829111,0.026053604980944226,0.2349265479327251,0.14037747269965417,0.6259633124550035,False,0.0,True
16.211334997132926,1438.2422424852743,0.4916849955578666,9.931289820083165,3.047659138485223,1.0254651832207322,0.8360931319658165,360.3929482115963,3.216577293353593,64.14776128879637,0.46811327653279194,0.20906275832303406,27141.000000000196,18.585610866310322,0.15337626138596014,1.218267991691507,248.660000000516,504.3935745661045,1108.0834966905475,825.0396572069151,116.94882590749282,1808.4001055463855,2531.5450987146605,2292032.5763052925,2607334.2556611774,918176.8752791416,0.004327430769867506,0.0013467415537780029,9090967.544536922,133.67018277726103,0.05643712597897806,0.17848651434916915,0.22281287111050196,0.44477146194659767,False,0.0,True
18.623262093156,1446.350494989759,0.4912536728434917,8.306745494923836,3.270301687780858,1.5951707216794537,0.8375067162356934,356.5580261948554,0.5126249668489931,75.31833075229196,0.5180576587842337,0.6037305518709529,27141.00000000027,21.466578472007505,0.15467528587106552,0.8180422434313994,248.660000000516,521.276913445543,1143.9593335539623,950.6085523387513,141.24458009646585,1926.868702380572,2690.6366940767066,2587313.4725784343,2908029.7413563514,1239485.0113132605,0.014079133034873155,0.0023067178734565404,9042923.930951323,129.6417761491568,0.06733169128937737,0.20372159213558863,0.1590068012456297,0.5616367393701172,False,0.0,True
22.20967861368799,1303.1570876817532,0.4946498049253838,6.752379997530877,2.8821877059404515,1.1391809093258687,0.9880734135576528,360.42884081485835,0.7476963746882812,77.39253552783053,0.5027764353601543,0.3941836907232569,27140.999999999993,18.02003029378767,0.1492826934509408,0.861265331871988,248.660000000516,519.5689740938079,1084.8424608700204,866.7332158867188,110.88486823802594,1748.8306672456752,2603.405491460099,2760253.0653153025,3060866.0907446723,1092374.20740936,0.00938244695923187,0.0013160925906880417,8939129.254236167,142.54950285076927,0.026200095773804274,0.207153807013952,0.1662052800771676,0.5548379942427795,False,0.0,True
13.757260167176407,1351.1755151051404,0.49659959199580517,7.041639687837599,3.6408797794759793,1.612666623991739,0.9652218508698654,365.06076311108313,0.5240496270232605,74.80600841355839,0.5041700765717965,0.41475398007128755,27140.99999998953,19.049155540094223,0.16820697200837828,1.1720271830818443,248.660000000516,469.3779745732623,1220.679280906816,909.8612794764446,78.51540832974852,1907.3545640269756,2581.2281141362887,2494072.313713271,2790196.318154107,1113975.191253019,0.009689946118076245,0.0015668916550342269,9005387.43765552,100.38511026704079,0.03852585071344056,0.2127331387426891,0.15988026474483155,0.5709218636570432,False,0.0,True
11.057631513430536,1581.908455667058,0.48790999123284534,8.288804915044942,3.2618750989957315,1.3613623583110817,0.9628723783486284,360.9245635550391,1.4401235193845632,75.38835650287666,0.4603404121642459,0.16479710543085763,27140.999999999993,20.639001734540972,0.16445136019285383,1.4035591854573042,248.660000000516,448.9977722752296,1124.4888489575978,816.4565110627318,63.26946656007648,1753.4790300288992,2488.9272529718164,1961541.673601186,2227159.3870910434,776560.431803118,0.002951984073249869,0.0015207741652490372,9194521.035728343,109.67700384410227,0.08691459445065852,0.15957521387464424,0.2490520658042142,0.3905153224230524,False,0.0,True
14.736458135659152,1181.732586896473,0.22718201922288975,9.881696788046353,3.234576969761233,1.3671885829137487,0.967398112932084,357.6748895973098,0.7371723466581757,79.76176288194787,0.5253292582808288,0.6197275163417173,27140.99999998825,17.90433827747149,0.1996456096390731,0.6459005633951382,248.660000000516,536.3691070410396,1126.20238867057,943.4318153825092,116.52538792351187,1876.6615000964132,2670.971958370658,3585185.9798055645,4053575.662910031,1576755.9044896476,0.01589834753113448,0.0009216769898887846,8945193.345856085,59.63611128414939,0.0,0.2645102867569142,0.09353472026670878,0.7387626738765343,False,0.0,True
16.211334997132926,1340.6302286139446,0.4956501516366867,9.931289820083165,3.0407628864511693,1.0254651832207322,0.7333698581805019,367.3303011246213,3.216577293353593,63.93525685338976,0.4713969395317213,0.21926424870659555,27141.00000000005,17.207636435179865,0.17122580315338798,0.9446040954224811,248.660000000516,516.8434725958026,1153.0405443247096,888.6402644809601,117.1539719284998,1797.945876434846,2530.993044712546,2492872.004347192,2877154.623366574,1119808.7475135801,0.0045353127345681985,0.0014157382395775225,9014172.765506653,95.26143479982964,0.03445628489913375,0.21851836236738953,0.17981576905166002,0.5485805637315752,False,0.0,True
15.71578576722554,1414.2984168145033,0.498995353240512,6.21170396309532,2.3053366820699757,1.3137249605420334,0.8695842670666507,363.81749015558023,0.6101459400458188,78.05973477074176,0.4871286632134325,0.2927944750213849,27141.000000003776,19.41846996456092,0.192192148456452,0.4369177296063008,248.660000000516,495.117024952289,993.9299327658706,887.1647953112495,66.76406420484848,1540.2375984479597,2553.2820685987303,2270569.853765304,2623455.841890635,1059762.7319866074,0.006294517040362437,0.0016522178061940767,9045173.090517664,67.59410686755866,0.05341667110283119,0.19992606213763534,0.18570741460525853,0.5184354424471511,False,0.0,True
18.837478869875262,1208.841777714916,0.22495606673997026,9.679719876011811,3.558779573534065,1.3694875511177105,0.9320274005738275,368.1550528382182,0.761476373934173,69.14027443782818,0.5377486313124498,0.747504641330796,27141.000000000036,19.472165020394126,0.18626986909586388,0.4598563057030207,248.660000000516,575.7005303682548,1245.7446270114215,1083.3227489065093,126.23968766868309,1976.2305075745185,2650.392590885231,3747240.8798529,4234956.093634527,1813647.7017187662,0.019217053946896847,0.0010709695234623125,8898437.69796439,73.04404459384601,0.0024029199557535873,0.302982368084558,0.0466869134612015,0.866482656827,False,0.0,True
17.88985321134526,1242.6423269779962,0.49155930414157456,9.74894876574681,3.2634054357468045,1.1895041969685416,0.7710658947014261,363.3655843276389,0.5189357246521988,75.11281328156139,0.5046286823897739,0.4727888255766437,27140.999999999993,16.69448491647975,0.15340568843762603,1.3345338001195834,248.660000000516,525.2410645368552,1106.4513813329004,823.644506406685,138.623845997918,1884.5162235809867,2667.476155884898,2922550.647587249,3258526.7535615377,1136487.9772681259,0.011858304068066991,0.0009736574469086921,8945584.592726542,131.45684711499618,0.0110371326463613,0.20101251239671752,0.17110318059001262,0.5401882161521356,False,0.0,True
17.390466851245456,1351.1704762798263,0.4685364646796461,6.463139268085122,2.709784344787495,1.217490021481426,0.9631312191304514,360.59815386174546,1.2155595514291389,67.282553057463,0.4938865629955518,0.3235042410840886,27140.999999990272,18.64432094174608,0.1711280700050523,0.7090023095850267,248.660000000516,501.154628115541,1059.6542014498366,875.7848480069556,76.61849379603971,1691.5951180061484,2557.263919543558,2551610.0200577537,2870737.112171606,1062753.8454199396,0.007369835985380553,0.0014103926218795486,9010025.457444385,95.38083890343019,0.03771906580211958,0.2053738805124029,0.17490270713901301,0.5400644877476938,False,0.0,True
18.269768230479333,1391.598265683197,0.441369881816529,7.344086660726244,2.595974311448499,1.5919684717498908,0.7553437932113192,356.5580261948554,0.7505798737784315,78.77101324790942,0.516356418200025,0.5677596223773242,27140.99999999989,21.154603382284815,0.1946959367438571,0.2260084585622907,248.660000000516,539.1442114065023,1081.247774831054,1027.520497713554,101.69915566625743,1701.5536653810223,2632.50819767231,2580936.3679856267,3011814.2139563533,1526123.9255874362,0.01290766897120902,0.002501894939733873,8986690.000898322,64.59932405910374,0.05477301276766288,0.24318293444323655,0.12067017551519588,0.6683546953082754,False,0.0,True
19.500054951809055,1561.7959662618237,0.4551832236810971,6.390151463524173,2.454111604295097,1.0831659210465834,0.9740207097636379,351.7047706493052,3.6212165151566147,70.08093957689982,0.4802034707751005,0.27511642326624347,27141.000000000167,21.721399497594273,0.16582981665789845,0.4169723760154629,248.660000000516,516.287546671596,1037.2016283854882,935.6777263986713,77.41453334932471,1635.8680623794787,2512.462784908904,2289409.9778828165,2605221.034765253,998177.9873218802,0.004954850341748953,0.002512084502120206,9127374.617765704,106.18346444907823,0.08641681981636536,0.19394920233445961,0.19741703334752375,0.49556958329961553,False,0.0,True
25.928212973725152,1403.0079796764057,0.44500051349377795,5.742078438078482,2.4280947694043578,1.2636941404340325,0.9639884057679395,365.3244197274574,0.8372818705344796,73.08226730631833,0.5117946544793633,0.4819379662530714,27140.999999984844,21.252490554954203,0.17415119276894117,0.09153693680411852,248.660000000516,556.2108774372263,1076.4620873534152,1064.191463808998,90.58815375059208,1622.6692333701158,2576.223816351528,2737105.8882897724,3123832.6662367983,1470029.5311160171,0.0101205757706343,0.002959702571433007,8961319.40239184,90.01014760237793,0.05548152764972884,0.25435408783107305,0.11253595740491072,0.6932706164526007,False,0.0,True
25.928212973725152,1336.331913364498,0.44500051349377795,5.742078438078482,2.5171774402537106,1.2636941404340325,0.8974483975238907,368.2784391700036,0.5016595242000679,68.6799415389507,0.5164715870311306,0.5961764796624025,27140.99999999979,20.159307277582325,0.17573600036809398,0.14171405724283279,248.660000000516,566.5623310449815,1093.1581892890674,1056.1838341272853,96.98359500518285,1687.766519948278,2612.8814556307348,2944139.283369309,3340018.524082975,1563009.4338000403,0.01381180583189122,0.002369020002625922,8915775.062180597,87.15168057595753,0.038408828409821634,0.2651216459181486,0.09842411348015419,0.7292662314558312,False,0.0,True
18.838085614968467,1243.9112784659303,0.49650431625550656,6.901659703368277,2.2993867513634423,1.2276543888396505,0.8748278741231257,357.70245669617935,3.8595488440140526,52.227316228404625,0.4991763443900055,0.38695126776979666,27140.999999998814,17.02428680495197,0.1927641939552532,0.3823018816164536,248.660000000516,516.3751596895406,1004.4457203995228,896.2113257415953,83.27598973389719,1654.5195788529902,2557.105289523093,2742963.364165646,3157001.4602057505,1246646.4474006211,0.009294287444842482,0.00120795691369711,8892569.130633283,65.8638369165263,0.01131586566075743,0.2348232997092728,0.14122081077117096,0.6244567942022984,False,0.0,True
22.20967861368799,1350.7207233956296,0.4946498049253838,6.450900302413343,2.707941120221906,1.1391809093258687,0.9245430777821116,360.30656674638607,0.7560031216378389,77.39253552783053,0.5007997727129437,0.39965526893202197,27141.000000000007,18.800396036070303,0.15507211727463424,0.6798886632252733,248.660000000516,529.5039837911842,1066.048753694039,891.6160164290372,103.37285664408179,1706.218707615584,2601.394391062976,2688423.381531456,2999255.725341102,1124707.2845458975,0.009276464569965608,0.0015705790841184046,8975686.034774074,127.69249712256261,0.03860549598596012,0.20714525579782353,0.16776523499775503,0.5525192302788089,False,0.0,True
22.151099654742605,1350.8101302011976,0.49673421377394733,8.415337799009494,2.703812593732224,1.1391809093258687,0.9245430777821116,360.30656674638607,0.6207610719344143,77.6360150221798,0.501245056147243,0.4084671500068509,27140.99999999986,18.760386384494698,0.14806174124879742,0.8389454353928878,248.660000000516,528.6724273692757,1026.1163848815459,840.6966203383282,142.5371426199236,1730.626064681932,2650.614424821153,2695064.282002193,3019963.781801676,1074722.4217589828,0.009757680674637377,0.0013285262436985078,8979184.78411966,146.75983961764422,0.038574380975759964,0.18932260052802516,0.18526159280563764,0.5054206875178662,False,0.0,True
14.820495999605633,1383.9847414653473,0.3133547905428578,9.513461199114579,3.365971195186582,1.3066591517562578,0.43449842763824637,369.8693454484856,1.3508768541878438,71.80561038388953,0.5034050459192174,0.4413322864052652,27141.000000024178,20.489767615183283,0.19707316876346898,0.46918783771280537,248.660000000516,557.8117426225411,1241.035839948458,1088.235198861238,101.26142705338366,1860.9816759705088,2536.5370096112515,2968865.7996243057,3432122.7837845096,1564140.3593476405,0.009465686664124446,0.002512512921211526,9047939.138502726,62.714223354742565,0.051135853000861056,0.2712635878804227,0.10229185148888914,0.7261668799105363,False,0.0,True
12.302218302507447,1504.7450359842505,0.4241744075346762,9.308986801296681,2.785594243173222,1.160680632090853,0.9184747205766917,360.01969878606474,1.3669626102620254,79.32196467343927,0.4602796653163245,0.17182613917164835,27140.999999992237,19.606740741408796,0.1750407187406933,1.0557592528790891,248.660000000516,475.6861903311433,1029.4235518317473,801.2217403497841,81.79433157899724,1632.211707356952,2515.665149239974,2197490.56776691,2518099.052142157,852625.5967294383,0.0033925886376200043,0.0012709446056363698,9168944.700612692,90.69868001107922,0.07054570224338903,0.1673117514950337,0.24129247929793846,0.40947141239906953,False,0.0,True
25.928212973725152,1204.9219131754144,0.44500051349377795,5.789047688558007,2.5171774402537106,1.2652514130239496,0.8972476052684075,368.347430750896,0.5016595242000679,67.282553057463,0.5223036432673048,0.6349350627152102,27141.00000000005,17.944395437806453,0.1847360261588197,0.15381173004230259,248.660000000516,566.5935311367582,1093.2046370594,1037.9874223828913,98.1936658615018,1694.2876736842136,2617.1664962989544,3277047.8430910865,3712006.860824024,1706562.9455564083,0.015921353918884492,0.0013114186182690596,8793322.951963613,73.99410282355169,0.0011489778211561368,0.2930139390345176,0.0664140892521309,0.8152228428909145,False,0.0,True
18.623262093156,1348.738481119512,0.4952188289258329,8.306745494923836,3.2634054357468045,1.5951707216794537,0.7431274922896111,356.5580261948554,0.5126249668489931,75.1058437877782,0.5234139215756927,0.6605893781656812,27141.00000001376,19.903043261021,0.16340396833719925,0.7777105593682637,248.660000000516,533.6973582137224,1153.4845394693396,960.5300099989303,140.4879402660011,1939.4731112021857,2701.094666256292,2805158.108904124,3158937.5000451477,1385442.8412937773,0.01599435973806794,0.0019346965747359059,8971363.86572547,109.08613389183945,0.042422628169773664,0.2234552750308316,0.13544882294484462,0.6226044124076167,False,0.0,True
18.899126549413623,1348.738481119512,0.4952188289258329,8.344228525081869,3.2634054357468045,1.5951707216794537,0.7431274922896111,356.5580261948554,0.5126249668489931,75.11279489268541,0.5240767881982691,0.6658135170162902,27140.999999986125,19.943857638695004,0.16277990834367062,0.7673233785446043,248.660000000516,535.6514970149319,1154.4643015198656,963.7579941500005,143.01929075901447,1941.8373896332423,2703.6864672645306,2816619.136367433,3172039.500700634,1395356.9435762074,0.016112048465038106,0.0019587962002917893,8968952.12347399,110.31591812686172,0.04258068874623679,0.22433058205468567,0.13411414191320237,0.6258442851980233,False,0.0,True
25.541758140380406,1170.5828217493638,0.44500051349377795,5.789047688558007,2.5171774402537106,1.2652514130239496,0.8972476052684075,368.347430750896,0.5016595242000679,66.56340362537037,0.5223400250675833,0.6495750114669104,27141.000000000007,17.16706325498023,0.1886735271596708,0.1668493076356135,248.660000000516,564.5265454162504,1091.6680960024382,1031.8164355496797,97.18854700046516,1695.380912946381,2617.1797414235257,3391704.686430393,3839303.9837347046,1745015.3353179414,0.01657234631735995,0.001057769068863473,8775207.410884023,69.31438301509418,0.0,0.302137394577459,0.05726144491429184,0.8406743744769211,False,0.0,True
25.928212973725152,1204.9219131754144,0.39991073469032795,5.1559037968102,2.5171774402537106,1.238131982534634,0.9356002869857382,363.5549776394412,0.5018008214891658,67.282553057463,0.524183833924896,0.7237922908353597,27141.000000000036,18.374179579731393,0.18912858616163156,0.0932943631193559,248.660000000516,573.4261864609732,1097.2009208202317,1062.2096115237548,94.69429518229994,1717.4591209073099,2627.926683664676,3394409.64082576,3822413.5268836794,1794854.5040647686,0.018405537523194276,0.0012389090423682483,8804182.366686141,69.04247935728972,0.0011555928061921694,0.302373377621069,0.055797694169289855,0.8442149616093261,False,0.0,True
11.506400663994231,1387.690379156336,0.47174903558293496,6.283008777692849,3.372117802646268,1.2943414586495248,0.8334651968552083,377.3314104624724,0.6957330435797725,71.6592666753339,0.46958883534686163,0.24259363627749092,27140.999999999935,18.03906611335308,0.18776646399876698,1.087883594765856,248.660000000516,468.3610791300909,1217.0864741883918,902.9316127500374,45.42352802187539,1789.496813301287,2499.2725599474797,2272120.7822549907,2582297.9710068386,1017927.1698596873,0.0050343441298246715,0.0015498897523826933,9083702.253377577,72.79602811987058,0.04494065786426243,0.21584448887809976,0.18434812815308144,0.5393515014828025,False,0.0,True
18.73847604316043,1250.685375779558,0.22495606673997026,9.672294054207455,3.558779573534065,1.2226134124578014,0.8760185163987275,370.638658096769,0.7574439688556134,55.626382840236694,0.529340117950548,0.8416828059480923,27141.00000000005,19.572428378759586,0.17689631883013138,0.5980862339543209,248.660000000516,578.4713003351582,1221.2800978483965,1031.6385498744366,126.10166423086179,2042.594100931679,2689.6094378366406,3679690.2835433763,4123749.7827691184,1637233.7534630103,0.021456103293718876,0.0013880097425183415,8968637.081125222,85.95456387663943,0.014553021536335252,0.27542633926733384,0.07989986743304679,0.7751365761197,False,0.0,True
18.73847604316043,1250.685375779558,0.22495606673997026,9.689035986895838,3.558779573534065,1.2226134124578014,0.8760185163987275,370.3528023734996,0.7574439688556134,59.89432422289104,0.5287910709116723,0.7968875376313123,27141.000000000065,19.580603488990263,0.17789635811875437,0.5795248904121776,248.660000000516,578.4713003351582,1226.5492593113138,1039.4195480408039,126.37939104018653,2019.3982489025063,2674.093056325624,3674683.532512795,4123734.500131461,1650298.699273102,0.020232892479816487,0.001395432179035012,8965711.61961045,84.48555681172002,0.014553726911972169,0.2785522429963186,0.07713143951990278,0.7831459712341875,False,0.0,True
25.132291714620003,1206.6264809760173,0.28178229225324253,6.782060980710454,2.9051258593862217,1.2652514130239496,0.8972476052684075,368.347430750896,0.5163427512842341,67.43013874972671,0.5363348152948775,0.8577469588093167,27140.999999999993,19.678929281753472,0.18925057008057827,0.10376174854424618,248.660000000516,607.9854304985938,1175.9982690939953,1135.44323014475,111.41671839111144,1854.8357436028268,2671.028479719673,3800939.8643811797,4289965.956449995,2011281.0952111576,0.02242067990308209,0.0008594303059615709,8830566.425202098,69.11556290540989,0.001784434848407398,0.3238558266738209,0.026442468353077193,0.9245144246247423,False,0.0,True
21.312466338134254,1414.2984168145033,0.49467613596092447,6.21170396309532,2.3053366820699757,1.3137249605420334,0.7300472046368632,363.81749015558023,0.6101459400458188,78.05973477074176,0.5041148652085544,0.4757737947574792,27140.999999999905,20.485625099287496,0.18733135100782974,0.16702739471792663,248.660000000516,554.020727031147,1039.9189251000628,1006.0469905129331,87.41587148904468,1597.4083661803147,2599.93480197826,2541291.8315673177,2943857.505835688,1415491.942298207,0.010336094473163415,0.0025768820903492836,8997535.428732552,72.60909884122319,0.05884640956526874,0.23393514188455866,0.13863421813546792,0.6278968884397365,False,0.0,True
14.791712050003785,1395.3716466923538,0.4685364646796461,6.764618963202655,3.201603472952064,1.217490021481426,0.9631312191304514,355.69499007600893,1.2072527035282423,67.282553057463,0.48352397447557677,0.3594270430515584,27140.99999999052,18.703395409817034,0.15652591668471766,1.3112280041555282,248.660000000516,482.99761297530654,1109.3421715957677,816.1577041065308,82.3067587288307,1848.5313328135678,2590.9581594843553,2405665.705397201,2668538.025532069,918852.3388174069,0.008549992588087568,0.0012052167873713717,9076404.6157903,125.56076621987786,0.04706842731843343,0.17888496020491584,0.20972899262613964,0.46031533068161246,False,0.0,True
14.791712050003785,1303.6068405659496,0.4685364646796461,6.764618963202655,3.201603472952064,1.217490021481426,0.9631312191304514,355.69499007600893,1.2072527035282423,67.282553057463,0.4881594258364615,0.37965421665240134,27141.000000000095,17.343248861135063,0.16182813417943362,1.322587389817632,248.660000000516,482.99761297530654,1110.290940856527,809.2292832348278,82.27337579563192,1849.1900761448146,2591.392012470539,2573874.097350994,2852390.2134997477,975154.5917522395,0.009301989418628472,0.0010022056755343886,9015112.725819346,112.85166156772323,0.025300885986112607,0.19120945811857307,0.19354966300311144,0.4969588701656818,False,0.0,True
16.211334997132926,1438.2422424852743,0.34111056764738434,9.931289820083165,3.3436535156005043,1.0572365052056472,0.9578172870181424,360.3715560621083,3.216577293353593,64.21538095494347,0.4831802140326178,0.33840878145999814,27141.000000000167,20.045242920815355,0.16423345976792345,0.8853670940833294,248.660000000516,522.7022952501649,1179.2268502124302,930.6007076077528,114.84678684888436,1911.9211714032563,2534.292805546092,2707727.0028433506,3065383.3296591905,1122938.2103166273,0.007337635763219332,0.0018471169743865352,9114982.857386436,109.16157860338335,0.05842062273467646,0.21441815353558102,0.1747910749446574,0.5509071672653513,False,0.0,True
23.353585846177626,1368.2547810599583,0.44500051349377795,5.789047688558007,2.8698803065631884,1.246838271599231,0.8972476052684075,368.347430750896,0.5005432044915721,67.282553057463,0.5137523276058532,0.5843990983545669,27140.999999999935,20.252557710786686,0.16491902039438977,0.39596266948809006,248.660000000516,552.386285538265,1142.5457231819553,1023.8266467596418,93.59715358384511,1783.7155893050576,2614.618207195144,2859536.90918415,3201402.707027047,1389563.6902291207,0.013481270983216855,0.0023799049452244074,8975091.265486361,106.15134737968332,0.04577650263452343,0.24613247880430497,0.11943120392500178,0.6732957633172811,False,0.0,True
11.039841323587355,1361.6368096322183,0.4486540655153599,8.713950469696178,3.2634054357468045,1.3598536945462045,0.9573443024628988,361.3591881726519,0.5126249668489931,75.72076569678077,0.47569895071672663,0.3226907653574409,27140.999999999935,17.85344983474901,0.17108146662564058,1.5829740553688114,248.660000000516,456.1001575092401,1076.6134065004271,765.1837944430025,84.44540337258606,1822.6257377330749,2603.9934741943985,2388625.722643326,2677763.1063037044,879776.7679001531,0.007855238976930232,0.0009029110856360515,9093851.027626257,96.34691614382346,0.03858869892666717,0.1705101785444863,0.2246667280132455,0.4314780942787108,False,0.0,True
13.383199088273756,1553.1977680055388,0.4098683345213773,10.764095679117116,2.705612033816724,1.2383984202497107,0.9130157954341909,365.23228509931585,0.5642754797203621,67.29414773186637,0.4732898809467478,0.3152762595012076,27141.00000000916,21.130121962047593,0.1675750941426,0.9756530099442604,248.660000000516,488.529965654863,980.7511124264768,796.6437468507839,107.49674387269859,1711.3155815070784,2628.4150116492824,2261303.4474163083,2593330.200531281,895061.5913918219,0.0072099693623574514,0.001346943596767712,9184276.358129073,103.54172692351166,0.08379639697831961,0.15745671778423695,0.2400835422468643,0.3960774130698573,False,0.0,True
23.353585846177626,1387.501529656286,0.44500051349377795,5.789047688558007,2.515038747148981,1.246838271599231,0.8972476052684075,368.347430750896,0.5016595242000679,67.282553057463,0.5101370039169818,0.5366566946994046,27140.999999999774,20.58958207403756,0.17500044781036256,0.21892556552734124,248.660000000516,552.386285538265,1077.3691415929761,1020.499485966838,89.6324679841167,1679.1439215917862,2604.983127309411,2766107.3657302437,3135907.128897273,1401570.3579207323,0.012083433717256814,0.002481965633579603,8980403.597300816,88.89498317350441,0.05083771777281501,0.24317191173834843,0.12497594449734487,0.6605278493939306,False,0.0,True
18.838085614968467,1348.9464444065748,0.4948758538318526,6.923271206517382,2.2993867513634423,1.3835672413377427,0.8748278741231257,364.2376458145713,0.7604344885429415,50.510974436614376,0.5058903222504706,0.5027603809711609,27140.999999999876,19.28168639730988,0.18484269601262385,0.3640217368707615,248.660000000516,516.7170442371352,989.0667496605316,901.9237004022369,96.68920873430599,1666.0266885236717,2627.380468398082,2531620.6115017766,2914914.476268898,1221753.2978538037,0.012049955207467412,0.0015954642924708043,8968045.083166957,75.33378303568158,0.0394607750459538,0.2114836612900305,0.15972523217344836,0.5697160413287274,False,0.0,True
23.353585846177626,1328.664412694248,0.44500051349377795,5.893618715219523,2.515038747148981,1.1847609000174422,0.8972476052684075,368.347430750896,0.5016595242000679,67.282553057463,0.5098954511505414,0.5289870815711084,27141.000000000065,19.386711115686243,0.17475360267466034,0.28066707303397614,248.660000000516,552.386285538265,1068.6859096069809,987.7621502263232,91.60061695399155,1682.9059046834393,2609.319777250748,2913917.674086635,3286616.02185986,1389062.785721236,0.012419811259156534,0.0019374271217649543,8945821.425318677,88.92844290917506,0.03471859102406038,0.24510457517472306,0.12315714208945491,0.6655716944883893,False,0.0,True
27.155725863523944,1350.7207233956296,0.4953451833251697,4.896807640051467,2.6930197761293355,1.1686077527946952,0.9246808166592626,361.2687653677254,0.7560031216378389,75.31027373673042,0.5084726545324041,0.510695508947081,27141.000000013773,19.525801282252434,0.15909297192150007,0.3349469524963683,248.660000000516,554.7194551978688,1122.040385907791,1019.2845952145817,91.82644018251202,1710.448606472884,2585.625316971236,2830313.0936835865,3154862.995775229,1399279.1481641685,0.011500111706712977,0.0023606751016267843,8920984.00321193,117.53268386308132,0.040495057597940226,0.25007228624993244,0.1191218932677127,0.6773462316677193,False,0.0,True
25.829209550768706,1336.331913364498,0.44500051349377795,5.749214274935795,2.5171774402537106,1.26532993994141,0.8974483975238907,370.76204442855436,0.7540515750986382,55.16604983067961,0.5159616833538682,0.6188913780148232,27140.99999999963,20.16025539110235,0.17704613606711472,0.12841056431080525,248.660000000516,566.0349521171903,1097.1499553669591,1064.3800739581602,92.15900684224711,1708.317268346899,2607.9362584187184,2933186.4854625324,3333650.039652087,1569698.6429514661,0.014396317139364432,0.002401013751335653,8914299.462821184,85.2170974011317,0.03839080344539819,0.2682353010756142,0.09566709220042925,0.7371078235040363,False,0.0,True
14.753122558180074,1384.621272465915,0.4859349082060608,9.141989798783154,2.6846417658608575,1.3015994917255929,0.6514666386344516,351.44317487956187,1.1749654595819128,77.06961668632744,0.4917608878774596,0.3970574454465426,27140.999999999935,18.827596026565995,0.17742075142390765,0.8610259535071365,248.660000000516,516.0635971016151,1015.0631926966328,837.4907069521103,109.54143120407701,1721.5351081781919,2645.7663890974604,2512985.8938050712,2874825.186845322,1106696.8640182707,0.009479348031106463,0.0012971880957581236,9064786.563333783,86.10794344687396,0.04769057225330327,0.1851202810487754,0.19705459007502524,0.4843863242615134,False,0.0,True
17.390466851245456,1303.6068405659496,0.4685364646796461,6.764618963202655,2.88403093050604,1.217490021481426,0.9631312191304514,355.69499007600893,1.2072527035282423,67.282553057463,0.4979919426616015,0.40137434212478473,27140.99999999589,17.8883124877435,0.1642261824315158,0.9274715199911485,248.660000000516,501.154628115541,1069.1916239425764,844.4515518588747,91.44232954893765,1774.5142820091473,2597.2275449200597,2677779.146798159,2984156.51469845,1063287.572345918,0.009733998819430559,0.0011597022001765733,8983758.126892537,107.60432690837187,0.026020370801626277,0.20156212819108338,0.17553516183047294,0.5345096173445354,False,0.0,True
14.820495999605633,1383.9847414653473,0.30096627460680764,9.672014952837312,3.365971195186582,1.288610843179163,0.43449842763824637,369.8693454484856,1.3508768541878438,71.80561038388953,0.5028837407267776,0.4418694168323895,27141.000000012304,20.51840612144572,0.19698989452156787,0.4682399420893663,248.660000000516,559.0018908180023,1238.4159671050538,1086.1363706755292,103.46544477842717,1862.059891563663,2537.6301830376538,2996615.353979831,3463363.521740146,1565927.007288754,0.009506141222173598,0.0024866366200797228,9049583.029968016,62.80520000982291,0.051023577809655364,0.2710774621452055,0.102881138039124,0.7248862895828243,False,0.0,True
10.021224495612705,1472.7620047447458,0.3185177268115442,11.118932835706612,2.439354677941483,1.025247735737941,0.9344734164328401,360.3929482115963,1.3444046384193848,68.13230820219016,0.434429533648634,0.1868382799321122,27140.999999993342,18.12391091709148,0.19835029818860778,1.0666299328575397,248.660000000516,469.46335135825655,916.3677020509012,719.8618696526592,84.40432591054373,1583.2755087867433,2557.3980500813077,2306038.9251461118,2683140.0983618107,831296.9204131886,0.0042469475272621,0.0008240302283741132,9207658.855595829,62.596424069900735,0.0613570874490022,0.15704556394225397,0.2761374868840124,0.36253857034041503,False,0.0,True
10.021224495612705,1470.7892370771963,0.3185177268115442,11.118932835706612,2.439354677941483,0.9351998480550824,0.9343502115348674,360.3929482115963,1.3444046384193848,68.40435184513737,0.4227198801622443,0.18227511643680586,27141.0000000067,17.50992662315155,0.196393569077571,1.1632697170683213,248.660000000516,469.4705594156263,908.1047930694435,703.3601431245497,84.47561203310197,1583.5459468202773,2557.8094526916243,2350061.2467999365,2720936.0271507245,809320.0438431543,0.00418052095945479,0.0007666079757577787,9215500.007877754,64.54104497362297,0.060619991037645614,0.15500643673684525,0.2900676058614188,0.3482711232314177,False,0.0,True
18.838085614968467,1351.2470465624249,0.4349210830544929,7.978734201978359,2.7431987052870648,1.571082717655806,0.7874625150131671,352.43662671087105,0.6231355708795052,73.7498445792976,0.5223168148854757,0.6787599504147914,27140.99999999992,20.56448046434151,0.1819464210445878,0.3931854375740941,248.660000000516,540.5283036081801,1073.4436232934554,976.162201299992,134.12867202554105,1829.261463047933,2704.702439250284,2791991.487182396,3201114.8387934696,1506200.3935004557,0.016449975269506336,0.0019722485447014626,8964889.74825124,78.96111603588561,0.04350726193968159,0.232326896789993,0.1273577035942941,0.645918386669251,False,0.0,True
18.824613018888165,1395.3716466923538,0.4685364646796461,6.40648286565386,2.6472975204193343,1.6368870806432196,0.7522547767572969,355.31361475584976,0.7392858487622987,67.36972313683407,0.517020703515741,0.6778229590613875,27140.99999997412,21.179229218009645,0.1928993241162098,0.23379926256595274,248.660000000516,538.6444304204705,1098.4983562897803,1041.7717570337384,97.88199515942682,1763.309810584053,2642.9484319514845,2527590.6793530583,2932908.0284985006,1567979.6265916005,0.015715802752503404,0.0026809901793641705,8974824.478147404,66.33347097107291,0.056265791561327876,0.2461511944135993,0.11717719706762834,0.6774895664224947,False,0.0,True
18.899126549413623,1369.4818500553736,0.4246827026463442,6.029293018629865,3.2631588931792272,1.5846444687109633,0.7437561388168086,360.8224406363165,0.5034941715300466,74.094785786223,0.5229921643634704,0.7503974852913766,27140.999999999716,21.03654388986159,0.1822399237041868,0.4111067822221317,248.660000000516,548.3370290551205,1223.7561225649229,1096.1584585180658,91.42818922779371,1900.6777487893448,2638.7582541998454,2824035.9525989816,3195705.107997559,1635135.1402379442,0.017643762568944725,0.002722775579348317,8973959.748721195,78.65972421520699,0.04945662155344374,0.26700845244797317,0.09224351448564037,0.7432344900628306,False,0.0,True
15.432290221274204,1436.1551163235213,0.47944896426275574,9.931289820083165,3.8316027346426513,1.0436779923002373,0.9551005896356946,360.26398580150453,2.144464702132204,64.21538095494347,0.46943494479417386,0.2693463692303576,27140.999999999804,18.500110656890108,0.1314728304866417,2.1131418939242574,248.660000000516,486.34382743949544,1202.121634889362,775.0421416809722,110.98947452963655,2007.2891307812774,2560.5559723426795,2260692.7733789217,2503474.4782728534,792576.2015662445,0.006212588744192498,0.0010977410630885834,9111017.290734606,212.69520966162682,0.05480383179308737,0.16059596637180218,0.23965593974222743,0.4012372306505625,False,0.0,True
11.868778356690639,1374.4814487273215,0.46561107640184596,7.659177609575146,3.467169526799089,0.9586750320327146,0.9321945587875844,351.92373679386924,3.1339640740431385,65.13557950637585,0.4394375334848396,0.24852672031417652,27140.99999999899,16.22921794379674,0.15128685035855952,2.2684192383859627,248.660000000516,463.1089306969628,1134.5983274441435,711.3482799977908,62.24681809115621,1929.3300847264502,2554.4213495204217,2196314.605189483,2432663.895406984,728204.5460729068,0.005995962497580349,0.0007493012184664641,9124817.232229667,139.80397094707575,0.03928788994959833,0.15666136429379182,0.2708285474239014,0.36646797971047373,False,0.0,True
18.788476479470532,1251.9659498306173,0.22718201922288975,9.672294054207455,3.47167352587161,1.2288439863659457,0.8759537943021972,370.638658096769,0.7574439688556134,55.626382840236694,0.5287805910234079,0.8263525140355602,27141.000000000007,19.618457134647286,0.17891087377360204,0.5549361527779847,248.660000000516,578.3276211077607,1207.6605757081102,1031.7010985521872,126.4650172257043,2018.5939155020178,2685.7550125755133,3662668.428190892,4114731.1324828696,1647415.3080012184,0.02102963573694769,0.0013983978464914574,8965076.530551283,83.05057965251204,0.014946002505464967,0.2755245504645534,0.08015900764115964,0.7746339244128471,False,0.0,True
20.806087721747847,1394.4058631536711,0.29540529140560107,6.7662215251104065,3.565213933605063,1.3682948189619781,0.9631312191304514,355.8004446097321,0.8457161581265763,73.04814807712778,0.5284294027091155,0.8158229822548878,27140.999999999993,22.14712759836742,0.1637351762454262,0.5249353838040529,248.660000000516,568.6151680760297,1245.979946303128,1085.8356199533773,115.18020169528323,2019.6464132529627,2681.9238631845133,3194691.7047124323,3541871.217154332,1543933.1299624122,0.019394521992864146,0.0027477295685157544,9042501.520350844,109.28523551255158,0.055821070997460795,0.25699649363085897,0.0989056548753748,0.7220987417735625,False,0.0,True
18.788476479470532,1268.5214552940322,0.18016218952346333,9.672294054207455,3.47167352587161,1.2278169792323972,0.8777565852602138,370.638658096769,0.7577349428902358,55.626382840236694,0.5287883153577917,0.8791690418911732,27140.999999999935,20.281681457237863,0.18346114097578434,0.4611445465233503,248.660000000516,590.4545260227545,1216.2343563572726,1065.877849212461,125.89338355697983,2029.8964103346582,2694.193246400132,3745871.159335273,4217390.255499944,1736456.0359046469,0.022346599128835968,0.0015149278371323072,8977301.74743667,77.12806388528342,0.02016399216972815,0.2840729674433248,0.07173376519777139,0.798391208999045,False,0.0,True
18.788476479470532,1266.8168874934297,0.18016218952346333,9.64998363886479,3.47167352587161,1.2278169792323972,0.8507617852342751,370.638658096769,0.7577349428902358,56.06369196504536,0.5290405344399568,0.8800136268656356,27140.999999999978,20.26879552320921,0.1839763579814697,0.454161246594362,248.660000000516,591.8059022579616,1218.19524070829,1069.2965893998376,125.70501708385007,2028.5259771237959,2693.2323997967733,3754900.765847722,4228750.230868829,1748307.346893819,0.022380135403096385,0.0015043144436638093,8973886.52061503,76.45280051027675,0.01971202912601389,0.28561010266811737,0.07001395534582044,0.8031236814043767,False,0.0,True
20.806087721747847,1393.0798073510505,0.29540529140560107,6.7662215251104065,3.565213933605063,1.3682948189619781,0.8965911983573259,355.8004446097321,0.5157207784354738,68.64582230974781,0.529655254564839,0.9135600370997363,27141.000000006934,22.13961056937353,0.16242769018862355,0.557687514225339,248.660000000516,574.71134187316,1232.0693941569366,1069.593035906266,130.058117699183,2088.476005423841,2741.7972041136536,3238461.7385931173,3581077.1592700863,1568234.019245184,0.022153068973378032,0.0026418639935522443,9043401.78466569,111.95680544755076,0.05607069733413327,0.25167458486910077,0.10341273920114367,0.708768147463675,False,0.0,True
18.527363236786982,1432.4588479632857,0.23059495253141926,7.101546386582635,3.458240682202039,1.5801024512252333,0.6144069873348097,321.64759861896334,4.666398144383994,67.96031894489187,0.5300894734448541,1.21686203134898,27140.99999999954,23.731125973809704,0.18328396770356706,0.327250916271117,248.660000000516,592.3102344767984,1227.4356956291585,1143.0731669342354,133.13151506784385,2221.001077827951,2843.2542478814244,3222160.1006887606,3623103.22224209,1879716.5371589446,0.029620304977421495,0.0034065474154206144,9046790.897351304,77.9506957482208,0.07305913870786272,0.26807014065535983,0.08680311865477731,0.7553968455568618,False,0.0,True
15.717412783018345,1354.0524537759657,0.4486540655153599,8.713950469696178,3.2634054357468045,1.3110904128391303,0.7431274922896111,361.3591881726519,0.5126249668489931,75.1058437877782,0.5035516063137505,0.5007198303207935,27140.999999994623,18.907127107522733,0.16262478974481873,1.1049784490008283,248.660000000516,519.2454459641133,1119.7103059882504,870.1544769808679,115.009888651291,1890.13013514946,2661.6900051393277,2736911.595391034,3061269.886292167,1134758.852488339,0.012221449672085853,0.001368587242648109,9048257.359053794,111.6101205964663,0.040309770874102736,0.19815495631991392,0.1750982599348922,0.5308861322299789,False,0.0,True
13.383199088273756,1553.1977680055388,0.31890880131637767,10.336851457797243,2.722416015801421,1.2383984202497107,0.9382978480450852,370.2019357789388,0.5618795632263247,67.29414773186637,0.47748425978071624,0.3447761935478554,27141.000000000036,21.827149954810864,0.18379481338675158,0.646077864644099,248.660000000516,504.55605842038347,1021.9893242472546,879.5272721523604,100.72197119329137,1697.454309178847,2600.992579727179,2452395.037908971,2834129.076702623,1046503.6783930319,0.0075439052908400795,0.0018136653782422746,9191170.016796835,78.53620683741148,0.08587403593221395,0.1843497591815464,0.20992770093958935,0.46756352525175476,False,0.0,True
20.2528945219228,1373.7342603422107,0.46561107640184596,7.659177609575146,3.49301040296481,0.9586750320327146,0.9321945587875844,363.9769092897089,3.1339640740431385,64.95848595262964,0.48202301174969486,0.35896363775909346,27141.00000000008,18.316164743814312,0.14537736500759754,1.080649377152971,248.660000000516,524.0617992673983,1245.038408290546,926.2437862841495,102.14340301946324,1947.71919583549,2541.8498372205026,2641919.920645322,2941186.505209362,1061199.607266361,0.008001315868992723,0.0017413162234268603,9025109.611386247,155.83355682468132,0.042534791831986295,0.2211414881196164,0.16840440880111546,0.5676904566770887,False,0.0,True
14.553050848162,1493.6921881998228,0.4354258067175121,8.030079687964921,3.209160930999828,1.1619416780385872,0.9334404683511224,368.19557111239453,0.510607135376115,67.90312458400325,0.47663138713500935,0.342622477644083,27140.99999999129,20.06007565201246,0.15313874689353202,1.3008225778881277,248.660000000516,491.21817542168094,1103.9562453642575,821.6660896549093,87.27729167126617,1834.7185791831305,2605.6837493922326,2325810.2609520927,2594280.0740048857,871747.2592388093,0.007899894498761236,0.0013992221669738355,9154021.153329847,135.22454273303873,0.0696306511387477,0.1685150095103012,0.22604115038774972,0.427100186583942,False,0.0,True
13.381424523579398,1376.466195069386,0.4480709940927238,9.529027655838286,3.4713453200222317,1.2358016955336624,0.9968005183317463,370.638658096769,0.7577349428902358,55.626382840236694,0.48051034758677574,0.35011271157907664,27141.000000000007,18.28643096254793,0.1539857985907141,1.62930039892894,248.660000000516,472.69342035602665,1129.8797032925268,788.7761618206275,91.19251571465595,1917.3093257577661,2602.950745884838,2436100.0507424553,2717949.5266427104,878402.9697322459,0.008470422782621315,0.0010319863223464069,9083913.227755904,131.98660104590968,0.04215139214221898,0.17417904063538583,0.2169420342582247,0.44533279287689764,False,0.0,True
14.836989755520657,1353.4610099456045,0.42026201503119165,7.041639687837599,3.2445513102126404,1.5888126368300988,0.9652218508698654,354.8549557041636,0.5320592917057321,73.79551714242598,0.5128060148032119,0.5980551154647176,27140.999999999804,19.911212742412367,0.1771891901493048,0.8133434905755913,248.660000000516,493.2724052186599,1137.2262289226192,926.2174418925698,98.35899080086344,1898.3839841186423,2651.8577915763117,2680097.340378953,3008548.6900793547,1255135.731198689,0.014604990201528167,0.0016268236872996175,9014098.289593425,85.96259091585752,0.04060809882226832,0.21771356975411058,0.1487834789498913,0.5940390803254326,False,0.0,True
18.86790229875987,1469.681799313841,0.4349997686467371,6.005137466968982,2.9490107843038773,1.5710676234439853,0.7553437932113192,359.78041266964954,0.7040507164629581,79.10623878379512,0.5136034212240819,0.6058752349627287,27141.000000000022,22.477743940246096,0.18595558952963281,0.26335036871966644,248.660000000516,544.747475590817,1175.6612729234066,1109.430089568391,82.42683588771399,1772.7133389609282,2596.680519566932,2526752.9163907203,2903364.630718465,1548292.5356111405,0.012626759695436694,0.0038173000566867382,9039446.07460024,74.57838662893161,0.07628958639854122,0.25298008713939596,0.11290864982868305,0.6914126114832185,False,0.0,True
16.211334997132926,1435.8716264318539,0.49084920909044616,9.931289820083165,2.6945579669068054,1.0235752357211099,0.4506846716607159,353.52173203964304,3.216577293353593,64.21538095494347,0.47459976701907003,0.33864933219062804,27140.999999989806,18.603023309971437,0.1705107810633785,0.9018953774438334,248.660000000516,553.3923261735093,1044.480463132508,851.0885409596634,118.10467242969654,1776.2209711471107,2602.937733805821,2496875.3215699894,2872300.325677139,1112733.8543881797,0.007710257942243267,0.001481023582739117,9119340.936233617,97.5903325993211,0.05989079116778674,0.1838941872858497,0.21216178923035173,0.4643136278447932,False,0.0,True
12.698892286999792,1529.9686212739334,0.3276382037058578,11.381449963997788,2.19694110509385,1.22694313056025,0.9798088552264311,360.470246850526,0.8062892089630103,68.13230820219016,0.4698583223418607,0.33048384258362995,27140.99999999148,21.165168201878842,0.19908693902148117,0.4898674257392836,248.660000000516,493.1597146978154,892.0746640973439,803.6172127538291,109.60178665661337,1582.2888183107052,2645.2451846174818,2373339.6365335374,2808749.2424984435,1020692.3108130549,0.0076766721079468475,0.001292989863612636,9170412.478407359,61.653741795500295,0.07906116244041128,0.16927386428229171,0.23125066891279877,0.42263045145312117,False,0.0,True
15.717412783018345,1294.668720339979,0.4486540655153599,8.936375043136643,3.2634054357468045,1.3110904128391303,0.7431274922896111,357.8131454131463,0.5126249668489931,75.1058437877782,0.507326426956467,0.5507809695237831,27141.00000000005,17.9983170213148,0.16369209130669743,1.1748824512518667,248.660000000516,519.2454459641133,1103.8292101261534,849.0504901721705,128.3829087756067,1922.6987878542693,2692.9322070331946,2870586.1015500445,3202643.374528393,1173887.9097388368,0.013814613185089392,0.0011341331087556298,9005835.804379893,108.9280702568806,0.02498885953123233,0.20096029676039498,0.1694218408903573,0.5425755627283739,False,0.0,True
18.387835385916397,1348.9464444065748,0.4948758538318526,6.300958479484303,2.2993867513634423,1.3835672413377427,0.8625330730885431,364.2376458145713,0.6120748940370926,50.510974436614376,0.5044858955665337,0.5209320230335076,27141.000000000007,19.216117825624988,0.18883915713621233,0.34682158655046325,248.660000000516,515.4953126559458,995.6066381485575,910.5403292482799,88.8249197801354,1664.2141501533981,2624.7280671996587,2509640.359311193,2885090.8075995585,1234140.048236657,0.01250847789825543,0.001630138138897004,8971279.31199591,70.67683534709415,0.03937900917077388,0.21487918408103004,0.1573716847864675,0.5772429349453477,False,0.0,True
18.13032398427143,1351.2470465624249,0.4915696141036217,7.978734201978359,2.741656755020259,1.3561159837182652,0.7874625150131671,352.43662671087105,0.6231355708795052,73.7498445792976,0.5074954899382328,0.5529384567021153,27141.000000011707,19.113418562412914,0.1665866077846904,0.756731636974301,248.660000000516,524.7246799052982,1034.0882284524341,868.7543812946432,132.46897031208712,1815.1767835355286,2695.2465018389407,2675028.2993120095,3018650.539093551,1206957.048026518,0.013581444293828192,0.0014258583595303893,8997083.504482811,103.24769720195458,0.04034776367558908,0.1974294420052399,0.1727074270466638,0.5333957746791085,False,0.0,True
13.383199088273756,1495.9921430764196,0.31890880131637767,10.602648084605987,2.722416015801421,1.3793691762518412,0.8342389930276897,370.21107876054674,0.5622481909124866,67.29414773186637,0.49017201538654376,0.3989928464827438,27141.00000001012,21.727548807923412,0.1951562132732198,0.49198880504139914,248.660000000516,512.173100468785,1041.730787211926,928.0714936022061,104.42328626376879,1703.5807518045801,2606.880294358157,2544997.5678576375,2976140.95216927,1203161.4058534647,0.00881921182416132,0.0020098530222308684,9139179.39959027,65.23173524317731,0.07572345686900428,0.2042802956252757,0.17964179885643888,0.5320878859578246,False,0.0,True
12.308415443196894,1437.0038929118864,0.3221703441114132,10.623113560411714,3.467886139201865,1.4291350669277352,0.615119748647429,351.7396985250871,3.5593021873326873,67.63348356613645,0.4959948821824303,0.4342705581538581,27141.000000000036,20.736160399277647,0.18925587350730505,0.7966041976041757,248.660000000516,515.8154656170967,1197.2962518179058,978.6340973728726,97.41972275541575,1950.3243571552218,2552.3117796323418,2707614.762769815,3112726.481090797,1279328.806285034,0.009665072075081169,0.00212146514377271,9117643.374847518,71.35647346068271,0.06228567093399766,0.2259538469856535,0.15344118719131145,0.5955635330752895,False,0.0,True
10.987567980426684,1348.738481119512,0.4380664640988825,11.288699691153631,3.2634054357468045,1.5658649583513315,0.9634262971768829,356.5580261948554,0.5113617547671587,75.10927040084884,0.49099780662363485,0.4189969317758551,27140.999999990767,18.498858450813692,0.17357790002332887,1.4590595929804828,248.660000000516,456.91121287446884,1043.50662892672,774.1998104546675,123.6013114086534,1873.3490343244055,2672.9807628694152,2517309.390128174,2846944.077400241,986146.8975694408,0.010451784330758648,0.000920211394565967,9065752.798121283,91.9643403270398,0.036860794342211435,0.1731741013500299,0.20972716706499978,0.4522682885508886,False,0.0,True
12.147666006009706,1411.9521524682573,0.45353416868519714,9.668232853449533,2.6918991501995704,1.592545642885,0.6659072087091525,345.53792280420123,1.4865623633731866,79.32196467343927,0.4957218763881053,0.4242054627750233,27140.999999990432,19.909106704552208,0.19863447786774588,0.6816685816132801,248.660000000516,493.54563292128074,1020.9074997743904,873.7945082998997,99.90407129407019,1708.8344800750842,2646.70219549293,2402179.7829796188,2805086.51305042,1179941.9365100758,0.01001306354306073,0.0015002969221121194,9076880.640915414,61.44288538394179,0.05551526667563501,0.19479286546829244,0.1844969740410993,0.513572590608426,False,0.0,True
18.838085614968467,1348.9464444065748,0.49650431625550656,6.923271206517382,2.2993867513634423,1.2953691211200469,0.8748278741231257,364.2457513038979,0.7427291722196998,52.227316228404625,0.5011295628730641,0.46804627296706325,27141.000000000022,18.928472713160172,0.1799765641533315,0.4465157596151638,248.660000000516,516.3751596895406,979.3080464691998,874.6018703047661,96.46783084248013,1660.5205941938038,2625.6972095994583,2548931.526852519,2915168.357802443,1153464.5450903494,0.01125120689957979,0.0014520369950192828,8980351.934065169,81.72301180894372,0.03870792687592559,0.20295744594514967,0.17177371785754306,0.5416081328427035,False,0.0,True
18.16014066806283,1469.681799313841,0.441369881816529,6.005137466968982,2.595974311448499,1.3561008895064568,0.7553437932113192,359.78041266964954,0.7040507164629581,78.77101324790942,0.5021471191995875,0.4789410554807666,27141.000000000007,21.491327568336995,0.18626588882644265,0.3022001328854586,248.660000000516,538.3243641750539,1082.1764682502908,1009.2013020780032,78.12608437361197,1673.9401567469954,2591.5077971517026,2500026.380904917,2863060.2533158516,1328404.817115244,0.010215149653446906,0.0027837895333565855,9071433.117617609,74.46887490645737,0.07200621583833199,0.22552656992804726,0.14876536803103083,0.6025418852401369,False,0.0,True
21.22722430428772,1573.8960495476038,0.4955119290020835,7.652749819472431,2.755233609813459,1.2464399984522756,0.9903032803133642,356.49450630207207,0.5016595242000679,73.04814807712778,0.49766317603870935,0.445956371585562,27141.000000000095,22.497294180317994,0.13814193561240196,0.8389133843350488,248.660000000516,513.7521075441407,1024.6532775273047,855.4788337861868,143.44835882581006,1790.184506762933,2673.702064949147,2287462.3615311948,2554539.1015498973,935564.081995503,0.010128778508870138,0.001974923372333641,9122573.490708852,183.58603268186422,0.09183803949377306,0.16224430067615517,0.2154112917903377,0.4296091568948503,False,0.0,True
12.381876419262838,1286.4600306295897,0.4952188289258329,8.302096436440971,3.2634054357468045,1.5891951421686588,0.8250628049272233,356.0558235433581,0.5126249668489931,75.10925201197287,0.5023016204968193,0.49747662740047316,27141.000000000124,17.66674626346696,0.17908678026732322,1.2388600372035583,248.660000000516,473.8251925277107,1102.5488417977385,832.7546807405273,99.66058375576276,1882.1364568781223,2650.3117009416883,2614211.9622894693,2940826.131952128,1117672.4955975837,0.012451271417691956,0.0010507417265843474,8991434.59928868,83.04954952324287,0.022300674297255275,0.19868524409128263,0.17534031303776754,0.5312076683110993,False,0.0,True
10.006506630187872,1529.9686212739334,0.3276382037058578,11.381449963997788,2.1851969699233873,1.025247735737941,0.9353540755010625,360.3929482115963,0.8062892089630103,68.13230820219016,0.43007159223090163,0.2380439316750191,27141.000000013162,18.77459259270285,0.19950605816268355,0.9712507388068894,248.660000000516,467.6858061619806,848.0791517004049,691.4344119201446,88.36080530454008,1552.7195976906407,2620.8745877869583,2202618.36784189,2582620.3071145876,793713.4564201608,0.005672757883313694,0.0007879924662811321,9230790.062662177,61.66936647811252,0.07335528917912147,0.14263671428332006,0.29499485286444893,0.32592876060779663,False,0.0,True
10.021224495612705,1564.60111833853,0.3227487797603795,11.118932835706612,2.4976836400958695,0.9351998480550824,0.7233035408492363,361.67273961951906,1.3444046384193848,68.40435184513737,0.42085059945840436,0.18414958405101484,27141.000000013904,18.701363363958542,0.19307458302873723,1.1191963071914743,248.660000000516,481.2585240983941,930.8766486388283,731.1026659445168,85.34523067612975,1603.664413844861,2560.0609962668336,2258982.232778047,2622270.433530926,820631.8948968025,0.004033870226167678,0.0009641336345634766,9257712.589448962,68.23815152579337,0.08156750671325007,0.15221593155539043,0.29500435547941567,0.34036007750145697,False,0.0,True
19.5500241916428,1332.5390573570278,0.21967184045456087,9.194062213284187,3.1189967376213747,1.2349389980658305,0.9288365705401835,373.0890992325168,0.6329706525872028,63.32659076148024,0.5198669277728735,0.7136463911652051,27141.000000000226,21.18473787772167,0.1873013854348629,0.284012945307209,248.660000000516,583.2027523054225,1175.0868894128257,1086.2912968162686,122.51970746278795,1878.6647606719598,2646.849603499858,3438651.1116941674,3919255.502357462,1692030.6612936598,0.01728396016225805,0.0020851165403569464,9001890.07338005,72.67911206558217,0.03825432448714573,0.2786001633587643,0.08320026378283132,0.7700382378203502,False,0.0,True
20.806087721747847,1377.2062770997911,0.2974342167056478,6.426283528854477,2.7720062347323697,1.3682948189619781,0.9631312191304514,351.2527627035382,0.6048115994093528,74.06471714277002,0.5228102003251801,0.8004738117628761,27141.000000000575,21.935807131380695,0.18466071644596557,0.20922721593483176,248.660000000516,568.0362212379113,1103.0448927928257,1051.0465513623826,115.24694535387444,1855.498077780905,2700.3150405087767,3096097.6841142867,3495271.799613173,1638514.5821292708,0.019316335057345244,0.0024093246677114374,9006992.028162898,75.8848546607804,0.05103926918361706,0.25430939915536793,0.10528358683264832,0.7072145705418265,False,0.0,True
12.29297477187205,1569.0135311688948,0.3689010181181523,5.805632834918244,3.2597875868733834,1.1993982614613528,0.5895258506770106,361.0096784637979,1.486063964191278,79.24110139395992,0.4684383937274429,0.31709369437891716,27140.999999999993,21.17807663707044,0.18942612614108206,0.7396217893407725,248.660000000516,511.95853644133007,1207.8408463157994,994.3696912766951,44.341610236677084,1795.6694787223698,2503.81666956832,2346554.909161812,2660624.0644302387,1113043.6416170145,0.005735835361931401,0.002870404597206787,9208987.801312087,71.8771984233751,0.08964862620094617,0.21498132403019957,0.1868474544205963,0.5350072855882425,False,0.0,True
11.039465916551007,1565.191702337451,0.4474059210964056,7.601624545851338,3.2017250184464943,1.3660220056901486,0.7033826803810732,360.9260659607444,1.4401235193845632,67.16897387745286,0.46832571263869704,0.27111122344061317,27140.99999999995,20.767924675187924,0.17866934075656052,1.1228472642007457,248.660000000516,478.9787309794309,1131.6099353545571,871.9463744169811,57.4938330009487,1803.839217705205,2534.4407824205573,2144576.697784391,2439650.737659667,921936.8080384876,0.005523454584963336,0.0018347751304383332,9208656.691784883,85.6534882415234,0.08717765841404565,0.176294354662304,0.22558174204448597,0.43867837900030393,False,0.0,True
11.414120019946559,1473.6397970837943,0.4948758538318526,6.905321504725927,3.644016308217624,0.9556494934782437,0.7624672142978224,369.20645728975745,0.7539196787911383,63.30185555207832,0.4316340383145537,0.2701926226782401,27141.000000000255,17.141931628139226,0.14581610313843069,2.485495215285923,248.660000000516,471.1695540190691,1178.2636121201135,724.4419519948875,61.16441730163105,1940.4256396487087,2581.4722516133143,2007085.4962068833,2219813.374705878,697527.4877599459,0.006425981099085631,0.0009073168730245538,9191590.759953659,157.2798526245102,0.061261353650300186,0.146629868594792,0.28882228896886347,0.3367301460054364,False,0.0,True
18.899126549413623,1369.4818500553736,0.43148076607495184,6.029293018629865,3.2626805011319777,1.5846444687109633,0.5736767830822119,360.8224406363165,0.5034941715300466,74.094785786223,0.5232240825577723,0.8238665243077951,27140.999999999658,21.015305373633716,0.18773690511952512,0.3590867597652221,248.660000000516,568.1621267296366,1238.9243218490733,1128.419835875731,90.8523888712013,1918.3379048844006,2652.0271667604225,2872604.2765075257,3264796.3416801,1763199.145637272,0.019495137490086852,0.002865423846150732,8973409.72537878,71.94612576256596,0.05140971556430558,0.27745515751544103,0.08165950143200018,0.7726088328687479,False,0.0,True
14.710585153604713,1383.9847414653473,0.14958004765610752,11.9137303518406,3.5497539699387812,1.529387312042262,0.7998219094784991,363.5187499341367,1.1432930931621392,41.36912635454608,0.524836734054838,0.9448957829491911,27140.999999999876,22.28917415527875,0.18594037787729095,0.6002284620543082,248.660000000516,561.0662921764945,1166.47566145024,1015.2744567604955,140.74699505779475,2158.2360275070746,2771.5619727322123,3343850.0797734675,3804217.2733863275,1604236.010272041,0.023599216809071188,0.002046199635952689,9074190.984989863,74.88341897743192,0.054272962383821344,0.24235519007568151,0.11646651818339306,0.6754195314757754,False,0.0,True
19.690349616628954,1347.6460880887346,0.4955941557000507,6.966684544129281,3.244252281313921,1.5152155306720014,0.3276398322569647,349.3046453145985,0.6167699474043343,62.429338145408934,0.5253624511360018,0.982463605867807,27141.000000000036,19.87676216383833,0.177272864220673,0.558175350384139,248.660000000516,600.8710030776872,1196.9809403327617,1052.8263036509616,138.56853506861154,2102.693210687135,2797.090280763344,3041682.1186261186,3431351.547011276,1809388.347546734,0.02423358038373706,0.002431464343121126,8978444.558006734,85.50139430913423,0.04721207431152073,0.25376124454662213,0.10392106708962598,0.7094598650567029,False,0.0,True
19.71659443418174,1345.886238893169,0.4936419333696761,6.959406590952391,3.244252281313921,1.5152155306720014,0.3276398322569647,360.73927076950724,0.6167699474043343,53.73546369633401,0.526348064526856,0.98397792821805,27141.000000000036,19.859068376787445,0.1798698149276244,0.5140848540372611,248.660000000516,601.2385694864562,1215.9324525367813,1075.7193992352638,119.01307746873266,2046.1038059530133,2744.241782318929,3034714.9207871687,3434802.2472487204,1774477.9787543723,0.024186209267913157,0.0025199356818529743,8982188.669731205,81.88534565999954,0.04670126172924376,0.26137235209837517,0.09565452292345283,0.7320803289175228,False,0.0,True
22.20967861368799,1350.7207233956296,0.49570487331322155,4.8948154840457665,2.6833178417402688,0.9444740979497968,0.9245430777821116,361.27272080472846,0.7560031216378389,76.48975013846075,0.48197231202833934,0.37107419022908666,27141.000000000095,17.872595833019325,0.15501736231306648,0.7107944330742234,248.660000000516,529.2467689840086,1079.6898152114866,886.2506013759196,77.7886297957884,1690.2916123439768,2571.6281940897757,2680799.4892451526,2959087.3825830217,1077246.8194037182,0.008559466803271076,0.0015118577937366002,8988864.653882446,128.01553910118918,0.037307678533266414,0.21146222660295713,0.1780038893772168,0.5429541054444946,False,0.0,True
15.061212123289184,1572.3762507493034,0.35230926316276545,9.668232853449533,2.3067395571386484,1.1605803045487353,0.9323716836850483,349.1730812095196,1.8102183216521692,70.54378338408841,0.4766732328791184,0.358285426024563,27140.99999999995,22.036793020938667,0.1815279065897044,0.4994573478966754,248.660000000516,512.9502206673238,931.626084345844,838.1806978113856,109.49663739763945,1630.8598189737968,2641.602892852024,2405711.707949622,2785905.310858637,1019326.5931894104,0.008107312760826981,0.0016169119869056648,9185378.804360395,81.46400365302675,0.08988279448822074,0.16991533510488036,0.22487024801900643,0.4303990377773233,False,0.0,True
16.211334997132926,1478.7394199971054,0.3185177268115442,9.271373565160033,2.4810638570756716,1.0273681301657338,0.9326510222737214,360.3929482115963,1.3444046384193848,63.5232820939723,0.47857177683714447,0.3661446907705159,27140.99999999995,20.642758515899043,0.17912096365346253,0.5534091565431084,248.660000000516,530.2028595049474,977.8477646890984,856.1387154053002,105.09559388012829,1682.156811657533,2611.4686096246305,2703238.537383061,3087398.946566959,1089460.447899757,0.008439647240430826,0.001497885811771729,9147709.440832704,84.44462033508721,0.06811551616685046,0.18777147505103625,0.20533742703523733,0.477657651746149,False,0.0,True
25.132291714620003,1493.6921881998228,0.4354258067175121,6.752812332931356,3.387819146933936,1.160606773165567,0.9334404683511224,368.347430750896,0.5163427512842341,67.90312458400325,0.5124284505008357,0.6228332117986756,27141.00000000008,22.12664025384767,0.13624652469629062,0.7423309485740762,248.660000000516,559.4146073014253,1210.8153574377507,1005.9110091764584,122.07654673176454,1943.4102541048976,2654.3397797257026,2755240.2642243137,3039028.423045926,1183215.7425514217,0.01387776628120014,0.0030265499202277654,9084542.748512972,190.55732593976407,0.07716463258999866,0.21392777424049042,0.15281389656260358,0.5833200622444392,False,0.0,True
18.745820618523556,1578.9613679227257,0.496583875264798,6.961889410668068,3.1678340178115567,1.015107501600697,0.8734248268471175,353.7806918102131,2.426942939857548,63.50275699862066,0.4738918676330608,0.34008517675651734,27140.999999999993,20.950316356937492,0.1335155182743956,1.3144441361432422,248.660000000516,515.9609634667278,1123.052239701903,836.5160628323907,89.66874971876503,1882.911243836793,2588.9156737326953,2175032.6564922193,2406547.170545564,821045.0109679275,0.007469134895897886,0.0017611168864507495,9171245.229164533,204.42402983203542,0.08872276382742086,0.15865913488023034,0.23803276995386985,0.3999555648774403,False,0.0,True
18.838085614968467,1268.825470110668,0.49650431625550656,6.923271206517382,2.2993867513634423,1.2953691211200469,0.8748278741231257,357.70245669617935,0.7427291722196998,52.227316228404625,0.5052706006691848,0.5638616434279157,27140.999999999876,17.646468171502736,0.1820470121414526,0.5108699286644608,248.660000000516,516.3751596895406,964.9547544391116,846.8652337217877,110.47875006266416,1708.106913525251,2662.8286696530517,2732360.987715163,3106145.956700634,1209846.2139638793,0.014176167382320916,0.0011276014819560716,8919298.242466314,78.42940073441909,0.018053891854729782,0.20767227157357918,0.16389869662341153,0.558903384140282,False,0.0,True
18.04439164239789,1469.681799313841,0.441369881816529,6.005137466968982,3.2434802994241685,1.3561008895064568,0.7553437932113192,359.78041266964954,0.5347592612723361,78.74096848606129,0.5064193786925655,0.58750214813551,27140.99999999995,21.413277657272847,0.165370997594884,0.6698903390405564,248.660000000516,537.4549047374052,1187.5417369463341,1004.1560769557308,88.13744677125358,1875.291389896642,2627.0331721437956,2608876.2952833255,2915549.4995992226,1277638.5940135638,0.013204813546589068,0.0027405822559567815,9088741.336128287,106.6165393591999,0.071869408173063,0.22049974483997903,0.15071887979702261,0.5939889062829109,False,0.0,True
20.192583778109974,1421.9313893431154,0.4948758538318526,6.244734492170616,2.7431987052870648,1.1888789849997217,0.8281734382160603,392.74474080627084,0.7281705236101969,54.158704233583514,0.4874581870180739,0.4151329927193282,27140.999999999935,20.00945584294836,0.18767450681935197,0.196405772855889,248.660000000516,532.1142326602711,1178.2216870450022,1118.5438855820041,77.80909970747821,1679.5574668835277,2522.974327230298,2434684.827141638,2841176.93855883,1400247.4666869575,0.00786341035140217,0.003403714203993088,8985543.206715144,72.11529159546971,0.057056058771119585,0.27768608231982905,0.10749123585601007,0.7209305148987544,False,0.0,True
13.45163102137011,1541.5123032142808,0.2605721870462159,10.35212783500786,3.2147649512840166,1.2454605175141136,0.984341713069223,365.8943589337829,0.5127101145349219,79.83449778604965,0.48453262387906193,0.40960096870639595,27140.99999998985,22.08098836093724,0.17453994342407086,0.8394970834136136,248.660000000516,514.9086698305828,1104.4693158407606,908.0482402638743,100.52058204369246,1818.6510855293052,2624.971331734473,2650908.900510662,3007664.11064805,1100962.0125049064,0.009159963604890901,0.0019570162867652333,9206151.587161371,91.85282248527376,0.08465958879496359,0.19265747740277803,0.19614785336735327,0.4955114093244791,False,0.0,True
13.45163102137011,1541.5123032142808,0.2605721870462159,10.77952463932552,3.2147649512840166,1.2454605175141136,0.984341713069223,365.8943589337829,0.5127101145349219,79.83449778604965,0.48440473626102903,0.40585459407116986,27141.000000010485,22.08472736504224,0.17389258336023308,0.8513154234594952,248.660000000516,514.9086698305828,1099.8207280107843,903.1199772025258,106.02014513694492,1818.2902216079779,2628.371732202694,2651983.379504562,3013451.0290420577,1102460.2773011439,0.009094789740480681,0.0019205097972091953,9204899.582076171,92.86985205109644,0.0846611012480147,0.1913965944027884,0.19750246496313706,0.4921498002974038,False,0.0,True
11.381609828851175,1566.3325457230758,0.3760014127298396,9.485777612009674,3.558779573534065,1.6036589496799827,0.8760185163987275,370.638658096769,0.7574439688556134,55.626382840236694,0.48905308242481915,0.4444469655751226,27141.000000000065,22.330591426467308,0.17596536863591378,1.0324371865237025,248.660000000516,478.67152727127973,1183.8064320324713,932.3038873964293,77.08891010840031,1938.4957706272455,2599.540573116943,2342134.290564267,2664563.2527809558,1042090.6099454076,0.009751072300108613,0.0023116627925658197,9194581.847689716,89.52601407923432,0.09102721822363781,0.190962617463878,0.19406393355460125,0.49597259451001546,False,0.0,True
12.336781427446128,1429.5011405275422,0.21109669868524283,8.468195801460142,3.458240682202039,1.3151617271257237,0.7880999391670117,357.6775067906637,1.1798190699191549,79.96088072520959,0.4944333663906027,0.4520249824229781,27140.999999995336,20.841691322896278,0.19348578044630718,0.7471642182109712,248.660000000516,522.9280205284649,1189.123674721628,979.4474519545529,74.59949334508512,1876.843718449191,2581.958041826116,2919615.142516161,3296542.8836299055,1288350.9762006118,0.01026222430997556,0.0020061857379643803,9148121.960740166,67.00136677336295,0.059743990194836255,0.23058198509119024,0.15036225380045837,0.6052906476865616,False,0.0,True
18.73847604316043,1448.014595930244,0.42234440576077337,9.833294236340322,3.172154354151096,1.0799835313383244,0.5625238765485702,370.834502559561,0.6354645930168198,70.12666266798975,0.4953081450693731,0.4855303875748813,27141.000000012697,20.238542912213585,0.1581535767195674,0.8392629442307653,248.660000000516,569.4729095648429,1144.692205302984,937.7291363129375,132.68958033669406,1861.3037981035397,2638.2130934155025,2788614.345475301,3154408.441588267,1233692.7092214026,0.011124569606471423,0.0020532106427045955,9108942.48203914,122.16021326947563,0.06540347026256135,0.2066216961278411,0.17296941327706342,0.5443270166463268,False,0.0,True
12.394549122209344,1348.738481119512,0.4952188289258329,8.307747704247095,3.2634054357468045,1.5951707216794537,0.7431274922896111,356.5580261948554,0.5126249668489931,75.10927040084884,0.5005446955006237,0.501447412020059,27141.000000000036,18.653827866963756,0.17828308221859393,1.1693983903200478,248.660000000516,482.7030176780579,1110.916315235998,854.7526276190234,98.36493141638587,1886.0511134597064,2653.0565709652374,2525297.041070084,2849729.010886114,1119685.6023704298,0.012331089439771363,0.001278694769865078,9039168.79683521,84.62466690448409,0.038668492354421456,0.19474876898401527,0.1807314882157882,0.5186658026613209,False,0.0,True
12.394549122209344,1348.738481119512,0.4952188289258329,8.307747704247095,3.3821623351633963,1.5951707216794537,0.7431274922896111,356.5580261948554,0.5009669466875807,71.24005808859636,0.5012316593425714,0.5415097244936954,27140.999999996297,18.646976388646234,0.17440680826944102,1.2684969630933147,248.660000000516,482.7030176780579,1124.9423499518443,851.4587040852363,102.05802230251449,1939.2453450202174,2668.862252974795,2547093.4798698807,2861308.532229218,1114465.6613574629,0.013432146396807905,0.0012649690356734773,9041567.21938334,90.41745719851853,0.03866634315488763,0.19308595014423557,0.18189069410378989,0.514927937795828,False,0.0,True
14.736458135659152,1201.6615433468166,0.22718201922288975,9.835867477267113,3.232871822618808,1.2288439863659457,0.8759537943021972,359.25600669299445,0.7371723466581757,56.20855905345129,0.5186989082013624,0.7631189412149805,27140.999999999905,17.782929499815054,0.18826380616650693,0.8437084372961263,248.660000000516,541.3615973421499,1088.8688875530515,882.3053978738795,128.78298027159087,2008.557247388465,2737.5687692674787,3563600.002662754,3986030.0960829295,1443953.7549111582,0.019833185396163036,0.0008786257873526754,8984232.454217901,71.42978667365571,0.0001838844860013831,0.23753251366284786,0.12516522321483084,0.6549048684661539,False,0.0,True
14.66912117316768,1468.823851368647,0.44298928259426384,6.840443500051753,3.202715282486177,1.9894468165789414,0.9481606677616825,355.8598237811981,1.1517914403331724,52.029814757469744,0.5163914264523992,0.7287188890252584,27140.999999987987,22.690543395839033,0.19075941257316345,0.47001028514931653,248.660000000516,489.0071339817876,1176.0366378991594,1047.7742652846534,89.17090211764432,1922.292563122554,2636.455369058707,2337843.203763659,2700546.8908962985,1432500.269499225,0.01662955270292021,0.003148606664105573,9036014.81449709,69.05861784289368,0.07383343620551101,0.23399850709158798,0.12997614460225265,0.6428978117091988,False,0.0,True
10.991940846299633,1568.9870562532303,0.42488022935541286,5.820614951172765,3.2330379005766354,1.3660220056901486,0.9619786125849528,360.9260659607444,1.4401235193845632,63.17089614418957,0.4644150735422998,0.2797559096340006,27141.000000000007,20.917209690542144,0.1812286032980245,1.0520595898475558,248.660000000516,459.3941506806732,1151.4689240475918,884.7949635300262,47.32842779925878,1811.3198595449396,2524.247530404898,2090798.1693578642,2365028.9304800415,910796.540249621,0.005671632940731958,0.0019212222026444552,9196445.334342455,81.96692453544536,0.08555229917259911,0.18290505788567557,0.22228778543398325,0.45140248871913263,False,0.0,True
10.991940846299633,1568.9870562532303,0.4238876633323596,8.13555047808659,3.2332844431442123,1.376548258658554,0.9613211219034077,356.6616515192833,1.4455648226367095,64.1888944283626,0.46723693766205726,0.28587360081271307,27140.99999999791,20.927266977845537,0.16795850264646567,1.3431966833828983,248.660000000516,459.6247006445693,1091.6963955654937,812.7676846395185,70.4804700443029,1835.7711636415427,2567.1707526936725,2136839.7737631695,2407838.6133867432,828114.4290016913,0.006314005828470047,0.0014448895711872008,9210764.07113741,103.13083936793447,0.08570761228120537,0.1601182424865063,0.24273741375345925,0.3974580969793559,False,0.0,True
11.72090848124339,1461.717027875852,0.32319329691481935,9.87788861557834,3.224478006726177,1.0005050464357126,0.9631243748205476,365.9723820654495,0.8420893763961734,67.50739813053218,0.45097239453230764,0.27425263921127424,27140.99999999992,18.55878409296525,0.1656973447124745,1.5572350130659929,248.660000000516,485.4933438944272,1070.1095924614594,759.4463613705229,83.71112274537842,1821.2734610293235,2583.9855352098957,2429228.7085262197,2725734.259300597,846983.9888588763,0.00647564871644606,0.000967842164387112,9203596.902477592,107.32720492444042,0.05991798247379724,0.1640352083763167,0.25331324607947986,0.39304137016683377,False,0.0,True
13.578591637267703,1569.3678641207875,0.35198151329273897,9.668232853449533,2.266627342707484,1.1605803045487353,0.9429295857576218,350.977761123678,1.8102183216521692,70.54378338408841,0.4683191209661978,0.3021632271699856,27140.99999999995,21.494857245959256,0.18864077996253514,0.5381435362483732,248.660000000516,499.1414649381469,920.4170860897975,818.5178852526651,96.84380351508894,1590.3916347897875,2612.4867353246595,2327210.411652708,2708511.052063331,961746.3075820832,0.006735475924996568,0.001465536223623996,9195378.428241821,72.6710999411396,0.08744517738709788,0.16668256209503232,0.2351833521826883,0.414771584682949,False,0.0,True
19.5500241916428,1401.7373613922268,0.22567547194984333,9.672294054207455,3.1174313583304403,1.284372870125481,0.8423755125219099,370.638658096769,0.6696361489711027,50.7299782384655,0.5208456161077757,0.8370937090206721,27140.999999999964,22.390622726888953,0.17890989886703934,0.33910022021419106,248.660000000516,587.2494928380181,1149.9831361845868,1059.8859311570861,131.62331577815635,1963.0215047628399,2707.5780241619777,3312045.320024124,3767545.6197348777,1617553.0432928428,0.020196693398767028,0.002522866957763006,9055906.84687044,83.89338398855945,0.058597077997337786,0.25323992969378906,0.10799156352843534,0.7010461004793941,False,0.0,True
18.872881731860833,1371.241699250939,0.4264672913056511,6.036570971806789,3.2631588931792272,1.5846444687109633,0.7437561388168086,349.3878151814078,0.5027276183182818,74.094785786223,0.5230989577252009,0.8769002914170942,27140.99999999979,21.042424584007982,0.17760025805123508,0.4853043070017168,248.660000000516,547.810885846218,1196.7296462055997,1056.3769786921125,110.53784194574799,1988.2936799857398,2706.7420228415926,2850626.3519331417,3205602.951778453,1642509.0575151695,0.021265790688770016,0.002534160120581153,8974971.042576827,84.99652209634716,0.049899090354035266,0.25360252172247466,0.10557566974785378,0.7060632514583634,False,0.0,True
13.479866916680093,1468.823851368647,0.14392563362228183,9.146049126564247,3.7800906760139634,1.9894468165789414,0.8117175784960208,344.74166842269494,0.9004919937007008,52.40553084987909,0.5249207483734497,1.13572946249051,27141.000000000065,24.652295662660993,0.19845954778924538,0.44595989443054374,248.660000000516,548.0134806688973,1235.1101272010537,1123.2141224579505,148.0690756798368,2317.354368003579,2876.93791992142,3042831.7391219046,3472270.2742676474,1916917.483028953,0.027354190851002724,0.003470642490452285,9073810.527409017,61.58466608841419,0.08350699259617189,0.25930439853040893,0.09934991080223124,0.722992563543723,False,0.0,True
13.073521340317914,1468.823851368647,0.14392563362228183,9.146049126564247,3.7800906760139634,1.9894468165789414,0.8117175784960208,346.7421123995061,0.9004919937007008,52.40553084987909,0.5245506734410876,1.1134819310785367,27140.999999999993,24.481618808396743,0.19953148283885963,0.472580722585827,248.660000000516,543.2431379600123,1233.4805992431368,1113.7339499065504,139.66051073895326,2286.371021604585,2852.409221991598,3029029.1595205795,3454814.460342872,1853668.973651343,0.026846742825917057,0.0033742702654854977,9084321.907679515,60.66764013580498,0.08263381006501953,0.25632221211319917,0.10264477798186979,0.7140551058617248,False,0.0,True
16.211334997132926,1472.7620047447458,0.3185177268115442,9.963725764066375,2.686905883027998,1.0254651832207322,0.9344734164328401,360.3929482115963,1.3444046384193848,63.17089614418957,0.4799038785480224,0.3746969905826578,27140.99999999541,20.532857955653867,0.17070716606775047,0.7186462845432702,248.660000000516,530.0501336323596,1004.3225150667619,846.7290028052878,115.48853103738037,1744.5977077565133,2619.3535024146795,2717372.3586070077,3087421.304599555,1074695.8266612804,0.00873677235479192,0.0014328786666102746,9149517.410689374,97.57572952252498,0.06667474154518206,0.18473722914769786,0.20729988862869345,0.47122382236538024,False,0.0,True
14.669431602892582,1347.577240099014,0.4896766457745208,10.908601914155916,2.765847480518072,1.172656362075088,0.7881667119227573,360.3068603806893,1.1478350704691573,51.59630171546025,0.4814518285741934,0.4006074472776959,27140.99999999046,17.633343811578193,0.16069645405719601,1.338740953836629,248.660000000516,498.5974445600177,973.4347657602925,744.9214128642474,128.27258772982623,1821.099975367412,2664.928527160146,2485588.179443765,2817289.3076789146,938262.9615002316,0.010008132230446914,0.0008647544961132097,9052506.272892335,115.73076670553708,0.03633047248322903,0.16148993507040138,0.22871881526804042,0.4138552375628057,False,0.0,True
10.991940846299633,1568.9870562532303,0.2251936398401227,10.878178073835311,3.2330379005766354,1.3613623583110817,0.9619786125849528,361.0158074522988,1.4401235193845632,63.17089614418957,0.47604156438673745,0.3685872336830603,27141.00000000005,22.159356333864626,0.18933519240969665,0.8549909222751896,248.660000000516,496.78512649872124,1101.9753332274868,904.7112833636724,88.2520535796885,1850.532202451478,2578.617346258411,2555680.4448983218,2929345.0142462263,1085682.3803590387,0.008045223269817488,0.0019586028395744684,9235670.919311754,72.18937650831232,0.09053776944057754,0.1914840799778926,0.2045056781414414,0.48355816293659715,False,0.0,True
25.103179576915522,1204.9219131754144,0.4383676887931103,6.7577590224220065,2.895423924997155,0.9507779831371768,0.8971098663912567,368.3513861878991,0.5163427512842341,62.974577628497045,0.5073112345982583,0.6254708727859425,27140.99999999928,16.573887373259243,0.15502702296614151,0.7298070837100872,248.660000000516,563.9170239211597,1102.0659280231362,899.8452571304375,120.06983594032864,1839.3044014294192,2661.0914914824675,3417032.1856303653,3764563.907503335,1317898.1790368222,0.015885892995108154,0.00109001196317466,8880678.66006342,126.45115805943635,0.001062339729941401,0.2423465261653166,0.12766593331367698,0.6549685556712318,False,0.0,True
13.770451442388158,1274.030340292563,0.24093133386055088,9.879590959085077,3.562261635940046,1.2233748734259104,0.5569040667264923,375.35936969503666,0.758534103772561,55.52541975025067,0.5085965496081755,0.6794423955504428,27141.000000011212,18.64005839910657,0.19310186321309022,0.767372078310186,248.660000000516,546.2704516442474,1221.0347105837286,986.2665230099891,98.47388842960264,1987.1869548915997,2632.8909016367948,3321048.206075333,3758076.8268330465,1470515.8987221993,0.01707344421519976,0.0013673018424424264,9022486.679286411,66.47613080642925,0.020104742532013612,0.26112304387056373,0.10874658792110194,0.705986708359028,False,0.0,True
12.29297477187205,1569.0135311688948,0.37140871814059023,7.832226855074492,3.264596418582032,1.1888021534890327,0.5261450358143627,351.93398886147367,1.486063964191278,79.24110139395992,0.47141713320947887,0.3667876965144011,27141.00000000008,21.057411115266415,0.17283162878730404,1.0856407736868319,248.660000000516,516.7412467658703,1135.119540443575,887.7522188536395,73.3583220875841,1843.9186273820048,2587.0484808331234,2398390.4242176167,2698575.6370139406,1006423.3441768675,0.00803008551916709,0.001924899351930299,9233264.320698345,94.88214118788464,0.09003931074539825,0.18056168697252975,0.21888649734517784,0.45202780751387045,False,0.0,True
25.416231376835896,1423.3244077775844,0.41097055670583127,6.741083707833609,3.3904890120733757,0.9975321461480317,0.9650534384535724,374.7341621707095,0.54413107368217,66.75771800427268,0.5051609047439926,0.5789099076146308,27140.999999999978,20.60306785246244,0.13890097829878345,0.7509366462858493,248.660000000516,563.2566713771977,1225.8449305068796,998.1764930510432,106.60260848901818,1923.2543882837795,2628.649914939905,2911751.7583349906,3208164.2234396916,1195650.6590359453,0.013239017191178497,0.0024731766113901834,9050461.48582663,179.16521203384306,0.05741438584254518,0.22806919484418833,0.14383316950950592,0.6132501879640788,False,0.0,True
15.669777781884275,1561.348459657928,0.2251936398401227,10.878178073835311,3.2330379005766354,1.3125990766040074,0.7477340128682369,361.0158074522988,1.4401235193845632,62.55585221606748,0.5012743942220051,0.5753651867226032,27141.000000000036,23.811420214039483,0.1769656239928364,0.5220991980601808,248.660000000516,558.152688392636,1142.0826234161536,1018.1898978234769,125.01428728880201,1914.2510125553235,2634.47777226049,2869548.446453391,3284558.121569083,1366215.0969715798,0.012537592841137287,0.003078393691700906,9183254.377416292,87.90807217359,0.09706554434455006,0.21782431891055326,0.1579049104894195,0.5797374861104406,False,0.0,True
11.414120019946559,1473.6397970837943,0.4948758538318526,6.283008777692849,3.644016308217624,1.0049545353802596,0.7501724132979928,369.20645728975745,0.753893455062147,63.30185555207832,0.4384500317596491,0.28047291685538084,27141.000000000036,17.45828437223875,0.14898543020394883,2.3091064820848346,248.660000000516,472.40781473369077,1196.86374126763,745.0979280264312,56.395721206403984,1939.518527539848,2576.435380302461,1987507.7088635308,2201310.4026339324,726012.4437445942,0.006624762099148103,0.0009875533372237983,9187362.432840763,147.3867112140132,0.0614246653452905,0.1517988170881874,0.2769481853126414,0.35405219450671066,False,0.0,True
20.806087721747847,1461.9129322937167,0.2975793293478044,5.925061264280998,3.5606016295713623,1.3682948189619781,0.9631312191304514,351.2527627035382,0.6048115994093528,73.04814807712778,0.5230083795319986,0.9249798885301982,27140.99999999992,23.189670682862726,0.16174169630510912,0.5072382053968608,248.660000000516,567.9948475073245,1244.8467216229556,1097.012853610993,115.36918023112622,2070.4495316524403,2720.3147154732687,3049182.1787798237,3369620.0041942457,1546725.628225376,0.021672565559100417,0.003432313595497618,9081991.261311904,113.87122059392247,0.07405169045445267,0.24848586348498297,0.111166893759338,0.6909049311588633,False,0.0,True
12.18370152267486,1460.7276024306461,0.417012642692137,7.041639687837599,2.6321805238864115,1.2524177139013632,0.6329455022016398,363.73012271720995,0.8105809093454989,60.015430726833344,0.47493526766426863,0.3748384830679809,27141.00000000814,19.528227283575372,0.1951871642484133,0.7533407537165686,248.660000000516,501.4397419058882,1025.7133260578462,855.7816861029619,64.38527109782835,1709.133382142573,2591.7610492344033,2375463.468007878,2715865.6872602003,1018246.1900291145,0.008698978789245216,0.001474512479705905,9154734.084229538,65.31167881642651,0.06428124525827271,0.18607500814822514,0.21002384284284623,0.46976911870016896,False,0.0,True
14.836989755520657,1423.3244077775844,0.41097055670583127,8.018351062867099,3.211830796139268,0.9988670394341382,0.9650534384535724,374.58230253220796,0.54413107368217,66.75771800427268,0.46674876920279096,0.2985242797863169,27140.999999999993,18.505753034378415,0.15573241603766275,1.3374682299870653,248.660000000516,495.28720851321543,1122.5681343924823,811.3917379222554,80.14699319526052,1812.8631454319395,2576.453465936716,2424058.5505816955,2703820.50929059,880190.809273663,0.0069133664124573935,0.0011888810652230309,9126340.872789178,128.1912843680646,0.05211411282016704,0.17923976676633582,0.22348751101320807,0.44506487803503864,False,0.0,True
12.267853519077148,1520.3012345150116,0.49052111190593495,10.398724759677405,2.9358954317638486,1.0517440923630328,0.45372190059423767,355.56865844032706,1.2644786604840887,72.05260257630185,0.4532531871757703,0.2807516060826711,27140.999999991494,18.748645619918502,0.15993552602661817,1.6434577002139115,248.660000000516,512.4910160485662,1019.3580790573614,749.0109381834602,100.86607352844312,1779.2761160080852,2625.063467557721,2144004.7757404633,2437039.155412155,840129.1262254375,0.006544683942161541,0.001075195398525846,9219118.97423695,119.55106997257973,0.07599322737365459,0.14309387723900013,0.2719794111843877,0.3447436422192504,False,0.0,True
19.791572351941987,1389.8381193046807,0.48548130671416395,6.5235077085505875,2.454111604295097,1.1890957878134083,0.9740207097636379,350.4993699093825,3.571351624396933,45.18264504836511,0.4963857825388456,0.5360200154081112,27140.999999999833,19.359334108620487,0.16161212458461702,0.6465306989685519,248.660000000516,510.58732109778117,990.160725003576,843.7996395401725,102.97381952257672,1779.8241417623099,2647.47692245369,2515836.6769318935,2823019.9120592987,1020002.9993118243,0.013146485024755636,0.001401634213435818,9018950.963298561,113.35301697645001,0.047453331653334915,0.1862734925110848,0.19206698461809493,0.49234354707303496,False,0.0,True
13.465127005499351,1430.535769641719,0.2198434715233079,9.693602570234631,3.458240682202039,1.6091547057451496,0.6090512623401807,322.559664821738,4.101222838832576,79.97693159348779,0.5183715232310325,0.8992398526898299,27141.000000000036,22.414002591871352,0.18943267880850523,0.6283222435545934,248.660000000516,542.9016780404687,1160.3279586248111,1005.6605779339151,120.66533299701027,2089.2640344921483,2777.3964430195583,3035743.845540188,3442666.0214191913,1523010.179160981,0.02213951216965709,0.002266756672197612,9099771.548191853,71.01738293264535,0.06612440574045939,0.23079656882885796,0.13239233309394124,0.63547252574892,False,0.0,True
14.719765362993147,1457.6627627920602,0.22535720811985074,10.36228575825845,3.5562397271854054,1.5280443976104057,0.8607338886179358,363.47988982404013,0.5129164716402154,57.028694817243434,0.5179722065560212,0.7854997843308712,27140.999999999978,22.767970578791314,0.1759829336846486,0.7126121958654466,248.660000000516,542.4172012479862,1169.7358993898315,995.438288814442,132.10823155755247,2073.585234893373,2741.102887637663,3031998.2161040856,3420490.0377271064,1403628.5896923766,0.01896570750890847,0.0023535421376156907,9130665.093241429,88.87704990834004,0.07216553675538766,0.22229517988732406,0.14130714199653008,0.6113689778865935,False,0.0,True
18.838085614968467,1348.9464444065748,0.4948758538318526,6.088368866652422,2.2993867513634423,1.308969028809603,0.8127213918192336,355.21609133658916,0.8581383602639623,52.29778175796731,0.5026665910341384,0.5874580253124473,27141.000000000095,19.01488560018413,0.18421476363410919,0.40266700233980707,248.660000000516,525.4796496681342,986.454741713061,891.7000628139511,97.34740100996977,1708.1424207667387,2652.757309149165,2581261.156736412,2940727.9010905335,1243832.8273446765,0.014408767073973568,0.0015354311910316199,8979850.879012862,76.2069713659206,0.039406854576074075,0.20839844901071808,0.1652137426407429,0.5577934919348961,False,0.0,True
12.41248751639383,1502.1986693281074,0.4905661386143349,9.141989798783154,2.728825100770755,1.6388984635456616,0.6148213210023485,351.7525137816266,0.8037020438039403,72.8323158538596,0.4937401586777137,0.4836634189181507,27140.999999999993,21.150041243686736,0.18964718405886377,0.7231419177940994,248.660000000516,497.1061234440923,1026.4494896720514,881.0514240013545,104.63822577326785,1772.304258492705,2669.687919495601,2245988.604122227,2613126.2521538287,1139141.1276187343,0.011302805234434703,0.0018243036184228195,9129345.273508769,71.00669742767587,0.07884512438104921,0.18191573474365427,0.19901286834320706,0.4775586114287482,False,0.0,True
16.492017474482832,1424.4487029739257,0.477921946364345,6.966684544129281,2.7170009734648923,1.5152155306720014,0.675777279625929,350.4478007509714,0.6167699474043343,62.429338145408934,0.5078697852597922,0.6991073543345415,27140.999999999905,20.690146816528415,0.18259081803450689,0.53181111435763,248.660000000516,529.1297088761945,1058.426771469137,937.1735613401212,111.7743916990699,1864.307316861573,2706.0397321554287,2524121.427851879,2880835.5401068274,1344089.4395126626,0.016941714904740227,0.0020327577992534955,9045640.12604793,78.83178847356133,0.06152105240309946,0.20807132666671632,0.1619747209961585,0.5622849588067395,False,0.0,True
16.227403697135532,1472.8992840883452,0.27638411011346237,9.963725764066375,2.7078294840612234,1.361513071816553,0.9186790013156286,346.51410403986984,1.3444046384193848,63.17089614418957,0.5065717281493323,0.6553057785078844,27140.99999999995,22.474880182074088,0.1815497753431209,0.46042578188097005,248.660000000516,541.3471351197727,1008.557023920208,915.3133865866831,148.41428095739653,1886.354656508041,2755.1190279082057,2844653.1299648862,3256096.2689028857,1348206.175676153,0.015911521167556935,0.0018741329669255211,9117507.083929101,80.83284021552922,0.07337693762439919,0.20096877599554977,0.17054884721757255,0.5409400885412732,False,0.0,True
22.20967861368799,1350.7207233956296,0.49570487331322155,4.090194992516443,2.680638639763475,0.9444740979497968,0.9143636108783477,360.40008031243764,0.5438729157215616,76.48975013846075,0.4804445787110452,0.42771261070503175,27140.999999999964,17.902906866113344,0.15985318360568498,0.6058499412861971,248.660000000516,530.8398564230018,1096.9015786500377,919.2438301255158,69.13693570242913,1698.2149514843404,2572.5793987500842,2684425.292345786,2959577.050976775,1162607.0251409244,0.009933443121632845,0.0016751048455124072,8978536.860637194,116.61128385032778,0.037399268380928156,0.2246957555873025,0.16598900769412625,0.5751331423832454,False,0.0,True
23.353585846177626,1339.5297613002872,0.49894318037140906,5.954482588254221,3.056161401289004,1.1382399745262437,0.9747985674702305,352.22571227287244,0.5686827266362192,67.282553057463,0.504652493146688,0.6154227572864638,27140.999999999935,18.685734575497538,0.13908849979037421,0.9996101374584607,248.660000000516,526.487215150281,1101.8204417616223,863.2828180207752,133.7947820016273,1920.35676637177,2691.1495205226392,2736213.443039463,2998489.2510559564,1109139.376863995,0.015282220782399825,0.0014209682731120474,8961352.196672501,176.6846231646966,0.03562590654765817,0.19754656460747594,0.17446472271877944,0.5310230397235953,False,0.0,True
12.669516505176198,1535.5710014281244,0.44500051349377795,7.06155410228333,2.9351777446207814,1.246838271599231,0.4328736580744251,368.347430750896,0.5016595242000679,67.282553057463,0.47565046403508604,0.4204228168868498,27141.000000000124,20.502646535656204,0.18405920827405822,0.8555134516441455,248.660000000516,522.7515995144115,1102.7087170045843,904.7767103202245,65.52493660563357,1783.0792706332734,2604.3288825535024,2326004.377510201,2646989.4238364026,1057977.5342225381,0.009387354287074967,0.0020233413860510758,9201116.288476076,78.28287151197237,0.08413096270924947,0.18718391780684857,0.20848195018023033,0.4730858356803255,False,0.0,True
10.269869901253637,1441.4904004565283,0.4952188289258329,8.308287406899279,3.683132384013361,1.5951707216794537,0.6594979445278392,356.5580261948554,0.6153411734891928,75.10927040084884,0.4844165975897285,0.453211254945174,27141.00000000021,19.32943553556381,0.17297666736342845,1.6034385085571352,248.660000000516,468.8324892860212,1168.8074884026867,837.4818491410634,83.83226848401462,1966.8268680626393,2636.9318916913594,2328780.2969766976,2613474.585990033,994907.7898353683,0.010935928408745646,0.0013646782617214187,9135430.910894796,93.64084794867713,0.060288075440585204,0.17706586065110208,0.21123889157377979,0.4559971507857225,False,0.0,True
16.66534684201065,1401.5174007036405,0.4760343535256756,6.966684544129281,2.7170009734648923,1.5152155306720014,0.6276398079196313,349.59576269933314,0.6198254811122966,62.18250117432078,0.5099749225084758,0.7388020273827377,27140.99999999992,20.40664030470939,0.18557126300190943,0.5022181439049146,248.660000000516,536.8658933277679,1063.648225758762,947.3729008701464,113.96723379516632,1881.1592665073833,2717.8019194997487,2592728.3679761654,2962162.5227044825,1415020.8347216086,0.01804230568949659,0.002009520135698233,9027863.145530522,74.94655470776569,0.05627608221580445,0.2149801835938194,0.15351273494486636,0.5834038397436665,False,0.0,True
12.302218302507447,1572.3762507493034,0.43846710814285317,9.668232853449533,2.715747924456174,1.160680632090853,0.6659072087091525,349.1730812095196,1.4865623633731866,79.32196467343927,0.46073654975344824,0.2840567840274244,27141.000000000007,20.437042085086464,0.17051157782616078,1.1286346940973326,248.660000000516,497.0342512178167,989.5251123427072,783.876290048806,95.62984227999112,1692.7608053991985,2619.218973702205,2173502.768246911,2485338.5746266977,869647.8541968423,0.006408395694403938,0.001301189480884389,9219540.147973407,98.6612281496612,0.08772108671264867,0.15143058832147183,0.2570153848124035,0.3707481485484931,False,0.0,True
12.25588320659996,1468.823851368647,0.41524454574975345,9.029697974860616,3.7800906760139634,1.9483763297443086,0.7293699709983267,345.53513067060567,0.9004919937007008,68.36007147255319,0.5145199753379863,0.7745469950304124,27141.000000000007,22.120217352747172,0.17709782085331674,0.9915151433696341,248.660000000516,493.81292221572863,1199.7209825937098,966.4778961408938,126.06494449470817,2130.6366188065317,2751.7911764486385,2589407.6269081663,2925224.4789575445,1362878.018118694,0.018701656041914566,0.0023203239502058597,9093070.826218687,86.84999519570687,0.07397877349817168,0.20888961154589894,0.15671893531529227,0.5713477251537203,False,0.0,True
20.192583778109974,1421.9313893431154,0.4948758538318526,6.3413033258897125,3.0681757437223505,1.1888789849997217,0.8281734382160603,392.74474080627084,0.7177180339586796,54.158704233583514,0.4899808968143816,0.4674337677142741,27140.99999999989,19.981553774750402,0.17683438746458113,0.35015815074051615,248.660000000516,532.1142326602711,1243.2469165315347,1118.4203454234428,79.34750114842433,1780.4751947154189,2538.668334846257,2473808.7396085653,2850588.0592269767,1373089.719216426,0.009280404110337453,0.0034062157791956084,8994279.813480739,86.29092095785718,0.057042850197460825,0.2755802523089704,0.10763959456453374,0.719117902053585,False,0.0,True
20.99042979172607,1472.2592954220484,0.22510982403392024,5.925061264280998,3.250581952354439,1.3699761282441347,0.9631312191304514,359.83499231076576,0.6048115994093528,73.04814807712778,0.5212521868658898,0.9156176963522351,27141.000000000036,24.084414559844333,0.18127246755766976,0.1890939465073703,248.660000000516,590.6300172416406,1231.7884125450728,1190.772449630979,95.0454381416506,1940.5195177537832,2668.5288495604145,3147138.608678134,3530688.044138785,1743853.5790672214,0.020591025647222247,0.0042597542494737985,9082962.874151738,80.89671309514287,0.08015501171221716,0.27728803633297205,0.08368490031757585,0.7681684918152469,False,0.0,True
12.394549122209344,1348.2497992472897,0.49155930414157456,9.70681667710591,3.2634054357468045,1.095607622982136,0.8251594226232926,362.8633816761416,0.5189357246521988,75.10927040084884,0.46116713285091593,0.29221855425321525,27141.000000000124,16.62008366530869,0.1516460110288986,2.131291925227891,248.660000000516,474.4946933457983,1055.6453716610267,704.4702828420972,101.78958301270035,1836.9407782571516,2624.5647664913336,2293691.018452345,2557213.39676634,786461.9044664847,0.007210868011644476,0.0007202357693420756,9094116.129079558,138.3459340701605,0.03467895842044906,0.1504976291970668,0.25689993663418237,0.3694121954066986,False,0.0,True
12.342122264104216,1584.900012403887,0.3720679606847676,10.495726024118289,2.715747924456174,1.525076726891878,0.632801316715384,346.205555528986,3.6989692143849284,62.10832063638444,0.4882083727638861,0.4569926165603663,27140.99999998985,22.81591674617239,0.19523694412017456,0.5285508356150006,248.660000000516,508.6655671875393,1037.1576372423413,928.4934607380129,97.02861034490105,1791.7181553735695,2604.9200468971644,2315188.390704929,2725957.050998081,1161582.9534136313,0.010047993209516583,0.0023552433965436815,9188048.377767395,65.49922267787721,0.09882650447643976,0.18981582473127673,0.19576655848902477,0.492283447044379,False,0.0,True
16.211334997132926,1438.2422424852743,0.3189055921905022,9.931289820083165,2.686905883027998,1.0254651832207322,0.9578172870181424,360.3929482115963,3.216577293353593,64.21538095494347,0.4772555832421863,0.2719079583805272,27141.000000000255,20.118311441566973,0.186033532454062,0.4728813237090541,248.660000000516,528.0000875850042,1060.2691077920335,931.1342833379493,114.76345635585137,1720.060520601921,2579.7872348848528,2751214.3341732933,3182236.4095719596,1201774.6363745844,0.005554624041679385,0.0018252298567265738,9101320.346568486,74.99452864460596,0.058460749866565416,0.21979391196814296,0.1741952677601116,0.5578678889601513,False,0.0,True
25.132291714620003,1204.9219131754144,0.43810698179334956,6.7597505635286925,2.9051258593862217,1.2652514130239496,0.8972476052684075,368.347430750896,0.5163427512842341,67.86744787907156,0.5274222179084238,0.6603238486755237,27141.000000000036,17.889785534938618,0.16933819702138062,0.4061732677393913,248.660000000516,564.1244971534783,1143.5236026744144,1009.2536561507877,115.00160248938384,1811.1948812925993,2639.8758788545024,3369759.3232375355,3774365.679953673,1594370.423378748,0.01661676008860879,0.0013050894882936238,8820929.530544601,96.37145926744334,0.0011434336721306466,0.2782846411208981,0.07767415530695881,0.7817889146540554,False,0.0,True
18.838085614968467,1299.461620122919,0.49650431625550656,6.95718973762269,2.2993867513634423,1.2969263937099642,0.8746270818676425,364.31474288479035,2.1942697117739387,54.399383495106704,0.5002325457379381,0.33829296744210346,27140.999999993022,18.19695677721597,0.19365618073577187,0.2972918531234339,248.660000000516,516.403597583028,1014.9660002851532,931.4338977538256,84.08977733955412,1608.596937252995,2538.56287479524,2592642.5086711487,3011092.4293135246,1267175.7655417053,0.007643251486734907,0.0015383579426088622,8924676.472372562,65.19244524829111,0.026053604980944226,0.2349265479327251,0.14037747269965417,0.6259633124550035,False,0.0,True
22.20967861368799,1303.1570876817532,0.4946498049253838,6.752379997530877,2.8821877059404515,1.1391809093258687,0.9880734135576528,360.42884081485835,0.7476963746882812,77.39253552783053,0.5027764353601543,0.3941836907232569,27140.999999999993,18.02003029378767,0.1492826934509408,0.861265331871988,248.660000000516,519.5689740938079,1084.8424608700204,866.7332158867188,110.88486823802594,1748.8306672456752,2603.405491460099,2760253.0653153025,3060866.0907446723,1092374.20740936,0.00938244695923187,0.0013160925906880417,8939129.254236167,142.54950285076927,0.026200095773804274,0.207153807013952,0.1662052800771676,0.5548379942427795,False,0.0,True
13.757260167176407,1351.1755151051404,0.49659959199580517,7.041639687837599,3.6408797794759793,1.612666623991739,0.9652218508698654,365.06076311108313,0.5240496270232605,74.80600841355839,0.5041700765717965,0.41475398007128755,27140.99999998953,19.049155540094223,0.16820697200837828,1.1720271830818443,248.660000000516,469.3779745732623,1220.679280906816,909.8612794764446,78.51540832974852,1907.3545640269756,2581.2281141362887,2494072.313713271,2790196.318154107,1113975.191253019,0.009689946118076245,0.0015668916550342269,9005387.43765552,100.38511026704079,0.03852585071344056,0.2127331387426891,0.15988026474483155,0.5709218636570432,False,0.0,True
11.057631513430536,1581.908455667058,0.48790999123284534,8.288804915044942,3.2618750989957315,1.3613623583110817,0.9628723783486284,360.9245635550391,1.4401235193845632,75.38835650287666,0.4603404121642459,0.16479710543085763,27140.999999999993,20.639001734540972,0.16445136019285383,1.4035591854573042,248.660000000516,448.9977722752296,1124.4888489575978,816.4565110627318,63.26946656007648,1753.4790300288992,2488.9272529718164,1961541.673601186,2227159.3870910434,776560.431803118,0.002951984073249869,0.0015207741652490372,9194521.035728343,109.67700384410227,0.08691459445065852,0.15957521387464424,0.2490520658042142,0.3905153224230524,False,0.0,True
14.736458135659152,1181.732586896473,0.22718201922288975,9.881696788046353,3.234576969761233,1.3671885829137487,0.967398112932084,357.6748895973098,0.7371723466581757,79.76176288194787,0.5253292582808288,0.6197275163417173,27140.99999998825,17.90433827747149,0.1996456096390731,0.6459005633951382,248.660000000516,536.3691070410396,1126.20238867057,943.4318153825092,116.52538792351187,1876.6615000964132,2670.971958370658,3585185.9798055645,4053575.662910031,1576755.9044896476,0.01589834753113448,0.0009216769898887846,8945193.345856085,59.63611128414939,0.0,0.2645102867569142,0.09353472026670878,0.7387626738765343,False,0.0,True
18.837478869875262,1208.841777714916,0.22495606673997026,9.679719876011811,3.558779573534065,1.3694875511177105,0.9320274005738275,368.1550528382182,0.761476373934173,69.14027443782818,0.5377486313124498,0.747504641330796,27141.000000000036,19.472165020394126,0.18626986909586388,0.4598563057030207,248.660000000516,575.7005303682548,1245.7446270114215,1083.3227489065093,126.23968766868309,1976.2305075745185,2650.392590885231,3747240.8798529,4234956.093634527,1813647.7017187662,0.019217053946896847,0.0010709695234623125,8898437.69796439,73.04404459384601,0.0024029199557535873,0.302982368084558,0.0466869134612015,0.866482656827,False,0.0,True
19.500054951809055,1561.7959662618237,0.4551832236810971,6.390151463524173,2.454111604295097,1.0831659210465834,0.9740207097636379,351.7047706493052,3.6212165151566147,70.08093957689982,0.4802034707751005,0.27511642326624347,27141.000000000167,21.721399497594273,0.16582981665789845,0.4169723760154629,248.660000000516,516.287546671596,1037.2016283854882,935.6777263986713,77.41453334932471,1635.8680623794787,2512.462784908904,2289409.9778828165,2605221.034765253,998177.9873218802,0.004954850341748953,0.002512084502120206,9127374.617765704,106.18346444907823,0.08641681981636536,0.19394920233445961,0.19741703334752375,0.49556958329961553,False,0.0,True
25.928212973725152,1403.0079796764057,0.44500051349377795,5.742078438078482,2.4280947694043578,1.2636941404340325,0.9639884057679395,365.3244197274574,0.8372818705344796,73.08226730631833,0.5117946544793633,0.4819379662530714,27140.999999984844,21.252490554954203,0.17415119276894117,0.09153693680411852,248.660000000516,556.2108774372263,1076.4620873534152,1064.191463808998,90.58815375059208,1622.6692333701158,2576.223816351528,2737105.8882897724,3123832.6662367983,1470029.5311160171,0.0101205757706343,0.002959702571433007,8961319.40239184,90.01014760237793,0.05548152764972884,0.25435408783107305,0.11253595740491072,0.6932706164526007,False,0.0,True
15.483869841541688,1439.8117468673338,0.4781671169453487,9.98151125007787,2.732265549803265,1.1575910259789364,0.9551005896356946,360.26387467818824,2.144464702132204,64.21538095494347,0.4757388970795419,0.19971602745459743,27141.000000009262,19.209285248926626,0.1615625181583477,1.0015585940184013,248.660000000516,486.9797608030498,1022.3299703406938,804.8954268038266,112.226842791476,1689.759010581824,2536.2813177497906,2288284.580650687,2617934.2943316894,898721.4022745346,0.004175309874894508,0.0012451828262525712,9083147.732955117,114.26504999812701,0.05700727048122754,0.17186751370651704,0.22304422770827756,0.43520487157659976,False,0.0,True
16.211334997132926,1340.6302286139446,0.4956501516366867,9.931289820083165,3.0407628864511693,1.3741425830757188,0.7333698581805019,367.3303011246213,3.216577293353593,63.93525685338976,0.4952833865054099,0.27899557589857416,27140.999999999993,18.781809302893187,0.19028272692038994,0.49482481387148713,248.660000000516,516.8434725958026,1190.1461018651,1026.4418715204665,116.60881472050437,1790.6971919890861,2532.512022608181,2522783.2196093015,2985429.4882383505,1403691.437452904,0.005456352802501687,0.002115866122961513,8955627.215183197,68.95992563977342,0.037251014243509344,0.2616473838776542,0.11750584794019042,0.690083485832864,False,0.0,True
17.88985321134526,1185.7785957883925,0.49155930414157456,9.74894876574681,3.2634054357468045,1.1895041969685416,0.8358734729268148,367.8537638183622,0.5197438637705974,75.11281328156139,0.5049915999411728,0.42596180491231195,27140.999999993386,15.723475468888102,0.15847816488166408,1.289021721200906,248.660000000516,516.4506919800743,1121.8376513915969,828.444129566346,125.12395592731421,1844.1413326951415,2626.7732788879352,3030062.259000015,3386125.418326336,1170812.1536364276,0.01070056589407729,0.0008604634530449503,8892605.716378558,118.52763337363662,0.0,0.2169125757750543,0.15481886582575782,0.5835195829573874,False,0.0,True
18.838085614968467,1300.7497472719292,0.4911469100651439,6.95718973762269,2.2993867513634423,1.296631373289431,0.9813947710215186,364.31474288479035,0.5809757104157226,75.636719677404,0.501069663975548,0.3432808993108216,27141.00000000005,18.220158397443363,0.18317522166341407,0.42253101023171163,248.660000000516,502.53525836334387,984.023253415914,875.4068032977812,89.79331673803149,1562.8264413206532,2582.3687153189817,2583098.725976799,2961609.95720622,1146412.3555083866,0.008005176713356581,0.0013118101748384465,8933730.619723907,77.11370196649266,0.025795754885922027,0.21398506843175874,0.1606765802182126,0.5711421737528168,False,0.0,True
18.880356807081622,1371.241699250939,0.4408878063313661,7.776273850353309,3.2631588931792272,1.5846444687109633,0.9200613234583279,363.17940481346056,0.7395481255037938,78.38781986982804,0.5222604375832232,0.4956694132652166,27140.99999999989,20.828298903718842,0.1693578623460096,0.56028108324585,248.660000000516,522.8163006152512,1193.8036072819805,1027.9045545914091,103.16180279331836,1828.692834005591,2595.4390811987337,2739010.0100348815,3105863.633752155,1392748.189975949,0.011065609837460199,0.0023873537079709883,8979748.688254466,98.07243749032908,0.04759991509163241,0.24378424569735058,0.11593215867436267,0.6777123387607197,False,0.0,True
18.59277805291096,1436.1551163235213,0.47944896426275574,9.931289820083165,3.6829239847294524,1.365111079996443,0.8814652966261504,360.3127099063144,0.7688337225290183,79.95583004138345,0.50968564804797,0.4310792793670095,27141.00000000008,20.60209635684298,0.13868399169660406,1.274636890858488,248.660000000516,517.458028739031,1193.1763259890972,900.2097964396621,144.74830080942746,1944.2609098324951,2637.939558048948,2616163.902689946,2911747.890531713,1067922.1627620505,0.00984248154762754,0.0018574411736724996,9064028.979457397,180.27734868580524,0.06136626928281217,0.19071064194862253,0.17800085319988027,0.5172354115832805,False,0.0,True
28.315736051134127,1204.9219131754144,0.44500051349377795,6.543028130335195,2.5171774402537106,1.2652514130239496,0.8972476052684075,368.347430750896,0.5016595242000679,67.282553057463,0.5259154385618849,0.6741412897935266,27140.999999999964,18.16130763589992,0.17743964084726424,0.14901757283123968,248.660000000516,578.905073954525,1088.6690903869621,1036.9839318956842,119.95545917018289,1715.8818938251745,2643.1703914803124,3382879.7595264823,3838622.300845599,1749723.8539562188,0.01695614993391506,0.0013407188123710236,8776919.329890424,83.34681997473258,0.0011753084247800815,0.29090565702173254,0.06606568206603364,0.8149272089046048,False,0.0,True
22.151099654742605,1350.8101302011976,0.49673421377394733,8.415337799009494,2.703812593732224,1.1391809093258687,0.9245430777821116,360.30656674638607,0.6207610719344143,77.6360150221798,0.501245056147243,0.4084671500068509,27140.99999999986,18.760386384494698,0.14806174124879742,0.8389454353928878,248.660000000516,528.6724273692757,1026.1163848815459,840.6966203383282,142.5371426199236,1730.626064681932,2650.614424821153,2695064.282002193,3019963.781801676,1074722.4217589828,0.009757680674637377,0.0013285262436985078,8979184.78411966,146.75983961764422,0.038574380975759964,0.18932260052802516,0.18526159280563764,0.5054206875178662,False,0.0,True
12.302218302507447,1504.7450359842505,0.4241744075346762,9.308986801296681,2.785594243173222,1.160680632090853,0.9184747205766917,360.01969878606474,1.3669626102620254,79.32196467343927,0.4602796653163245,0.17182613917164835,27140.999999992237,19.606740741408796,0.1750407187406933,1.0557592528790891,248.660000000516,475.6861903311433,1029.4235518317473,801.2217403497841,81.79433157899724,1632.211707356952,2515.665149239974,2197490.56776691,2518099.052142157,852625.5967294383,0.0033925886376200043,0.0012709446056363698,9168944.700612692,90.69868001107922,0.07054570224338903,0.1673117514950337,0.24129247929793846,0.40947141239906953,False,0.0,True
25.928212973725152,1204.9219131754144,0.44500051349377795,5.789047688558007,2.5171774402537106,1.2652514130239496,0.8972476052684075,368.347430750896,0.5016595242000679,67.282553057463,0.5223036432673048,0.6349350627152102,27141.00000000005,17.944395437806453,0.1847360261588197,0.15381173004230259,248.660000000516,566.5935311367582,1093.2046370594,1037.9874223828913,98.1936658615018,1694.2876736842136,2617.1664962989544,3277047.8430910865,3712006.860824024,1706562.9455564083,0.015921353918884492,0.0013114186182690596,8793322.951963613,73.99410282355169,0.0011489778211561368,0.2930139390345176,0.0664140892521309,0.8152228428909145,False,0.0,True
18.623262093156,1348.738481119512,0.4952188289258329,8.306745494923836,3.2634054357468045,1.5951707216794537,0.7431274922896111,356.5580261948554,0.5126249668489931,75.1058437877782,0.5234139215756927,0.6605893781656812,27141.00000001376,19.903043261021,0.16340396833719925,0.7777105593682637,248.660000000516,533.6973582137224,1153.4845394693396,960.5300099989303,140.4879402660011,1939.4731112021857,2701.094666256292,2805158.108904124,3158937.5000451477,1385442.8412937773,0.01599435973806794,0.0019346965747359059,8971363.86572547,109.08613389183945,0.042422628169773664,0.2234552750308316,0.13544882294484462,0.6226044124076167,False,0.0,True
18.899126549413623,1348.738481119512,0.4952188289258329,8.344228525081869,3.2634054357468045,1.5951707216794537,0.7431274922896111,356.5580261948554,0.5126249668489931,75.11279489268541,0.5240767881982691,0.6658135170162902,27140.999999986125,19.943857638695004,0.16277990834367062,0.7673233785446043,248.660000000516,535.6514970149319,1154.4643015198656,963.7579941500005,143.01929075901447,1941.8373896332423,2703.6864672645306,2816619.136367433,3172039.500700634,1395356.9435762074,0.016112048465038106,0.0019587962002917893,8968952.12347399,110.31591812686172,0.04258068874623679,0.22433058205468567,0.13411414191320237,0.6258442851980233,False,0.0,True
25.541758140380406,1170.5828217493638,0.44500051349377795,5.789047688558007,2.5171774402537106,1.2652514130239496,0.8972476052684075,368.347430750896,0.5016595242000679,66.56340362537037,0.5223400250675833,0.6495750114669104,27141.000000000007,17.16706325498023,0.1886735271596708,0.1668493076356135,248.660000000516,564.5265454162504,1091.6680960024382,1031.8164355496797,97.18854700046516,1695.380912946381,2617.1797414235257,3391704.686430393,3839303.9837347046,1745015.3353179414,0.01657234631735995,0.001057769068863473,8775207.410884023,69.31438301509418,0.0,0.302137394577459,0.05726144491429184,0.8406743744769211,False,0.0,True
18.73847604316043,1250.685375779558,0.22495606673997026,9.672294054207455,3.558779573534065,1.2226134124578014,0.8760185163987275,370.638658096769,0.7574439688556134,55.626382840236694,0.529340117950548,0.8416828059480923,27141.00000000005,19.572428378759586,0.17689631883013138,0.5980862339543209,248.660000000516,578.4713003351582,1221.2800978483965,1031.6385498744366,126.10166423086179,2042.594100931679,2689.6094378366406,3679690.2835433763,4123749.7827691184,1637233.7534630103,0.021456103293718876,0.0013880097425183415,8968637.081125222,85.95456387663943,0.014553021536335252,0.27542633926733384,0.07989986743304679,0.7751365761197,False,0.0,True
18.73847604316043,1250.685375779558,0.22495606673997026,9.689035986895838,3.558779573534065,1.2226134124578014,0.8760185163987275,370.3528023734996,0.7574439688556134,59.89432422289104,0.5287910709116723,0.7968875376313123,27141.000000000065,19.580603488990263,0.17789635811875437,0.5795248904121776,248.660000000516,578.4713003351582,1226.5492593113138,1039.4195480408039,126.37939104018653,2019.3982489025063,2674.093056325624,3674683.532512795,4123734.500131461,1650298.699273102,0.020232892479816487,0.001395432179035012,8965711.61961045,84.48555681172002,0.014553726911972169,0.2785522429963186,0.07713143951990278,0.7831459712341875,False,0.0,True
25.132291714620003,1206.6264809760173,0.28178229225324253,6.782060980710454,2.9051258593862217,1.2652514130239496,0.8972476052684075,368.347430750896,0.5163427512842341,67.43013874972671,0.5363348152948775,0.8577469588093167,27140.999999999993,19.678929281753472,0.18925057008057827,0.10376174854424618,248.660000000516,607.9854304985938,1175.9982690939953,1135.44323014475,111.41671839111144,1854.8357436028268,2671.028479719673,3800939.8643811797,4289965.956449995,2011281.0952111576,0.02242067990308209,0.0008594303059615709,8830566.425202098,69.11556290540989,0.001784434848407398,0.3238558266738209,0.026442468353077193,0.9245144246247423,False,0.0,True
16.211334997132926,1438.2422424852743,0.4916849955578666,9.931289820083165,3.047659138485223,1.0254651832207322,0.8360931319658165,360.3929482115963,3.216577293353593,64.14776128879637,0.46811327653279194,0.20906275832303406,27141.000000000196,18.585610866310322,0.15337626138596014,1.218267991691507,248.660000000516,504.3935745661045,1108.0834966905475,825.0396572069151,116.94882590749282,1808.4001055463855,2531.5450987146605,2292032.5763052925,2607334.2556611774,918176.8752791416,0.004327430769867506,0.0013467415537780029,9090967.544536922,133.67018277726103,0.05643712597897806,0.17848651434916915,0.22281287111050196,0.44477146194659767,False,0.0,True
16.211334997132926,1340.6302286139446,0.4956501516366867,9.931289820083165,3.0407628864511693,1.0254651832207322,0.7333698581805019,367.3303011246213,3.216577293353593,63.93525685338976,0.4713969395317213,0.21926424870659555,27141.00000000005,17.207636435179865,0.17122580315338798,0.9446040954224811,248.660000000516,516.8434725958026,1153.0405443247096,888.6402644809601,117.1539719284998,1797.945876434846,2530.993044712546,2492872.004347192,2877154.623366574,1119808.7475135801,0.0045353127345681985,0.0014157382395775225,9014172.765506653,95.26143479982964,0.03445628489913375,0.21851836236738953,0.17981576905166002,0.5485805637315752,False,0.0,True
11.506400663994231,1387.690379156336,0.47192524547291526,6.283008777692849,3.3981880554157087,1.3483890303398511,0.977821846874927,377.3314104624724,0.7681750974262536,71.6592666753339,0.47083082738445864,0.21763090678539934,27141.00000000014,18.24020137622799,0.18671448395461343,1.0701047957398713,248.660000000516,454.3286872256531,1221.4846281850027,904.7853598021318,45.12989076316198,1781.821092545033,2483.504058408732,2229973.7634744835,2537156.1504400717,998664.6108311904,0.00434455340793976,0.001562167033122793,9068580.37051142,73.91016251445102,0.04443166512087076,0.21708789850398333,0.1819806229989542,0.5439865256382678,False,0.0,True
16.211334997132926,1438.2422424852743,0.3189055921905022,11.76442671266806,2.686905883027998,1.032329420225208,0.9319332253090418,360.17247750713886,3.216577293353593,68.94931655131445,0.47515811961090576,0.22989209259909027,27141.000000000255,20.230877724979198,0.18945778759067436,0.41577998325749393,248.660000000516,530.1724448332943,1062.256457006128,947.5558655466651,143.4209963714224,1696.4428313770277,2625.2144240194684,2750941.1594114103,3239939.457170336,1294961.8457512674,0.004313623341628652,0.0019258779436033158,9077418.381438557,70.81476938222212,0.05876108109093271,0.2274463058652612,0.16817225207990572,0.5749131361446028,False,0.0,True
17.023826663902387,1301.4544890842499,0.46561107640184596,7.659177609575146,2.8922567964176054,1.203951268977588,0.9321945587875844,355.77870066252785,3.1467806963970797,67.27765900055998,0.49412524384907447,0.2810447224855295,27141.000000000065,17.80412658326594,0.17400576276973048,0.7553415466262022,248.660000000516,503.25551600057423,1108.2665737921043,895.978395227788,86.32336448252494,1757.9054940853557,2514.7435726967,2658863.9852273157,3013143.0548806316,1125418.2499208353,0.006287325048299669,0.001340509764680104,8974145.577091388,90.36517467595715,0.025500582826283494,0.22295242596863124,0.15707230062885577,0.5866787352623427,False,0.0,True
18.838085614968467,1243.9112784659303,0.49650431625550656,6.901659703368277,2.2993867513634423,1.2276543888396505,0.8748278741231257,357.70245669617935,3.8595488440140526,52.227316228404625,0.4991763443900055,0.38695126776979666,27140.999999998814,17.02428680495197,0.1927641939552532,0.3823018816164536,248.660000000516,516.3751596895406,1004.4457203995228,896.2113257415953,83.27598973389719,1654.5195788529902,2557.105289523093,2742963.364165646,3157001.4602057505,1246646.4474006211,0.009294287444842482,0.00120795691369711,8892569.130633283,65.8638369165263,0.01131586566075743,0.2348232997092728,0.14122081077117096,0.6244567942022984,False,0.0,True
22.20967861368799,1350.7207233956296,0.4946498049253838,6.450900302413343,2.707941120221906,1.1391809093258687,0.9245430777821116,360.30656674638607,0.7560031216378389,77.39253552783053,0.5007997727129437,0.39965526893202197,27141.000000000007,18.800396036070303,0.15507211727463424,0.6798886632252733,248.660000000516,529.5039837911842,1066.048753694039,891.6160164290372,103.37285664408179,1706.218707615584,2601.394391062976,2688423.381531456,2999255.725341102,1124707.2845458975,0.009276464569965608,0.0015705790841184046,8975686.034774074,127.69249712256261,0.03860549598596012,0.20714525579782353,0.16776523499775503,0.5525192302788089,False,0.0,True
18.838085614968467,1348.9464444065748,0.44541623467329106,6.406373802314834,2.7430483294109225,1.5951820137810861,0.7556518824467013,356.5580261948554,0.7898269705945054,76.37732890766294,0.5193888425407505,0.6131696503984382,27140.999999973974,20.551235010572192,0.19579121223517898,0.2332823095237957,248.660000000516,542.5469834666887,1126.073901144198,1061.245911667289,90.9237380278337,1741.7564217466474,2616.4439138957046,2680279.4127852255,3099371.4158342686,1626174.1723052133,0.014239300356732942,0.002402737124715112,8944277.93069205,63.221468129634026,0.04326101298761501,0.26259650702422754,0.09905939273658092,0.7260949073356837,False,0.0,True
23.908708464214726,1276.737818587499,0.4384916900615429,5.954482588254221,2.3122321997881947,1.3765827729962286,0.982264672179883,365.7168011454776,0.8297223863435342,67.282553057463,0.5180291704534552,0.49806588436731325,27141.000000000022,19.42065261650584,0.19419786754541674,0.03442266751351992,248.660000000516,544.7592100258023,1052.6366188490163,1048.015211809517,87.62776281971485,1598.6918284652022,2579.3039906675,2852092.0403787186,3301241.508744375,1611200.990210318,0.011670818301990788,0.001847187865622471,8852987.463535627,64.1291311737033,0.02156268127115041,0.27851843668736403,0.08388177343298593,0.7685382869807678,False,0.0,True
18.63582917698742,1351.0193265039886,0.45805333052649505,8.26612148831501,3.301379326163452,1.452545671217768,0.9591471393901017,360.90549059693865,0.5126249668489931,67.54611140506566,0.5182250927382239,0.5765686325933994,27141.000000000007,19.804782554672727,0.15339245652356942,0.9497042356211924,248.660000000516,512.1695966856585,1134.4085011072814,905.0443227475077,134.29289632401984,1929.8490204349387,2675.3574230978693,2776628.984296782,3092705.317243577,1180276.9483380578,0.014049737074492127,0.001598912182725332,8993171.151730815,132.19034252230716,0.0402456937158465,0.20708739323158928,0.1554187391067124,0.5712659035470581,False,0.0,True
14.820495999605633,1383.9847414653473,0.3133547905428578,9.513461199114579,3.365971195186582,1.3066591517562578,0.43449842763824637,369.8693454484856,1.3508768541878438,71.80561038388953,0.5034050459192174,0.4413322864052652,27141.000000024178,20.489767615183283,0.19707316876346898,0.46918783771280537,248.660000000516,557.8117426225411,1241.035839948458,1088.235198861238,101.26142705338366,1860.9816759705088,2536.5370096112515,2968865.7996243057,3432122.7837845096,1564140.3593476405,0.009465686664124446,0.002512512921211526,9047939.138502726,62.714223354742565,0.051135853000861056,0.2712635878804227,0.10229185148888914,0.7261668799105363,False,0.0,True
14.836989755520657,1349.22115346057,0.4203826460324947,7.046087315757937,2.7346481493788795,1.5773438984934218,0.9598595055634334,355.1278808689457,0.7708383922753989,76.45065490573084,0.5091747266838975,0.4614010688321578,27141.000000000065,19.840838694529225,0.19552295081997398,0.4899184464040193,248.660000000516,493.8040381981185,1065.6280801804326,935.2328270053297,84.66551907806341,1711.1514698530552,2602.1947744550866,2566455.2004215224,2945072.503888119,1271744.2235094756,0.010870761058212046,0.001652125350961581,9002075.009961734,63.892263699739644,0.039480334026060084,0.22408558346229912,0.14497444694843073,0.6071792255934962,False,0.0,True
18.838085614968467,1353.1863008916093,0.4452956036719871,6.401926174394497,3.2529514902499024,1.7163072903414593,0.7609824613845079,364.48709271963514,0.5311798717947196,73.72219114427374,0.5249512663340862,0.698063821613138,27140.999999998974,20.971048708491224,0.1878473856497313,0.3416509041508068,248.660000000516,541.8884163864678,1237.1909224830858,1127.1014912227624,88.97322093260397,1867.5390191513895,2615.0799814655143,2743082.148955157,3143950.8339789347,1713687.088122345,0.016230900306805594,0.002715249875595867,8935685.24244648,71.51732695481427,0.045544977427356,0.28078727529477915,0.07704033155912805,0.7846998664063898,False,0.0,True
10.021224495612705,1472.7620047447458,0.3185177268115442,11.118932835706612,2.439354677941483,1.025247735737941,0.9344734164328401,360.3929482115963,1.3444046384193848,68.13230820219016,0.434429533648634,0.1868382799321122,27140.999999993342,18.12391091709148,0.19835029818860778,1.0666299328575397,248.660000000516,469.46335135825655,916.3677020509012,719.8618696526592,84.40432591054373,1583.2755087867433,2557.3980500813077,2306038.9251461118,2683140.0983618107,831296.9204131886,0.0042469475272621,0.0008240302283741132,9207658.855595829,62.596424069900735,0.0613570874490022,0.15704556394225397,0.2761374868840124,0.36253857034041503,False,0.0,True
10.021224495612705,1470.7892370771963,0.3185177268115442,11.118932835706612,2.439354677941483,0.9351998480550824,0.9343502115348674,360.3929482115963,1.3444046384193848,68.40435184513737,0.4227198801622443,0.18227511643680586,27141.0000000067,17.50992662315155,0.196393569077571,1.1632697170683213,248.660000000516,469.4705594156263,908.1047930694435,703.3601431245497,84.47561203310197,1583.5459468202773,2557.8094526916243,2350061.2467999365,2720936.0271507245,809320.0438431543,0.00418052095945479,0.0007666079757577787,9215500.007877754,64.54104497362297,0.060619991037645614,0.15500643673684525,0.2900676058614188,0.3482711232314177,False,0.0,True
10.021224495612705,1564.60111833853,0.3227487797603795,14.941030656921424,2.4976836400958695,0.9351998480550824,0.7233035408492363,361.67273961951906,1.3444046384193848,68.40435184513737,0.4189666343535857,0.17639254084724265,27141.000000000124,18.756407931767097,0.19139852330624574,1.153951999166634,248.660000000516,481.2585240983941,905.493143309897,713.6050625837737,125.63954160146774,1597.5915758105648,2631.261060268889,2253106.265021666,2668485.356774911,887396.5261505446,0.0038933491227595303,0.0008941208283755039,9235814.130992873,69.88087156210239,0.08159158570092176,0.149342553825691,0.29973326873251266,0.3325553198899615,False,0.0,True
12.25063874394605,1501.0884054398812,0.4254561419784254,9.258765371301978,3.8849314914972695,1.046767598416335,0.9184747205766917,360.019809909381,1.3705310818120366,79.32196467343927,0.4523758139620996,0.2033474291740761,27141.000000000036,18.856579062592093,0.1430915045637161,2.173025295066107,248.660000000516,474.98276201966337,1210.0315091828681,770.8180635282082,80.82841259578892,1935.3125184532116,2528.840656953089,2170742.050294304,2409590.469918211,767087.6429419895,0.004403545079488458,0.0011155074957251488,9194066.706710193,166.48111535177253,0.06812188355000773,0.15689010413996365,0.2588879092256655,0.3773410307822044,False,0.0,True
12.267853519077148,1520.3012345150116,0.49039290586925094,10.398724759677405,2.9358954317638486,1.049396969692232,0.8596401632873839,353.72626589899943,1.495457225410715,72.05260257630185,0.44517413080549073,0.19605545775207175,27140.999999999847,18.668096349392652,0.14824731440079458,1.9317916820951921,248.660000000516,469.890172461767,991.3850995664222,690.2447172732884,100.05464195546803,1737.2681318722855,2585.686954252521,1985631.5793973699,2240845.9681034465,686063.9430305618,0.004479436188280654,0.0008417049905682954,9187822.795392822,149.60667938855767,0.07176290060296604,0.12954936778545093,0.2927596370663073,0.30676439833653607,False,0.0,True
18.899126549413623,1331.1817165240589,0.44632453547023415,6.029293018629865,3.2631588931792272,1.5846444687109633,0.7437561388168086,368.36858455001345,0.5036124946385439,74.094785786223,0.5215951505519305,0.6439477863693184,27140.999999999833,20.233341258518127,0.18790153309031613,0.3686890658655885,248.660000000516,544.3473371890626,1246.487357246566,1120.6046560386058,78.62935667455025,1852.4997142547545,2595.6150571168223,2808744.3413949464,3201831.766193513,1680669.2892279476,0.01505176962379519,0.0024256172460543706,8930321.664083168,71.41262684918627,0.038271713424799673,0.28569670667124875,0.07441713552442805,0.7933510828945264,False,0.0,True
18.838085614968467,1351.2470465624249,0.4349210830544929,7.978734201978359,2.7431987052870648,1.571082717655806,0.7874625150131671,352.43662671087105,0.6231355708795052,73.7498445792976,0.5223168148854757,0.6787599504147914,27140.99999999992,20.56448046434151,0.1819464210445878,0.3931854375740941,248.660000000516,540.5283036081801,1073.4436232934554,976.162201299992,134.12867202554105,1829.261463047933,2704.702439250284,2791991.487182396,3201114.8387934696,1506200.3935004557,0.016449975269506336,0.0019722485447014626,8964889.74825124,78.96111603588561,0.04350726193968159,0.232326896789993,0.1273577035942941,0.645918386669251,False,0.0,True
18.788476479470532,1251.9659498306173,0.22718201922288975,9.672294054207455,3.47167352587161,1.2288439863659457,0.8759537943021972,370.638658096769,0.7574439688556134,55.626382840236694,0.5287805910234079,0.8263525140355602,27141.000000000007,19.618457134647286,0.17891087377360204,0.5549361527779847,248.660000000516,578.3276211077607,1207.6605757081102,1031.7010985521872,126.4650172257043,2018.5939155020178,2685.7550125755133,3662668.428190892,4114731.1324828696,1647415.3080012184,0.02102963573694769,0.0013983978464914574,8965076.530551283,83.05057965251204,0.014946002505464967,0.2755245504645534,0.08015900764115964,0.7746339244128471,False,0.0,True
20.806087721747847,1394.4058631536711,0.29540529140560107,6.7662215251104065,3.565213933605063,1.3682948189619781,0.9631312191304514,355.8004446097321,0.8457161581265763,73.04814807712778,0.5284294027091155,0.8158229822548878,27140.999999999993,22.14712759836742,0.1637351762454262,0.5249353838040529,248.660000000516,568.6151680760297,1245.979946303128,1085.8356199533773,115.18020169528323,2019.6464132529627,2681.9238631845133,3194691.7047124323,3541871.217154332,1543933.1299624122,0.019394521992864146,0.0027477295685157544,9042501.520350844,109.28523551255158,0.055821070997460795,0.25699649363085897,0.0989056548753748,0.7220987417735625,False,0.0,True
18.788476479470532,1268.5214552940322,0.18016218952346333,9.672294054207455,3.47167352587161,1.2278169792323972,0.8777565852602138,370.638658096769,0.7577349428902358,55.626382840236694,0.5287883153577917,0.8791690418911732,27140.999999999935,20.281681457237863,0.18346114097578434,0.4611445465233503,248.660000000516,590.4545260227545,1216.2343563572726,1065.877849212461,125.89338355697983,2029.8964103346582,2694.193246400132,3745871.159335273,4217390.255499944,1736456.0359046469,0.022346599128835968,0.0015149278371323072,8977301.74743667,77.12806388528342,0.02016399216972815,0.2840729674433248,0.07173376519777139,0.798391208999045,False,0.0,True
18.788476479470532,1266.8168874934297,0.18016218952346333,9.64998363886479,3.47167352587161,1.2278169792323972,0.8507617852342751,370.638658096769,0.7577349428902358,56.06369196504536,0.5290405344399568,0.8800136268656356,27140.999999999978,20.26879552320921,0.1839763579814697,0.454161246594362,248.660000000516,591.8059022579616,1218.19524070829,1069.2965893998376,125.70501708385007,2028.5259771237959,2693.2323997967733,3754900.765847722,4228750.230868829,1748307.346893819,0.022380135403096385,0.0015043144436638093,8973886.52061503,76.45280051027675,0.01971202912601389,0.28561010266811737,0.07001395534582044,0.8031236814043767,False,0.0,True
20.806087721747847,1393.0798073510505,0.29540529140560107,6.7662215251104065,3.565213933605063,1.3682948189619781,0.8965911983573259,355.8004446097321,0.5157207784354738,68.64582230974781,0.529655254564839,0.9135600370997363,27141.000000006934,22.13961056937353,0.16242769018862355,0.557687514225339,248.660000000516,574.71134187316,1232.0693941569366,1069.593035906266,130.058117699183,2088.476005423841,2741.7972041136536,3238461.7385931173,3581077.1592700863,1568234.019245184,0.022153068973378032,0.0026418639935522443,9043401.78466569,111.95680544755076,0.05607069733413327,0.25167458486910077,0.10341273920114367,0.708768147463675,False,0.0,True
18.527363236786982,1432.4588479632857,0.23059495253141926,7.101546386582635,3.458240682202039,1.5801024512252333,0.6144069873348097,321.64759861896334,4.666398144383994,67.96031894489187,0.5300894734448541,1.21686203134898,27140.99999999954,23.731125973809704,0.18328396770356706,0.327250916271117,248.660000000516,592.3102344767984,1227.4356956291585,1143.0731669342354,133.13151506784385,2221.001077827951,2843.2542478814244,3222160.1006887606,3623103.22224209,1879716.5371589446,0.029620304977421495,0.0034065474154206144,9046790.897351304,77.9506957482208,0.07305913870786272,0.26807014065535983,0.08680311865477731,0.7553968455568618,False,0.0,True
11.506400663994231,1387.690379156336,0.47174903558293496,6.283008777692849,3.372117802646268,1.2943414586495248,0.8334651968552083,377.3314104624724,0.6957330435797725,71.6592666753339,0.46958883534686163,0.24259363627749092,27140.999999999935,18.03906611335308,0.18776646399876698,1.087883594765856,248.660000000516,468.3610791300909,1217.0864741883918,902.9316127500374,45.42352802187539,1789.496813301287,2499.2725599474797,2272120.7822549907,2582297.9710068386,1017927.1698596873,0.0050343441298246715,0.0015498897523826933,9083702.253377577,72.79602811987058,0.04494065786426243,0.21584448887809976,0.18434812815308144,0.5393515014828025,False,0.0,True
10.991940846299633,1568.9870562532303,0.44649092840608395,7.76271178321352,3.238634699284937,1.3660220056901486,0.9619786125849528,368.3328141987103,0.5389856842571255,77.40545721176451,0.4641049138218268,0.23124903167318828,27140.99999999992,20.743020221502075,0.17022925600091346,1.2846885303588438,248.660000000516,455.60989453971,1119.1402607191328,831.3509251525571,61.4262244390787,1759.9963069849398,2540.1759145628976,2067554.6150753458,2340520.8422106993,823362.6554687549,0.004709618428513139,0.0015667115401288452,9200718.0138724,98.95050029461348,0.08505543325804459,0.16588428441835384,0.23956592720102196,0.4091360163700714,False,0.0,True
15.71578576722554,1414.2984168145033,0.498995353240512,6.21170396309532,2.3053366820699757,1.3137249605420334,0.8695842670666507,363.81749015558023,0.6101459400458188,78.05973477074176,0.4871286632134325,0.2927944750213849,27141.000000003776,19.41846996456092,0.192192148456452,0.4369177296063008,248.660000000516,495.117024952289,993.9299327658706,887.1647953112495,66.76406420484848,1540.2375984479597,2553.2820685987303,2270569.853765304,2623455.841890635,1059762.7319866074,0.006294517040362437,0.0016522178061940767,9045173.090517664,67.59410686755866,0.05341667110283119,0.19992606213763534,0.18570741460525853,0.5184354424471511,False,0.0,True
17.390466851245456,1351.1704762798263,0.4685364646796461,6.463139268085122,2.709784344787495,1.217490021481426,0.9631312191304514,360.59815386174546,1.2155595514291389,67.282553057463,0.4938865629955518,0.3235042410840886,27140.999999990272,18.64432094174608,0.1711280700050523,0.7090023095850267,248.660000000516,501.154628115541,1059.6542014498366,875.7848480069556,76.61849379603971,1691.5951180061484,2557.263919543558,2551610.0200577537,2870737.112171606,1062753.8454199396,0.007369835985380553,0.0014103926218795486,9010025.457444385,95.38083890343019,0.03771906580211958,0.2053738805124029,0.17490270713901301,0.5400644877476938,False,0.0,True
18.663191737395053,1543.7280238610008,0.49650431625550656,6.95718973762269,2.2993867513634423,1.2969263937099642,0.8743159961398701,364.31474288479035,2.2098724837205763,54.399383495106704,0.4900368247128233,0.3198539625911708,27141.000000000007,21.908748947716642,0.17867127580141565,0.28645034819424753,248.660000000516,515.3162972117261,1011.7779015724054,952.673565388412,83.40387317317288,1605.787871080638,2536.070448075049,2183380.255046827,2543695.262923846,1094823.5392373367,0.006000700601917813,0.0026804557967691567,9096641.518717488,84.60884017910648,0.08603203980796759,0.19852160292482982,0.18493103399412464,0.5177213136932706,False,0.0,True
14.753122558180074,1550.4454993742042,0.4859349082060608,9.141989798783154,2.7943473682839284,1.3011780821350227,0.6514666386344516,360.8372206197531,1.1749654595819128,77.09840045594349,0.48266800878785765,0.28703147699640075,27141.00000000008,21.222001442015614,0.17202867781157594,0.766819245810929,248.660000000516,516.0635971016151,1067.1502880434912,896.9089633047671,95.99438324472104,1684.2832039867544,2565.7178011539518,2242693.9731570357,2587356.535481805,1040097.2896880414,0.005694568291205239,0.002095753025954096,9161190.58233367,95.46589327465323,0.08770639805740943,0.18109032584411286,0.2085524709907653,0.4647598449532095,False,0.0,True
17.390466851245456,1303.6068405659496,0.4685364646796461,6.764618963202655,2.88403093050604,1.217490021481426,0.9631312191304514,355.69499007600893,1.2072527035282423,67.282553057463,0.4979919426616015,0.40137434212478473,27140.99999999589,17.8883124877435,0.1642261824315158,0.9274715199911485,248.660000000516,501.154628115541,1069.1916239425764,844.4515518588747,91.44232954893765,1774.5142820091473,2597.2275449200597,2677779.146798159,2984156.51469845,1063287.572345918,0.009733998819430559,0.0011597022001765733,8983758.126892537,107.60432690837187,0.026020370801626277,0.20156212819108338,0.17553516183047294,0.5345096173445354,False,0.0,True
18.16014066806283,1396.8728346524078,0.441369881816529,7.344086660726244,2.595974311448499,1.5919684717498908,0.7553437932113192,356.5580261948554,0.7838207965922018,78.77101324790942,0.5157499882437129,0.5573716592537071,27140.999999987696,21.21884023970518,0.1949415269974232,0.2249872358314516,248.660000000516,538.3243641750539,1081.8753656126391,1028.7493283632286,100.16778939402946,1696.6222405297997,2628.0918991010344,2565188.814000329,2995446.085774794,1518266.6495127538,0.012586140324907642,0.0025414838788903665,8991332.33715358,64.38872662424943,0.0561319904661555,0.24268201434917955,0.12160683098795283,0.6661801958953442,False,0.0,True
18.269768230479333,1391.598265683197,0.441369881816529,7.344086660726244,2.595974311448499,1.5919684717498908,0.7553437932113192,356.5580261948554,0.7505798737784315,78.77101324790942,0.516356418200025,0.5677596223773242,27140.99999999989,21.154603382284815,0.1946959367438571,0.2260084585622907,248.660000000516,539.1442114065023,1081.247774831054,1027.520497713554,101.69915566625743,1701.5536653810223,2632.50819767231,2580936.3679856267,3011814.2139563533,1526123.9255874362,0.01290766897120902,0.002501894939733873,8986690.000898322,64.59932405910374,0.05477301276766288,0.24318293444323655,0.12067017551519588,0.6683546953082754,False,0.0,True
23.053767990651338,1368.2547810599583,0.44500051349377795,7.051829848682988,2.8625214015404397,1.246838271599231,0.9745528922432602,368.347430750896,0.5016463812136811,67.282553057463,0.5140827484454078,0.5200886360944431,27141.000000000036,20.17102267541048,0.1568211941787108,0.5307435210350369,248.660000000516,539.4369081535189,1106.8386441387438,960.7259344138489,112.16930191795292,1780.9272149311525,2627.2926879281786,2826868.6243703314,3166548.1048209476,1253714.2015656563,0.012114066184359465,0.002001659487879834,8983148.00343211,123.5700328198008,0.04479687366950385,0.22474737363104338,0.14058342892334919,0.6151886784788198,False,0.0,True
25.928212973725152,1403.0079796764057,0.4999272412157153,5.742078438078482,3.065080281177148,1.2636941404340325,0.9753128985321596,359.7324546792504,0.9646782127082093,73.08226730631833,0.5130454834390169,0.4984334538580274,27140.999999999687,20.5190761057264,0.1448147797179946,0.588942634253701,248.660000000516,538.7848719063049,1168.7706890605568,997.0560941797795,106.48314231061798,1813.9255955266076,2594.7749069245087,2689406.7538434127,2983606.8593140636,1249123.832754247,0.01097401249416503,0.0025539698769955353,8969942.650740406,156.69310241373555,0.05382581202294916,0.2280868065727437,0.13788487948173586,0.6232362099695058,False,0.0,True
18.838085614968467,1348.9464444065748,0.4952188289258329,6.406373802314834,2.7431987052870648,1.5951707216794537,0.7501724132979928,356.5580261948554,0.7561824728499275,73.7498445792976,0.5168391597287483,0.5921993918202465,27140.999999999833,20.021081815908147,0.18912296635540815,0.33493080641076284,248.660000000516,534.2288770083039,1115.1171944651508,1021.9146582781689,93.80251601901423,1748.5039820524644,2619.814747712497,2600194.275974423,2995285.9483077014,1526169.2004297087,0.013807537741532382,0.0022653459518608273,8942109.252560388,70.13035468715435,0.04254946985997954,0.24873310961368503,0.11465158922295637,0.6844897718863565,False,0.0,True
18.623262093156,1446.350494989759,0.4912536728434917,8.306745494923836,3.270301687780858,1.5951707216794537,0.8375067162356934,356.5580261948554,0.5126249668489931,75.31833075229196,0.5180576587842337,0.6037305518709529,27141.00000000027,21.466578472007505,0.15467528587106552,0.8180422434313994,248.660000000516,521.276913445543,1143.9593335539623,950.6085523387513,141.24458009646585,1926.868702380572,2690.6366940767066,2587313.4725784343,2908029.7413563514,1239485.0113132605,0.014079133034873155,0.0023067178734565404,9042923.930951323,129.6417761491568,0.06733169128937737,0.20372159213558863,0.1590068012456297,0.5616367393701172,False,0.0,True
14.820495999605633,1383.9847414653473,0.30096627460680764,9.672014952837312,3.365971195186582,1.288610843179163,0.43449842763824637,369.8693454484856,1.3508768541878438,71.80561038388953,0.5028837407267776,0.4418694168323895,27141.000000012304,20.51840612144572,0.19698989452156787,0.4682399420893663,248.660000000516,559.0018908180023,1238.4159671050538,1086.1363706755292,103.46544477842717,1862.059891563663,2537.6301830376538,2996615.353979831,3463363.521740146,1565927.007288754,0.009506141222173598,0.0024866366200797228,9049583.029968016,62.80520000982291,0.051023577809655364,0.2710774621452055,0.102881138039124,0.7248862895828243,False,0.0,True
18.537254927083314,1477.1768212747925,0.441369881816529,9.093107770439147,2.561402635700885,1.3333764300562483,0.7504497707623351,359.6684755709981,0.7046682383747425,78.77101324790942,0.5031385489700737,0.45556394063353317,27140.999999999978,21.57116000345468,0.1734873431228209,0.4398836041044096,248.660000000516,541.7437681069691,1027.786275345047,932.7493654080563,125.55408658779784,1692.0058332971723,2654.1976859280003,2557236.4147983585,2952616.68734766,1253579.394073723,0.010177073581938638,0.002187387330796078,9081029.208962927,92.26363508407525,0.07393800938210973,0.20053340886175525,0.17304852808644272,0.5367856125483975,False,0.0,True
17.88985321134526,1242.6423269779962,0.49155930414157456,9.74894876574681,3.2634054357468045,1.1895041969685416,0.7710658947014261,363.3655843276389,0.5189357246521988,75.11281328156139,0.5046286823897739,0.4727888255766437,27140.999999999993,16.69448491647975,0.15340568843762603,1.3345338001195834,248.660000000516,525.2410645368552,1106.4513813329004,823.644506406685,138.623845997918,1884.5162235809867,2667.476155884898,2922550.647587249,3258526.7535615377,1136487.9772681259,0.011858304068066991,0.0009736574469086921,8945584.592726542,131.45684711499618,0.0110371326463613,0.20101251239671752,0.17110318059001262,0.5401882161521356,False,0.0,True
24.731587960161498,1303.1570876817532,0.4946498049253838,6.423060552190473,2.8634496674400642,1.1391809093258687,0.9880734135576528,360.42884081485835,0.7476963746882812,70.91824076560765,0.5082569685024231,0.475492953846565,27140.99999999995,18.311678184821695,0.1462723991824823,0.7567271924662371,248.660000000516,532.3383549498828,1090.997434191685,892.691875378837,119.9726717288659,1782.2699858014546,2624.1472804115087,2855639.2773765363,3158134.5671266457,1158563.2735470962,0.011447063542723762,0.0014582907176258328,8920778.09879556,151.22181945507918,0.02672805316065717,0.21476097376275874,0.15456123047846565,0.5815003032487228,False,0.0,True
18.513121578339994,1250.685375779558,0.49775619670085147,9.689035986895838,3.558779573534065,1.2226134124578014,0.9893611916051483,370.3528023734996,0.5267360613830419,60.02993505277967,0.5041999318277434,0.4681820609931013,27140.999999999833,16.943352444724304,0.14033356797734184,1.5785295382965587,248.660000000516,497.9003169754893,1153.992417516265,811.3461170373738,130.88963999903254,1963.1462181677664,2647.77677757798,2802277.3151039863,3098919.284931784,1012493.9558478803,0.011742263199721653,0.000964666117692031,8929411.356539702,171.41033568344562,0.012682837171016623,0.19571113739893947,0.17660211235009485,0.5256625637977234,False,0.0,True
25.928212973725152,1204.9219131754144,0.39991073469032795,5.1559037968102,2.5171774402537106,1.238131982534634,0.9356002869857382,363.5549776394412,0.5018008214891658,67.282553057463,0.524183833924896,0.7237922908353597,27141.000000000036,18.374179579731393,0.18912858616163156,0.0932943631193559,248.660000000516,573.4261864609732,1097.2009208202317,1062.2096115237548,94.69429518229994,1717.4591209073099,2627.926683664676,3394409.64082576,3822413.5268836794,1794854.5040647686,0.018405537523194276,0.0012389090423682483,8804182.366686141,69.04247935728972,0.0011555928061921694,0.302373377621069,0.055797694169289855,0.8442149616093261,False,0.0,True
10.021224495612705,1564.60111833853,0.3227487797603795,11.118932835706612,2.4976836400958695,0.9351998480550824,0.7233035408492363,361.67273961951906,1.3444046384193848,68.40435184513737,0.42085059945840436,0.18414958405101484,27141.000000013904,18.701363363958542,0.19307458302873723,1.1191963071914743,248.660000000516,481.2585240983941,930.8766486388283,731.1026659445168,85.34523067612975,1603.664413844861,2560.0609962668336,2258982.232778047,2622270.433530926,820631.8948968025,0.004033870226167678,0.0009641336345634766,9257712.589448962,68.23815152579337,0.08156750671325007,0.15221593155539043,0.29500435547941567,0.34036007750145697,False,0.0,True
10.711854384587891,1470.7892370771963,0.324867805965327,8.083086083164064,2.439354677941483,0.9351998480550824,0.9340559610004482,360.2759870783728,1.3444046384193848,68.39602800005018,0.4303225214498236,0.20201372899857512,27141.000000000007,17.808118459423834,0.19755837324691997,0.990461820355661,248.660000000516,476.27266172016635,943.7331872283494,745.3752560413168,59.07516586495491,1591.148287313726,2539.35559464436,2390022.81505763,2728262.675152216,809982.934612399,0.004567289753505284,0.0009155648652450459,9215966.77726985,63.40937217818131,0.06115161277156967,0.16579288836087736,0.27145688406831153,0.3791720403644737,False,0.0,True
25.928212973725152,1204.9219131754144,0.39920191432661795,5.42303193666814,2.5171774402537106,1.1583412506069155,0.9356002869857382,363.72866839647196,0.5044347836379638,73.03674115334336,0.5215453070789938,0.6631224277674463,27140.99999999995,18.064938793847247,0.1840175583289989,0.15454217587185598,248.660000000516,573.631024832106,1086.011465651702,1030.2759734393155,97.6332743724779,1704.2334588441026,2626.6857777440423,3454335.1945690704,3872681.250047507,1691896.161221922,0.016732473879599773,0.0012653319324364544,8824242.11318081,75.12742449917987,0.0011306094184205093,0.29097706783072447,0.06899910866899704,0.8083231247692014,False,0.0,True
14.710585153604713,1383.9847414653473,0.14958004765610752,11.9137303518406,3.5497539699387812,1.529387312042262,0.7998219094784991,363.5187499341367,1.1432930931621392,41.36912635454608,0.524836734054838,0.9448957829491911,27140.999999999876,22.28917415527875,0.18594037787729095,0.6002284620543082,248.660000000516,561.0662921764945,1166.47566145024,1015.2744567604955,140.74699505779475,2158.2360275070746,2771.5619727322123,3343850.0797734675,3804217.2733863275,1604236.010272041,0.023599216809071188,0.002046199635952689,9074190.984989863,74.88341897743192,0.054272962383821344,0.24235519007568151,0.11646651818339306,0.6754195314757754,False,0.0,True
19.71659443418174,1345.886238893169,0.4936419333696761,6.959406590952391,3.244252281313921,1.5152155306720014,0.3276398322569647,360.73927076950724,0.6167699474043343,53.73546369633401,0.526348064526856,0.98397792821805,27141.000000000036,19.859068376787445,0.1798698149276244,0.5140848540372611,248.660000000516,601.2385694864562,1215.9324525367813,1075.7193992352638,119.01307746873266,2046.1038059530133,2744.241782318929,3034714.9207871687,3434802.2472487204,1774477.9787543723,0.024186209267913157,0.0025199356818529743,8982188.669731205,81.88534565999954,0.04670126172924376,0.26137235209837517,0.09565452292345283,0.7320803289175228,False,0.0,True
19.71659443418174,1348.9108879742478,0.4936419333696761,6.959406590952391,3.1936413419322944,1.5216240658025046,0.3222832426641551,360.5206966959276,0.9097682283879782,52.47158335745744,0.5254462472307897,0.9728550138231458,27140.99999999992,19.93988031924824,0.18287563797774659,0.46137188266836393,248.660000000516,602.0027044953285,1215.8584547579737,1088.1877611093782,111.89150269503573,2018.150425898698,2720.8335903926018,3005391.7802385646,3416264.9628737876,1796267.71081232,0.023805063833877087,0.002599194096296836,8980380.796791032,77.8979568338268,0.04779928209510546,0.2655469695519255,0.09208484160366107,0.7425149588731639,False,0.0,True
15.432290221274204,1436.1551163235213,0.47944896426275574,9.931289820083165,3.8316027346426513,1.0436779923002373,0.9551005896356946,360.26398580150453,2.144464702132204,64.21538095494347,0.46943494479417386,0.2693463692303576,27140.999999999804,18.500110656890108,0.1314728304866417,2.1131418939242574,248.660000000516,486.34382743949544,1202.121634889362,775.0421416809722,110.98947452963655,2007.2891307812774,2560.5559723426795,2260692.7733789217,2503474.4782728534,792576.2015662445,0.006212588744192498,0.0010977410630885834,9111017.290734606,212.69520966162682,0.05480383179308737,0.16059596637180218,0.23965593974222743,0.4012372306505625,False,0.0,True
11.057631513430536,1415.9397243194321,0.48790999123284534,8.288804915044942,3.2618750989957315,1.3617837679016518,0.9628723783486284,351.5305178148478,1.4401235193845632,75.35957273325815,0.46921517948581537,0.24458303558134623,27140.99999999995,18.356830722645988,0.16539915404287384,1.6554941893651094,248.660000000516,448.9977722752296,1084.4410755950694,760.8931423281267,75.65050550875772,1803.0621733240782,2559.581353205584,2200512.7007696396,2468787.0334690437,815673.1427032771,0.005660024926602905,0.0009782032421104007,9113545.305171879,106.85291684197459,0.050564172861594446,0.16146480410574202,0.23913411114894895,0.4030585155306441,False,0.0,True
11.057631513430536,1581.908455667058,0.48790999123284534,8.288804915044942,3.1179813303182664,1.359507303064515,0.9628723783486284,360.9245635550391,0.654537098856792,75.38835650287666,0.46086999908308823,0.23438556736131014,27140.99999999995,20.60885038073292,0.16040266134535053,1.5276313478186625,248.660000000516,448.9977722752296,1057.9062332317217,768.6998824586583,76.4877792975654,1759.2023588116917,2572.051239576761,1974052.1183503098,2226525.5875146226,740530.5000289814,0.0051105405942563145,0.0012509180894969922,9202332.24719793,118.29382564318804,0.08687990857584484,0.14525071045650453,0.2629567959736875,0.35582567240552204,False,0.0,True
14.505865250851262,1383.7799670829606,0.3133547905428578,6.875494784985898,3.3873034521525067,1.2001574417766874,0.9448154108278652,368.3431381870645,1.1728341418109518,71.80561038388953,0.49218151355124345,0.3755118849383483,27140.99999999995,19.686016995632457,0.18469712151637116,0.7090003335723504,248.660000000516,515.6532049868641,1220.8968299153637,994.4051567435233,63.14900018457243,1848.052349212594,2531.879954325733,2812087.9597923113,3161347.8157366794,1238733.1601244882,0.008216843103282178,0.001974924965829514,9090608.89203182,76.54405560369884,0.04651154438809349,0.24379524468861996,0.1383877448791652,0.6379018725148667,False,0.0,True
14.791712050003785,1395.3716466923538,0.4685364646796461,6.764618963202655,3.201603472952064,1.217490021481426,0.9631312191304514,355.69499007600893,1.2072527035282423,67.282553057463,0.48352397447557677,0.3594270430515584,27140.99999999052,18.703395409817034,0.15652591668471766,1.3112280041555282,248.660000000516,482.99761297530654,1109.3421715957677,816.1577041065308,82.3067587288307,1848.5313328135678,2590.9581594843553,2405665.705397201,2668538.025532069,918852.3388174069,0.008549992588087568,0.0012052167873713717,9076404.6157903,125.56076621987786,0.04706842731843343,0.17888496020491584,0.20972899262613964,0.46031533068161246,False,0.0,True
16.211334997132926,1438.2422424852743,0.34111056764738434,9.931289820083165,3.3436535156005043,1.0572365052056472,0.9578172870181424,360.3715560621083,3.216577293353593,64.21538095494347,0.4831802140326178,0.33840878145999814,27141.000000000167,20.045242920815355,0.16423345976792345,0.8853670940833294,248.660000000516,522.7022952501649,1179.2268502124302,930.6007076077528,114.84678684888436,1911.9211714032563,2534.292805546092,2707727.0028433506,3065383.3296591905,1122938.2103166273,0.007337635763219332,0.0018471169743865352,9114982.857386436,109.16157860338335,0.05842062273467646,0.21441815353558102,0.1747910749446574,0.5509071672653513,False,0.0,True
11.414120019946559,1473.6397970837943,0.4975798946450797,6.724469965923737,3.0684563875813895,1.5984451841712488,0.7293271303550746,370.6118018295081,0.5071264863637756,63.30185555207832,0.48500359887765054,0.36001607398602675,27141.00000001766,20.226995837995336,0.19534641211034642,0.8182624183205303,248.660000000516,474.160971035475,1138.1927367095268,926.1914945605089,55.66747520955384,1769.6353864996454,2559.1348442438252,2168242.683615667,2498799.707115192,1080759.9940723144,0.007750725377250834,0.002020470886810275,9115476.73516208,64.8726959937013,0.06858289582373114,0.20228561866707945,0.1854096050206396,0.5217645364391091,False,0.0,True
11.039841323587355,1361.6368096322183,0.4486540655153599,8.713950469696178,3.2634054357468045,1.3598536945462045,0.9573443024628988,361.3591881726519,0.5126249668489931,75.72076569678077,0.47569895071672663,0.3226907653574409,27140.999999999935,17.85344983474901,0.17108146662564058,1.5829740553688114,248.660000000516,456.1001575092401,1076.6134065004271,765.1837944430025,84.44540337258606,1822.6257377330749,2603.9934741943985,2388625.722643326,2677763.1063037044,879776.7679001531,0.007855238976930232,0.0009029110856360515,9093851.027626257,96.34691614382346,0.03858869892666717,0.1705101785444863,0.2246667280132455,0.4314780942787108,False,0.0,True
13.732104343747169,1553.1977680055388,0.4125042510665366,6.975977942143914,2.2972914552682706,1.2365551163869664,0.9130157954341909,364.2359427623199,0.7574449005883677,66.93633237945743,0.4729459273350753,0.28980395272589976,27140.999999992076,21.2382326839501,0.19188192703534537,0.4839467905861062,248.660000000516,491.0492485339947,964.5542044170558,861.4470255723329,65.83850507623315,1568.3791848875628,2565.9247341422542,2203063.5160296233,2544948.1999621973,939897.6267839973,0.0061141125167347805,0.0017514565641965683,9174705.993231043,68.8951767853312,0.08409232928194617,0.17712817522425717,0.2206375527474935,0.4453077848799402,False,0.0,True
14.576866221548801,1492.0436942738852,0.4185924405344065,9.833294236340322,3.30564662287697,1.0952037259848542,0.8050649110813052,370.9500846768578,0.6354645930168198,70.36003339332738,0.4738471118517922,0.31307889648426895,27141.00000000043,19.88448315635595,0.15415103322027832,1.3151763447791203,248.660000000516,507.9427489762386,1125.809941631699,835.7004779542472,103.693763503368,1837.88142021506,2590.5511047556297,2400137.993887979,2699510.8689650297,928227.5200999253,0.007039922940774451,0.0014573513887052268,9163111.884127483,132.70966301558138,0.0699526546852191,0.17395574134806782,0.2229713963618205,0.43825610501646034,False,0.0,True
12.308415443196894,1437.0038929118864,0.3221703441114132,10.623113560411714,3.467886139201865,1.4291350669277352,0.615119748647429,351.7396985250871,3.5593021873326873,67.63348356613645,0.4959948821824303,0.4342705581538581,27141.000000000036,20.736160399277647,0.18925587350730505,0.7966041976041757,248.660000000516,515.8154656170967,1197.2962518179058,978.6340973728726,97.41972275541575,1950.3243571552218,2552.3117796323418,2707614.762769815,3112726.481090797,1279328.806285034,0.009665072075081169,0.00212146514377271,9117643.374847518,71.35647346068271,0.06228567093399766,0.2259538469856535,0.15344118719131145,0.5955635330752895,False,0.0,True
12.147666006009706,1411.9521524682573,0.45353416868519714,9.668232853449533,2.6918991501995704,1.592545642885,0.6659072087091525,345.53792280420123,1.4865623633731866,79.32196467343927,0.4957218763881053,0.4242054627750233,27140.999999990432,19.909106704552208,0.19863447786774588,0.6816685816132801,248.660000000516,493.54563292128074,1020.9074997743904,873.7945082998997,99.90407129407019,1708.8344800750842,2646.70219549293,2402179.7829796188,2805086.51305042,1179941.9365100758,0.01001306354306073,0.0015002969221121194,9076880.640915414,61.44288538394179,0.05551526667563501,0.19479286546829244,0.1844969740410993,0.513572590608426,False,0.0,True
23.353585846177626,1368.2547810599583,0.44500051349377795,5.789047688558007,2.8698803065631884,1.246838271599231,0.8972476052684075,368.347430750896,0.5005432044915721,67.282553057463,0.5137523276058532,0.5843990983545669,27140.999999999935,20.252557710786686,0.16491902039438977,0.39596266948809006,248.660000000516,552.386285538265,1142.5457231819553,1023.8266467596418,93.59715358384511,1783.7155893050576,2614.618207195144,2859536.90918415,3201402.707027047,1389563.6902291207,0.013481270983216855,0.0023799049452244074,8975091.265486361,106.15134737968332,0.04577650263452343,0.24613247880430497,0.11943120392500178,0.6732957633172811,False,0.0,True
25.928212973725152,1336.331913364498,0.49265301460650246,5.961383363285715,2.5171774402537106,1.2636941404340325,0.8974483975238907,368.2784391700036,0.5016595242000679,68.6799415389507,0.5130773709045956,0.5327442178115032,27140.999999999876,19.568869750677393,0.1678797564165834,0.25776913559610815,248.660000000516,554.0933883494608,1079.0341777980611,1006.1178437296368,101.76020086839665,1678.8020985661922,2609.518814295644,2820635.6860274714,3193495.787664938,1428005.5632400438,0.012265695386741216,0.002193515428880728,8909833.353553727,99.90183534343615,0.037561486031404946,0.24756692340427572,0.11833609038364913,0.6765916488126114,False,0.0,True
23.353585846177626,1328.664412694248,0.44500051349377795,5.893618715219523,2.515038747148981,1.1847609000174422,0.8972476052684075,368.347430750896,0.5016595242000679,67.282553057463,0.5098954511505414,0.5289870815711084,27141.000000000065,19.386711115686243,0.17475360267466034,0.28066707303397614,248.660000000516,552.386285538265,1068.6859096069809,987.7621502263232,91.60061695399155,1682.9059046834393,2609.319777250748,2913917.674086635,3286616.02185986,1389062.785721236,0.012419811259156534,0.0019374271217649543,8945821.425318677,88.92844290917506,0.03471859102406038,0.24510457517472306,0.12315714208945491,0.6655716944883893,False,0.0,True
27.155725863523944,1350.7207233956296,0.4953451833251697,4.896807640051467,2.6930197761293355,1.1686077527946952,0.9246808166592626,361.2687653677254,0.7560031216378389,75.31027373673042,0.5084726545324041,0.510695508947081,27141.000000013773,19.525801282252434,0.15909297192150007,0.3349469524963683,248.660000000516,554.7194551978688,1122.040385907791,1019.2845952145817,91.82644018251202,1710.448606472884,2585.625316971236,2830313.0936835865,3154862.995775229,1399279.1481641685,0.011500111706712977,0.0023606751016267843,8920984.00321193,117.53268386308132,0.040495057597940226,0.25007228624993244,0.1191218932677127,0.6773462316677193,False,0.0,True
20.888693552105977,1440.2472997999603,0.4233898144431062,6.310940644801082,3.044861201458247,1.246838271599231,0.8381194903934448,360.9406825129301,1.4202676372787977,66.57565259329328,0.508556775000901,0.5165768345208521,27141.000000000255,21.233776241578845,0.16417781728182676,0.4885827784618117,248.660000000516,550.5754073610997,1169.7099227828958,1028.535659292205,85.30982632376772,1827.2514335851934,2584.679421319686,2744360.395417936,3077404.7736699497,1315070.6517564654,0.011221939522376375,0.0027984723433542046,9054728.336185727,108.55026034722802,0.06424778969793955,0.23408383806798244,0.1354423869693373,0.6334701631645805,False,0.0,True
25.928212973725152,1336.331913364498,0.44500051349377795,5.742078438078482,2.5171774402537106,1.2636941404340325,0.8974483975238907,368.2784391700036,0.5016595242000679,68.6799415389507,0.5164715870311306,0.5961764796624025,27140.99999999979,20.159307277582325,0.17573600036809398,0.14171405724283279,248.660000000516,566.5623310449815,1093.1581892890674,1056.1838341272853,96.98359500518285,1687.766519948278,2612.8814556307348,2944139.283369309,3340018.524082975,1563009.4338000403,0.01381180583189122,0.002369020002625922,8915775.062180597,87.15168057595753,0.038408828409821634,0.2651216459181486,0.09842411348015419,0.7292662314558312,False,0.0,True
21.22722430428772,1573.8960495476038,0.4955119290020835,7.652749819472431,2.755233609813459,1.2464399984522756,0.9903032803133642,356.49450630207207,0.5016595242000679,73.04814807712778,0.49766317603870935,0.445956371585562,27141.000000000095,22.497294180317994,0.13814193561240196,0.8389133843350488,248.660000000516,513.7521075441407,1024.6532775273047,855.4788337861868,143.44835882581006,1790.184506762933,2673.702064949147,2287462.3615311948,2554539.1015498973,935564.081995503,0.010128778508870138,0.001974923372333641,9122573.490708852,183.58603268186422,0.09183803949377306,0.16224430067615517,0.2154112917903377,0.4296091568948503,False,0.0,True
13.626525044872185,1297.2341372698118,0.2605721870462159,10.35212783500786,3.2147649512840166,1.2454605175141136,0.9896349055962541,365.8943589337829,0.5269171701073997,79.83449778604965,0.5007332118101738,0.4470330081327076,27141.000000000022,18.69451244523633,0.18794125374089404,0.8409674227317928,248.660000000516,516.3198009839375,1109.2081535794678,892.1197967025065,101.68216096385608,1819.6805138895863,2625.0018115430607,3101277.448158846,3511680.564286783,1268478.5291624968,0.010967343055226281,0.001165579818503545,9055756.161943026,72.36977759430695,0.02521723882852477,0.22560464528337149,0.15015505891371483,0.6003960583411616,False,0.0,True
18.838085614968467,1348.9464444065748,0.49650431625550656,6.923271206517382,2.2993867513634423,1.2953691211200469,0.8748278741231257,364.2457513038979,0.7427291722196998,52.227316228404625,0.5011295628730641,0.46804627296706325,27141.000000000022,18.928472713160172,0.1799765641533315,0.4465157596151638,248.660000000516,516.3751596895406,979.3080464691998,874.6018703047661,96.46783084248013,1660.5205941938038,2625.6972095994583,2548931.526852519,2915168.357802443,1153464.5450903494,0.01125120689957979,0.0014520369950192828,8980351.934065169,81.72301180894372,0.03870792687592559,0.20295744594514967,0.17177371785754306,0.5416081328427035,False,0.0,True
18.838085614968467,1348.9464444065748,0.4948758538318526,6.923271206517382,2.2993867513634423,1.3835672413377427,0.8748278741231257,364.2376458145713,0.7604344885429415,50.510974436614376,0.5058903222504706,0.5027603809711609,27140.999999999876,19.28168639730988,0.18484269601262385,0.3640217368707615,248.660000000516,516.7170442371352,989.0667496605316,901.9237004022369,96.68920873430599,1666.0266885236717,2627.380468398082,2531620.6115017766,2914914.476268898,1221753.2978538037,0.012049955207467412,0.0015954642924708043,8968045.083166957,75.33378303568158,0.0394607750459538,0.2114836612900305,0.15972523217344836,0.5697160413287274,False,0.0,True
18.14817626938643,1396.8728346524078,0.441369881816529,7.344086660726244,2.304633039589914,1.3503871680462467,0.8703971853439623,356.3637470036307,0.5356347752758088,78.77222573597678,0.5043929140664476,0.4864814922506,27141.000000000065,20.329813257839444,0.1866053155039071,0.328210520602378,248.660000000516,523.9764580408506,981.4803839438713,908.122253040438,106.6450932679511,1639.9635232940693,2648.77272571192,2568301.667816928,2959647.343211067,1245711.0054701744,0.011474978000669704,0.0017286161805038628,9022037.358227747,73.6599578913291,0.05200153764993431,0.20698456681326521,0.16550857240930789,0.5556735011153783,False,0.0,True
21.312466338134254,1414.2984168145033,0.49467613596092447,6.21170396309532,2.3053366820699757,1.3137249605420334,0.7300472046368632,363.81749015558023,0.6101459400458188,78.05973477074176,0.5041148652085544,0.4757737947574792,27140.999999999905,20.485625099287496,0.18733135100782974,0.16702739471792663,248.660000000516,554.020727031147,1039.9189251000628,1006.0469905129331,87.41587148904468,1597.4083661803147,2599.93480197826,2541291.8315673177,2943857.505835688,1415491.942298207,0.010336094473163415,0.0025768820903492836,8997535.428732552,72.60909884122319,0.05884640956526874,0.23393514188455866,0.13863421813546792,0.6278968884397365,False,0.0,True
18.899126549413623,1369.4818500553736,0.4246827026463442,6.029293018629865,3.2631588931792272,1.5846444687109633,0.7437561388168086,360.8224406363165,0.5034941715300466,74.094785786223,0.5229921643634704,0.7503974852913766,27140.999999999716,21.03654388986159,0.1822399237041868,0.4111067822221317,248.660000000516,548.3370290551205,1223.7561225649229,1096.1584585180658,91.42818922779371,1900.6777487893448,2638.7582541998454,2824035.9525989816,3195705.107997559,1635135.1402379442,0.017643762568944725,0.002722775579348317,8973959.748721195,78.65972421520699,0.04945662155344374,0.26700845244797317,0.09224351448564037,0.7432344900628306,False,0.0,True
18.899126549413623,1369.4818500553736,0.43148076607495184,6.029293018629865,3.2626805011319777,1.5846444687109633,0.5736767830822119,360.8224406363165,0.5034941715300466,74.094785786223,0.5232240825577723,0.8238665243077951,27140.999999999658,21.015305373633716,0.18773690511952512,0.3590867597652221,248.660000000516,568.1621267296366,1238.9243218490733,1128.419835875731,90.8523888712013,1918.3379048844006,2652.0271667604225,2872604.2765075257,3264796.3416801,1763199.145637272,0.019495137490086852,0.002865423846150732,8973409.72537878,71.94612576256596,0.05140971556430558,0.27745515751544103,0.08165950143200018,0.7726088328687479,False,0.0,True
18.824613018888165,1395.3716466923538,0.4685364646796461,6.40648286565386,2.6472975204193343,1.6368870806432196,0.7522547767572969,355.31361475584976,0.7392858487622987,67.36972313683407,0.517020703515741,0.6778229590613875,27140.99999997412,21.179229218009645,0.1928993241162098,0.23379926256595274,248.660000000516,538.6444304204705,1098.4983562897803,1041.7717570337384,97.88199515942682,1763.309810584053,2642.9484319514845,2527590.6793530583,2932908.0284985006,1567979.6265916005,0.015715802752503404,0.0026809901793641705,8974824.478147404,66.33347097107291,0.056265791561327876,0.2461511944135993,0.11717719706762834,0.6774895664224947,False,0.0,True
19.5500241916428,1332.5390573570278,0.21967184045456087,9.194062213284187,3.1189967376213747,1.2349389980658305,0.9288365705401835,373.0890992325168,0.6329706525872028,63.32659076148024,0.5198669277728735,0.7136463911652051,27141.000000000226,21.18473787772167,0.1873013854348629,0.284012945307209,248.660000000516,583.2027523054225,1175.0868894128257,1086.2912968162686,122.51970746278795,1878.6647606719598,2646.849603499858,3438651.1116941674,3919255.502357462,1692030.6612936598,0.01728396016225805,0.0020851165403569464,9001890.07338005,72.67911206558217,0.03825432448714573,0.2786001633587643,0.08320026378283132,0.7700382378203502,False,0.0,True
18.73847604316043,1250.685375779558,0.40248963687267925,6.809778950727441,3.558779573534065,1.2359258264655486,0.8755390114394873,370.638658096769,0.6670484971422717,55.626382840236694,0.5179678708301934,0.7111400716536262,27141.00000000043,18.007107718294538,0.16377564384824805,0.9006893084957287,248.660000000516,536.0037759557074,1233.787338200694,962.9173073404396,93.03111384361176,2001.7869231596537,2648.7519492530196,3156250.114368429,3488193.5481441705,1338206.4633059395,0.017935811089517174,0.0013652415952342027,8949523.325396778,108.08136847764324,0.01354245504593738,0.2506479007472956,0.11202926540651544,0.691104718296481,False,0.0,True
19.690349616628954,1347.6460880887346,0.4955941557000507,6.966684544129281,3.244252281313921,1.5152155306720014,0.3276398322569647,349.3046453145985,0.6167699474043343,62.429338145408934,0.5253624511360018,0.982463605867807,27141.000000000036,19.87676216383833,0.177272864220673,0.558175350384139,248.660000000516,600.8710030776872,1196.9809403327617,1052.8263036509616,138.56853506861154,2102.693210687135,2797.090280763344,3041682.1186261186,3431351.547011276,1809388.347546734,0.02423358038373706,0.002431464343121126,8978444.558006734,85.50139430913423,0.04721207431152073,0.25376124454662213,0.10392106708962598,0.7094598650567029,False,0.0,True
11.039465916551007,1565.191702337451,0.4474059210964056,7.601624545851338,3.2017250184464943,1.3660220056901486,0.7033826803810732,360.9260659607444,1.4401235193845632,67.16897387745286,0.46832571263869704,0.27111122344061317,27140.99999999995,20.767924675187924,0.17866934075656052,1.1228472642007457,248.660000000516,478.9787309794309,1131.6099353545571,871.9463744169811,57.4938330009487,1803.839217705205,2534.4407824205573,2144576.697784391,2439650.737659667,921936.8080384876,0.005523454584963336,0.0018347751304383332,9208656.691784883,85.6534882415234,0.08717765841404565,0.176294354662304,0.22558174204448597,0.43867837900030393,False,0.0,True
16.211334997132926,1438.2422424852743,0.4916849955578666,9.931289820083165,3.047659138485223,1.0254651832207322,0.8747228093981809,360.3929482115963,3.3818574025491985,52.64976913695341,0.46890802717174934,0.28719407883061077,27140.99999999986,18.54834029890649,0.14576051255096995,1.4448565880127129,248.660000000516,499.46600759056207,1072.7546201279952,778.6817590552885,116.89979755670075,1873.3318791371635,2573.9961307899725,2277235.5254060323,2565199.5883909822,844069.7076186077,0.0066645874096360235,0.001130147083905544,9100039.966326814,155.8915288573239,0.0560494513403105,0.16225319698904417,0.23839371725018382,0.40497802734145627,False,0.0,True
11.868778356690639,1374.4814487273215,0.46561107640184596,7.659177609575146,3.467169526799089,0.9586750320327146,0.9321945587875844,351.92373679386924,3.1339640740431385,65.13557950637585,0.4394375334848396,0.24852672031417652,27140.99999999899,16.22921794379674,0.15128685035855952,2.2684192383859627,248.660000000516,463.1089306969628,1134.5983274441435,711.3482799977908,62.24681809115621,1929.3300847264502,2554.4213495204217,2196314.605189483,2432663.895406984,728204.5460729068,0.005995962497580349,0.0007493012184664641,9124817.232229667,139.80397094707575,0.03928788994959833,0.15666136429379182,0.2708285474239014,0.36646797971047373,False,0.0,True
10.006506630187872,1529.9686212739334,0.3276382037058578,11.381449963997788,2.1851969699233873,1.025247735737941,0.9353540755010625,360.3929482115963,0.8062892089630103,68.13230820219016,0.43007159223090163,0.2380439316750191,27141.000000013162,18.77459259270285,0.19950605816268355,0.9712507388068894,248.660000000516,467.6858061619806,848.0791517004049,691.4344119201446,88.36080530454008,1552.7195976906407,2620.8745877869583,2202618.36784189,2582620.3071145876,793713.4564201608,0.005672757883313694,0.0007879924662811321,9230790.062662177,61.66936647811252,0.07335528917912147,0.14263671428332006,0.29499485286444893,0.32592876060779663,False,0.0,True
10.109444743716333,1321.6751985100486,0.3184272056645849,9.934125497633211,3.2872288746704794,1.0010693184048598,0.6519853124668594,365.9723820654495,1.027063325978937,67.50739813053218,0.4498577895420128,0.2703938737057118,27140.999999999687,16.16942223627298,0.1843947521662328,1.673747741431216,248.660000000516,487.1284111246404,1092.759635479688,752.1236597648365,74.26500019182413,1829.523148339187,2561.739977986585,2622912.77396556,2956523.3073907644,933416.4995532772,0.006589423394173696,0.0007493367320729426,9147408.858331533,77.40184216723281,0.02852271610855296,0.1821981577864326,0.23595419001214024,0.4357219533637507,False,0.0,True
14.791712050003785,1303.6068405659496,0.4685364646796461,6.764618963202655,3.201603472952064,1.217490021481426,0.9631312191304514,355.69499007600893,1.2072527035282423,67.282553057463,0.4881594258364615,0.37965421665240134,27141.000000000095,17.343248861135063,0.16182813417943362,1.322587389817632,248.660000000516,482.99761297530654,1110.290940856527,809.2292832348278,82.27337579563192,1849.1900761448146,2591.392012470539,2573874.097350994,2852390.2134997477,975154.5917522395,0.009301989418628472,0.0010022056755343886,9015112.725819346,112.85166156772323,0.025300885986112607,0.19120945811857307,0.19354966300311144,0.4969588701656818,False,0.0,True
14.753122558180074,1384.621272465915,0.4859349082060608,9.141989798783154,2.6846417658608575,1.3015994917255929,0.6514666386344516,351.44317487956187,1.1749654595819128,77.06961668632744,0.4917608878774596,0.3970574454465426,27140.999999999935,18.827596026565995,0.17742075142390765,0.8610259535071365,248.660000000516,516.0635971016151,1015.0631926966328,837.4907069521103,109.54143120407701,1721.5351081781919,2645.7663890974604,2512985.8938050712,2874825.186845322,1106696.8640182707,0.009479348031106463,0.0012971880957581236,9064786.563333783,86.10794344687396,0.04769057225330327,0.1851202810487754,0.19705459007502524,0.4843863242615134,False,0.0,True
13.383199088273756,1553.1977680055388,0.31890880131637767,10.336851457797243,2.722416015801421,1.2383984202497107,0.9382978480450852,370.2019357789388,0.5618795632263247,67.29414773186637,0.47748425978071624,0.3447761935478554,27141.000000000036,21.827149954810864,0.18379481338675158,0.646077864644099,248.660000000516,504.55605842038347,1021.9893242472546,879.5272721523604,100.72197119329137,1697.454309178847,2600.992579727179,2452395.037908971,2834129.076702623,1046503.6783930319,0.0075439052908400795,0.0018136653782422746,9191170.016796835,78.53620683741148,0.08587403593221395,0.1843497591815464,0.20992770093958935,0.46756352525175476,False,0.0,True
20.2528945219228,1373.7342603422107,0.46561107640184596,7.659177609575146,3.49301040296481,0.9586750320327146,0.9321945587875844,363.9769092897089,3.1339640740431385,64.95848595262964,0.48202301174969486,0.35896363775909346,27141.00000000008,18.316164743814312,0.14537736500759754,1.080649377152971,248.660000000516,524.0617992673983,1245.038408290546,926.2437862841495,102.14340301946324,1947.71919583549,2541.8498372205026,2641919.920645322,2941186.505209362,1061199.607266361,0.008001315868992723,0.0017413162234268603,9025109.611386247,155.83355682468132,0.042534791831986295,0.2211414881196164,0.16840440880111546,0.5676904566770887,False,0.0,True
14.553050848162,1493.6921881998228,0.4354258067175121,8.030079687964921,3.209160930999828,1.1619416780385872,0.9334404683511224,368.19557111239453,0.510607135376115,67.90312458400325,0.47663138713500935,0.342622477644083,27140.99999999129,20.06007565201246,0.15313874689353202,1.3008225778881277,248.660000000516,491.21817542168094,1103.9562453642575,821.6660896549093,87.27729167126617,1834.7185791831305,2605.6837493922326,2325810.2609520927,2594280.0740048857,871747.2592388093,0.007899894498761236,0.0013992221669738355,9154021.153329847,135.22454273303873,0.0696306511387477,0.1685150095103012,0.22604115038774972,0.427100186583942,False,0.0,True
13.381424523579398,1376.466195069386,0.4480709940927238,9.529027655838286,3.4713453200222317,1.2358016955336624,0.9968005183317463,370.638658096769,0.7577349428902358,55.626382840236694,0.48051034758677574,0.35011271157907664,27141.000000000007,18.28643096254793,0.1539857985907141,1.62930039892894,248.660000000516,472.69342035602665,1129.8797032925268,788.7761618206275,91.19251571465595,1917.3093257577661,2602.950745884838,2436100.0507424553,2717949.5266427104,878402.9697322459,0.008470422782621315,0.0010319863223464069,9083913.227755904,131.98660104590968,0.04215139214221898,0.17417904063538583,0.2169420342582247,0.44533279287689764,False,0.0,True
16.211334997132926,1435.8716264318539,0.49084920909044616,9.931289820083165,2.6945579669068054,1.0235752357211099,0.4506846716607159,353.52173203964304,3.216577293353593,64.21538095494347,0.47459976701907003,0.33864933219062804,27140.999999989806,18.603023309971437,0.1705107810633785,0.9018953774438334,248.660000000516,553.3923261735093,1044.480463132508,851.0885409596634,118.10467242969654,1776.2209711471107,2602.937733805821,2496875.3215699894,2872300.325677139,1112733.8543881797,0.007710257942243267,0.001481023582739117,9119340.936233617,97.5903325993211,0.05989079116778674,0.1838941872858497,0.21216178923035173,0.4643136278447932,False,0.0,True
19.59775131340151,1332.194503030354,0.49570487331322155,5.012828280647057,2.6833178417402688,0.9444740979497968,0.9245430777821116,373.4835632901515,0.6379296413725728,63.84223910736222,0.4738705302650737,0.32316950894290125,27140.999999992993,17.205847589352064,0.16418630835234269,0.743745312500586,248.660000000516,514.1638687999985,1085.6005140938967,876.7973739409001,62.84314628043755,1677.1025318132206,2550.684925103456,2600854.5991110243,2890423.0351371877,1034980.9972914718,0.007392868302702439,0.0013782753395145807,8991444.972355839,107.7748813568686,0.0321134012939311,0.2150642939858316,0.1810409046250359,0.54294741583816,False,0.0,True
11.039465916551007,1565.191702337451,0.4474059210964056,7.601624545851338,3.5505853220344763,1.3660220056901486,0.7033826803810732,360.9260659607444,1.4401235193845632,67.54161397920299,0.4695310297367523,0.30294132012819325,27140.99999999995,20.75577314681427,0.16993800404019588,1.3505099870834962,248.660000000516,478.9787309794296,1192.3820828806604,876.9903658033637,59.34976312350917,1900.3506577475168,2545.1100399144366,2173401.697407197,2449284.726700119,918838.3172229864,0.006349918969659612,0.0018722113999396653,9212318.257188091,99.58553728622945,0.08716747035046529,0.1766662054731135,0.22420582209651171,0.4407047469592508,False,0.0,True
13.383199088273756,1553.1977680055388,0.4098683345213773,10.764095679117116,2.705612033816724,1.2383984202497107,0.9130157954341909,365.23228509931585,0.5642754797203621,67.29414773186637,0.4732898809467478,0.3152762595012076,27141.00000000916,21.130121962047593,0.1675750941426,0.9756530099442604,248.660000000516,488.529965654863,980.7511124264768,796.6437468507839,107.49674387269859,1711.3155815070784,2628.4150116492824,2261303.4474163083,2593330.200531281,895061.5913918219,0.0072099693623574514,0.001346943596767712,9184276.358129073,103.54172692351166,0.08379639697831961,0.15745671778423695,0.2400835422468643,0.3960774130698573,False,0.0,True
23.353585846177626,1387.501529656286,0.44500051349377795,5.789047688558007,2.515038747148981,1.246838271599231,0.8972476052684075,368.347430750896,0.5016595242000679,67.282553057463,0.5101370039169818,0.5366566946994046,27140.999999999774,20.58958207403756,0.17500044781036256,0.21892556552734124,248.660000000516,552.386285538265,1077.3691415929761,1020.499485966838,89.6324679841167,1679.1439215917862,2604.983127309411,2766107.3657302437,3135907.128897273,1401570.3579207323,0.012083433717256814,0.002481965633579603,8980403.597300816,88.89498317350441,0.05083771777281501,0.24317191173834843,0.12497594449734487,0.6605278493939306,False,0.0,True
25.829209550768706,1336.331913364498,0.44500051349377795,5.749214274935795,2.5171774402537106,1.26532993994141,0.8974483975238907,370.76204442855436,0.7540515750986382,55.16604983067961,0.5159616833538682,0.6188913780148232,27140.99999999963,20.16025539110235,0.17704613606711472,0.12841056431080525,248.660000000516,566.0349521171903,1097.1499553669591,1064.3800739581602,92.15900684224711,1708.317268346899,2607.9362584187184,2933186.4854625324,3333650.039652087,1569698.6429514661,0.014396317139364432,0.002401013751335653,8914299.462821184,85.2170974011317,0.03839080344539819,0.2682353010756142,0.09566709220042925,0.7371078235040363,False,0.0,True
14.836989755520657,1353.4610099456045,0.42026201503119165,7.041639687837599,3.2445513102126404,1.5888126368300988,0.9652218508698654,354.8549557041636,0.5320592917057321,73.79551714242598,0.5128060148032119,0.5980551154647176,27140.999999999804,19.911212742412367,0.1771891901493048,0.8133434905755913,248.660000000516,493.2724052186599,1137.2262289226192,926.2174418925698,98.35899080086344,1898.3839841186423,2651.8577915763117,2680097.340378953,3008548.6900793547,1255135.731198689,0.014604990201528167,0.0016268236872996175,9014098.289593425,85.96259091585752,0.04060809882226832,0.21771356975411058,0.1487834789498913,0.5940390803254326,False,0.0,True
18.86790229875987,1469.681799313841,0.4349997686467371,6.005137466968982,2.9490107843038773,1.5710676234439853,0.7553437932113192,359.78041266964954,0.7040507164629581,79.10623878379512,0.5136034212240819,0.6058752349627287,27141.000000000022,22.477743940246096,0.18595558952963281,0.26335036871966644,248.660000000516,544.747475590817,1175.6612729234066,1109.430089568391,82.42683588771399,1772.7133389609282,2596.680519566932,2526752.9163907203,2903364.630718465,1548292.5356111405,0.012626759695436694,0.0038173000566867382,9039446.07460024,74.57838662893161,0.07628958639854122,0.25298008713939596,0.11290864982868305,0.6914126114832185,False,0.0,True
17.447095916104036,1299.2682180305176,0.4920302485856294,10.711388964781355,2.707707334329857,1.5180087299947975,0.7183104666206489,365.2339881515672,0.5672660026902194,50.8687896904919,0.5163686576347785,0.6220576286384887,27140.99999999986,18.762983904162034,0.17797387282144442,0.6353841713855025,248.660000000516,528.9741166652051,1029.1762485797165,889.505222453781,147.98360662868737,1842.5471310809921,2708.6837497027727,2790664.234466684,3229735.385509295,1360088.3990364713,0.01551157032638956,0.0013716957724875724,8937949.483591542,84.11394835660273,0.027849214039845457,0.21316679946111622,0.15057022377773777,0.5860464727043655,False,0.0,True
18.05635604107429,1466.3594488032102,0.441369881816529,6.005137466968982,3.2434802994241685,1.5976821932097134,0.759122913650557,359.97469186087426,0.7005418897496464,78.73975599799394,0.5144714145261476,0.6183275398338556,27140.999999999978,22.278037549053742,0.17972728665096174,0.41508623234147685,248.660000000516,537.0787802854344,1223.561178747126,1103.1735075031752,81.5595530591585,1847.1843242868106,2597.427771872009,2555010.842570809,2907304.1675349595,1504900.4813714055,0.013072904930153088,0.0037091228284775713,9045679.214921402,82.6604958080075,0.07472849840428307,0.25053715681489946,0.11476562878239721,0.6858342358524667,False,0.0,True
12.336781427446128,1429.5011405275422,0.21109669868524283,8.468195801460142,3.458240682202039,1.3151617271257237,0.7880999391670117,357.6775067906637,1.1798190699191549,79.96088072520959,0.4944333663906027,0.4520249824229781,27140.999999995336,20.841691322896278,0.19348578044630718,0.7471642182109712,248.660000000516,522.9280205284649,1189.123674721628,979.4474519545529,74.59949334508512,1876.843718449191,2581.958041826116,2919615.142516161,3296542.8836299055,1288350.9762006118,0.01026222430997556,0.0020061857379643803,9148121.960740166,67.00136677336295,0.059743990194836255,0.23058198509119024,0.15036225380045837,0.6052906476865616,False,0.0,True
21.22722430428772,1573.8960495476038,0.4955119290020835,7.652749819472431,2.840764434264352,1.2464399984522756,0.9903032803133642,356.49450630207207,0.5016595242000679,73.04814807712778,0.49809061268819854,0.4525586020256078,27140.999999999993,22.491494788322456,0.13603819675461526,0.8970692625116958,248.660000000516,513.7521075441407,1038.844660569753,856.611193757071,144.90015994634956,1814.404140665642,2675.9894797129805,2294984.4545115656,2556415.508542913,931161.6383641451,0.010298699524962108,0.0019841934926149115,9124212.48330604,192.27006265158758,0.09183402946135746,0.16219278556681774,0.21514756737037702,0.4298315414832227,False,0.0,True
18.387835385916397,1348.9464444065748,0.4948758538318526,6.300958479484303,2.2993867513634423,1.3835672413377427,0.8625330730885431,364.2376458145713,0.6120748940370926,50.510974436614376,0.5044858955665337,0.5209320230335076,27141.000000000007,19.216117825624988,0.18883915713621233,0.34682158655046325,248.660000000516,515.4953126559458,995.6066381485575,910.5403292482799,88.8249197801354,1664.2141501533981,2624.7280671996587,2509640.359311193,2885090.8075995585,1234140.048236657,0.01250847789825543,0.001630138138897004,8971279.31199591,70.67683534709415,0.03937900917077388,0.21487918408103004,0.1573716847864675,0.5772429349453477,False,0.0,True
18.16014066806283,1469.681799313841,0.441369881816529,6.005137466968982,2.595974311448499,1.3561008895064568,0.7553437932113192,359.78041266964954,0.7040507164629581,78.77101324790942,0.5021471191995875,0.4789410554807666,27141.000000000007,21.491327568336995,0.18626588882644265,0.3022001328854586,248.660000000516,538.3243641750539,1082.1764682502908,1009.2013020780032,78.12608437361197,1673.9401567469954,2591.5077971517026,2500026.380904917,2863060.2533158516,1328404.817115244,0.010215149653446906,0.0027837895333565855,9071433.117617609,74.46887490645737,0.07200621583833199,0.22552656992804726,0.14876536803103083,0.6025418852401369,False,0.0,True
18.838085614968467,1348.9464444065748,0.49650431625550656,7.1115882223977485,2.9650119959483905,1.2615749636882965,0.8361981966907612,364.2457513038979,0.6062993942861041,63.72530838008045,0.5037089543772892,0.4904893124866789,27140.999999988453,18.75978482392506,0.1587594510494269,0.8811331988724276,248.660000000516,521.8434052193322,1097.6461265097014,884.0209051346665,103.97211462451867,1823.5829422923548,2634.0592934638216,2661169.8365566754,2972288.8126213863,1124569.4164931588,0.011816802986036434,0.0014955674441588524,9000805.998551277,119.33326201335042,0.038752026396553646,0.20296205241389395,0.16991361373436517,0.5443156280763953,False,0.0,True
11.414120019946559,1473.6397970837943,0.4948758538318526,6.905321504725927,3.644016308217624,0.9556494934782437,0.7624672142978224,369.20645728975745,0.7539196787911383,63.30185555207832,0.4316340383145537,0.2701926226782401,27141.000000000255,17.141931628139226,0.14581610313843069,2.485495215285923,248.660000000516,471.1695540190691,1178.2636121201135,724.4419519948875,61.16441730163105,1940.4256396487087,2581.4722516133143,2007085.4962068833,2219813.374705878,697527.4877599459,0.006425981099085631,0.0009073168730245538,9191590.759953659,157.2798526245102,0.061261353650300186,0.146629868594792,0.28882228896886347,0.3367301460054364,False,0.0,True
13.479866916680093,1468.823851368647,0.14392563362228183,9.146049126564247,3.7800906760139634,1.9894468165789414,0.8117175784960208,344.74166842269494,0.9004919937007008,52.40553084987909,0.5249207483734497,1.13572946249051,27141.000000000065,24.652295662660993,0.19845954778924538,0.44595989443054374,248.660000000516,548.0134806688973,1235.1101272010537,1123.2141224579505,148.0690756798368,2317.354368003579,2876.93791992142,3042831.7391219046,3472270.2742676474,1916917.483028953,0.027354190851002724,0.003470642490452285,9073810.527409017,61.58466608841419,0.08350699259617189,0.25930439853040893,0.09934991080223124,0.722992563543723,False,0.0,True
18.872881731860833,1371.241699250939,0.4264672913056511,6.036570971806789,3.2631588931792272,1.5846444687109633,0.7437561388168086,349.3878151814078,0.5027276183182818,74.094785786223,0.5230989577252009,0.8769002914170942,27140.99999999979,21.042424584007982,0.17760025805123508,0.4853043070017168,248.660000000516,547.810885846218,1196.7296462055997,1056.3769786921125,110.53784194574799,1988.2936799857398,2706.7420228415926,2850626.3519331417,3205602.951778453,1642509.0575151695,0.021265790688770016,0.002534160120581153,8974971.042576827,84.99652209634716,0.049899090354035266,0.25360252172247466,0.10557566974785378,0.7060632514583634,False,0.0,True
11.72090848124339,1461.717027875852,0.32319329691481935,9.87788861557834,3.224478006726177,1.0005050464357126,0.9631243748205476,365.9723820654495,0.8420893763961734,67.50739813053218,0.45097239453230764,0.27425263921127424,27140.99999999992,18.55878409296525,0.1656973447124745,1.5572350130659929,248.660000000516,485.4933438944272,1070.1095924614594,759.4463613705229,83.71112274537842,1821.2734610293235,2583.9855352098957,2429228.7085262197,2725734.259300597,846983.9888588763,0.00647564871644606,0.000967842164387112,9203596.902477592,107.32720492444042,0.05991798247379724,0.1640352083763167,0.25331324607947986,0.39304137016683377,False,0.0,True
13.073521340317914,1468.823851368647,0.14392563362228183,9.146049126564247,3.7800906760139634,1.9894468165789414,0.8117175784960208,346.7421123995061,0.9004919937007008,52.40553084987909,0.5245506734410876,1.1134819310785367,27140.999999999993,24.481618808396743,0.19953148283885963,0.472580722585827,248.660000000516,543.2431379600123,1233.4805992431368,1113.7339499065504,139.66051073895326,2286.371021604585,2852.409221991598,3029029.1595205795,3454814.460342872,1853668.973651343,0.026846742825917057,0.0033742702654854977,9084321.907679515,60.66764013580498,0.08263381006501953,0.25632221211319917,0.10264477798186979,0.7140551058617248,False,0.0,True
18.280398906383613,1500.6504583884312,0.4952188289258329,8.306745494923836,3.2634054357468045,1.523265986595716,0.7488857350161621,356.5580261948554,0.5126249668489931,72.44441564054335,0.512549155185693,0.6140737360001471,27140.999999999978,21.957263424337917,0.15239414868905174,0.8706757628299959,248.660000000516,530.4437770841698,1138.2623883609876,943.5150142088413,140.65442325862637,1949.407837190621,2705.4140977983993,2520050.812627657,2829293.71783253,1195582.2302378807,0.014204696670402438,0.0024618785983775435,9096532.758182786,136.35462965890667,0.08139661543888861,0.1933492740567927,0.17341917589469888,0.5271698644808867,False,0.0,True
10.991940846299633,1568.9870562532303,0.42488022935541286,5.820614951172765,3.2330379005766354,1.3660220056901486,0.9619786125849528,360.9260659607444,1.4401235193845632,63.17089614418957,0.4644150735422998,0.2797559096340006,27141.000000000007,20.917209690542144,0.1812286032980245,1.0520595898475558,248.660000000516,459.3941506806732,1151.4689240475918,884.7949635300262,47.32842779925878,1811.3198595449396,2524.247530404898,2090798.1693578642,2365028.9304800415,910796.540249621,0.005671632940731958,0.0019212222026444552,9196445.334342455,81.96692453544536,0.08555229917259911,0.18290505788567557,0.22228778543398325,0.45140248871913263,False,0.0,True
20.806087721747847,1377.2062770997911,0.2974342167056478,6.426283528854477,2.7720062347323697,1.3682948189619781,0.9631312191304514,351.2527627035382,0.6048115994093528,74.06471714277002,0.5228102003251801,0.8004738117628761,27141.000000000575,21.935807131380695,0.18466071644596557,0.20922721593483176,248.660000000516,568.0362212379113,1103.0448927928257,1051.0465513623826,115.24694535387444,1855.498077780905,2700.3150405087767,3096097.6841142867,3495271.799613173,1638514.5821292708,0.019316335057345244,0.0024093246677114374,9006992.028162898,75.8848546607804,0.05103926918361706,0.25430939915536793,0.10528358683264832,0.7072145705418265,False,0.0,True
14.66912117316768,1468.823851368647,0.4302459377538359,9.18008601412671,2.4981018818693497,1.9602454120045179,0.9486401716366871,347.47170235849836,1.1528125853800295,51.13477595956774,0.513761426507867,0.725159871040769,27140.99999997706,22.74476885106036,0.1999100817459093,0.2799915000358068,248.660000000516,491.5884978034878,1006.3692497452384,952.912197098012,135.83710316115486,1838.6679902568944,2727.485498916666,2234458.4332504,2669490.0356433787,1399901.6665573702,0.01738011758841625,0.002301446471484626,9034160.959401695,59.99051782411526,0.07388281262129795,0.20913429896168345,0.1567019715749568,0.5716609199380565,False,0.0,True
22.20967861368799,1350.7207233956296,0.49570487331322155,4.8948154840457665,2.6833178417402688,0.9444740979497968,0.9245430777821116,361.27272080472846,0.7560031216378389,76.48975013846075,0.48197231202833934,0.37107419022908666,27141.000000000095,17.872595833019325,0.15501736231306648,0.7107944330742234,248.660000000516,529.2467689840086,1079.6898152114866,886.2506013759196,77.7886297957884,1690.2916123439768,2571.6281940897757,2680799.4892451526,2959087.3825830217,1077246.8194037182,0.008559466803271076,0.0015118577937366002,8988864.653882446,128.01553910118918,0.037307678533266414,0.21146222660295713,0.1780038893772168,0.5429541054444946,False,0.0,True
13.383199088273756,1495.9921430764196,0.31890880131637767,10.602648084605987,2.722416015801421,1.3793691762518412,0.8342389930276897,370.21107876054674,0.5622481909124866,67.29414773186637,0.49017201538654376,0.3989928464827438,27141.00000001012,21.727548807923412,0.1951562132732198,0.49198880504139914,248.660000000516,512.173100468785,1041.730787211926,928.0714936022061,104.42328626376879,1703.5807518045801,2606.880294358157,2544997.5678576375,2976140.95216927,1203161.4058534647,0.00881921182416132,0.0020098530222308684,9139179.39959027,65.23173524317731,0.07572345686900428,0.2042802956252757,0.17964179885643888,0.5320878859578246,False,0.0,True
15.989008362679295,1303.6068405659496,0.4685364646796461,6.785329782473529,3.201603472952064,1.2175036925861515,0.9500957470405599,355.69499007600893,1.1969130503825913,60.90173188274223,0.49437626256014766,0.47065278803445226,27140.9999999903,17.601433331870293,0.15780070973779967,1.2703198482609213,248.660000000516,493.20783501995606,1108.4388385440493,819.8903106832048,93.52443093397066,1895.1179984154917,2624.9404365434693,2646821.5237071007,2925410.300759072,1011467.7155285208,0.011719936149336276,0.0010540511707022283,9004810.781841332,121.57565323651082,0.025697491250259316,0.19289645066249847,0.18701416698808437,0.5077416679096663,False,0.0,True
14.736458135659152,1201.6615433468166,0.22718201922288975,9.835867477267113,3.232871822618808,1.2288439863659457,0.8759537943021972,359.25600669299445,0.7371723466581757,56.20855905345129,0.5186989082013624,0.7631189412149805,27140.999999999905,17.782929499815054,0.18826380616650693,0.8437084372961263,248.660000000516,541.3615973421499,1088.8688875530515,882.3053978738795,128.78298027159087,2008.557247388465,2737.5687692674787,3563600.002662754,3986030.0960829295,1443953.7549111582,0.019833185396163036,0.0008786257873526754,8984232.454217901,71.42978667365571,0.0001838844860013831,0.23753251366284786,0.12516522321483084,0.6549048684661539,False,0.0,True
10.987567980426684,1348.738481119512,0.4380664640988825,11.288699691153631,3.2634054357468045,1.5658649583513315,0.9634262971768829,356.5580261948554,0.5113617547671587,75.10927040084884,0.49099780662363485,0.4189969317758551,27140.999999990767,18.498858450813692,0.17357790002332887,1.4590595929804828,248.660000000516,456.91121287446884,1043.50662892672,774.1998104546675,123.6013114086534,1873.3490343244055,2672.9807628694152,2517309.390128174,2846944.077400241,986146.8975694408,0.010451784330758648,0.000920211394565967,9065752.798121283,91.9643403270398,0.036860794342211435,0.1731741013500299,0.20972716706499978,0.4522682885508886,False,0.0,True
18.745820618523556,1578.9613679227257,0.496583875264798,6.961889410668068,3.1678340178115567,1.015107501600697,0.8734248268471175,353.7806918102131,2.426942939857548,63.50275699862066,0.4738918676330608,0.34008517675651734,27140.999999999993,20.950316356937492,0.1335155182743956,1.3144441361432422,248.660000000516,515.9609634667278,1123.052239701903,836.5160628323907,89.66874971876503,1882.911243836793,2588.9156737326953,2175032.6564922193,2406547.170545564,821045.0109679275,0.007469134895897886,0.0017611168864507495,9171245.229164533,204.42402983203542,0.08872276382742086,0.15865913488023034,0.23803276995386985,0.3999555648774403,False,0.0,True
25.002652582232095,1502.894396163292,0.4241744075346762,6.900734838904896,2.7834661528575033,1.160680632090853,0.9066032573488715,365.62926391319223,0.7945128255938623,62.931784429882754,0.5091804038265715,0.5655121445416964,27140.999999999876,22.421560523084448,0.15128014750500104,0.41175948041905813,248.660000000516,565.733474267806,1102.7829829404848,1001.3557294825652,116.0133967550459,1793.105371175999,2637.4167715630024,2744105.497873652,3074217.7663891474,1252442.0778422914,0.012338099224640992,0.0030104658903651205,9082438.078617005,139.17316527403696,0.08027208598697315,0.21419017924994113,0.15488210638368027,0.5803475026097409,False,0.0,True
12.755359446341293,1350.2866874837075,0.4905661386143349,9.141989798783154,2.728825100770755,1.6388984635456616,0.6090630782756997,351.7525137816266,0.8037020438039403,72.8323158538596,0.5036576235617216,0.525536627318302,27140.999999994958,19.020098336714018,0.19838910856686667,0.7079312817118776,248.660000000516,501.23469431703825,1031.8163431088199,877.9155297958516,107.06889601586319,1778.192693636819,2674.5295047606073,2502308.912673561,2906447.760541743,1264804.9535672641,0.0128706134215256,0.0013929761805177813,9022999.472990751,61.30506129074533,0.04069032954884488,0.2030622771786391,0.17009380130702922,0.5441751826814688,False,0.0,True
