opr,T4,eta_th,specific_nox
30.76923076923077,1600.0,0.4904923696310107,0.17346742697922243
31.53846153846154,1600.0,0.4904923696310107,0.17346742697922243
46.15384615384615,1600.0,0.4904923696310107,0.17346742697922243
43.07692307692308,1600.0,0.4904923696310107,0.17346742697922243
50.769230769230774,1600.0,0.4904923696310107,0.17346742697922243
50.0,1600.0,0.4904923696310107,0.17346742697922243
45.38461538461539,1600.0,0.4904923696310107,0.17346742697922243
37.69230769230769,1600.0,0.4904923696310107,0.17346742697922243
53.07692307692308,1600.0,0.4904923696310107,0.17346742697922243
32.30769230769231,1600.0,0.4904923696310107,0.17346742697922243
60.0,1600.0,0.4904923696310107,0.17346742697922243
56.92307692307692,1600.0,0.4904923696310107,0.17346742697922243
56.15384615384616,1600.0,0.4904923696310107,0.17346742697922243
40.769230769230774,1600.0,0.4904923696310107,0.17346742697922243
33.07692307692308,1600.0,0.4904923696310107,0.17346742697922243
36.92307692307692,1600.0,0.4904923696310107,0.17346742697922243
51.53846153846154,1600.0,0.4904923696310107,0.17346742697922243
49.23076923076923,1600.0,0.4904923696310107,0.17346742697922243
36.15384615384615,1600.0,0.4904923696310107,0.17346742697922243
40.0,1600.0,0.4904923696310107,0.17346742697922243
38.46153846153846,1600.0,0.4904923696310107,0.17346742697922243
47.69230769230769,1600.0,0.4904923696310107,0.17346742697922243
53.84615384615385,1600.0,0.4904923696310107,0.17346742697922243
43.84615384615385,1600.0,0.4904923696310107,0.17346742697922243
46.92307692307692,1600.0,0.4904923696310107,0.17346742697922243
58.46153846153847,1600.0,0.4904923696310107,0.17346742697922243
57.69230769230769,1600.0,0.4904923696310107,0.17346742697922243
44.61538461538461,1600.0,0.4904923696310107,0.17346742697922243
39.23076923076923,1600.0,0.4904923696310107,0.17346742697922243
59.23076923076923,1600.0,0.4904923696310107,0.17346742697922243
33.84615384615385,1600.0,0.4904923696310107,0.17346742697922243
48.46153846153847,1600.0,0.4904923696310107,0.17346742697922243
55.38461538461539,1600.0,0.4904923696310107,0.17346742697922243
35.38461538461539,1600.0,0.4904923696310107,0.17346742697922243
30.0,1600.0,0.4904923696310107,0.17346742697922243
34.61538461538461,1600.0,0.4904923696310107,0.17346742697922243
42.30769230769231,1600.0,0.4904923696310107,0.17346742697922243
41.53846153846154,1600.0,0.4904923696310107,0.17346742697922243
54.61538461538461,1600.0,0.4904923696310107,0.17346742697922243
52.30769230769231,1600.0,0.4904923696310107,0.17346742697922243
36.92307692307692,1610.2564102564102,0.49093115760048534,0.17443901554137986
40.769230769230774,1610.2564102564102,0.49093115760048534,0.17443901554137986
53.84615384615385,1610.2564102564102,0.49093115760048534,0.17443901554137986
40.0,1610.2564102564102,0.49093115760048534,0.17443901554137986
38.46153846153846,1610.2564102564102,0.49093115760048534,0.17443901554137986
58.46153846153847,1610.2564102564102,0.49093115760048534,0.17443901554137986
43.84615384615385,1610.2564102564102,0.49093115760048534,0.17443901554137986
36.15384615384615,1610.2564102564102,0.49093115760048534,0.17443901554137986
30.76923076923077,1610.2564102564102,0.49093115760048534,0.17443901554137986
53.07692307692308,1610.2564102564102,0.49093115760048534,0.17443901554137986
49.23076923076923,1610.2564102564102,0.49093115760048534,0.17443901554137986
50.0,1610.2564102564102,0.49093115760048534,0.17443901554137986
37.69230769230769,1610.2564102564102,0.49093115760048534,0.17443901554137986
32.30769230769231,1610.2564102564102,0.49093115760048534,0.17443901554137986
51.53846153846154,1610.2564102564102,0.49093115760048534,0.17443901554137986
33.07692307692308,1610.2564102564102,0.49093115760048534,0.17443901554137986
47.69230769230769,1610.2564102564102,0.49093115760048534,0.17443901554137986
46.92307692307692,1610.2564102564102,0.49093115760048534,0.17443901554137986
60.0,1610.2564102564102,0.49093115760048534,0.17443901554137986
56.15384615384616,1610.2564102564102,0.49093115760048534,0.17443901554137986
45.38461538461539,1610.2564102564102,0.49093115760048534,0.17443901554137986
43.07692307692308,1610.2564102564102,0.49093115760048534,0.17443901554137986
46.15384615384615,1610.2564102564102,0.49093115760048534,0.17443901554137986
31.53846153846154,1610.2564102564102,0.49093115760048534,0.17443901554137986
44.61538461538461,1610.2564102564102,0.49093115760048534,0.17443901554137986
33.84615384615385,1610.2564102564102,0.49093115760048534,0.17443901554137986
56.92307692307692,1610.2564102564102,0.49093115760048534,0.17443901554137986
30.0,1610.2564102564102,0.49093115760048534,0.17443901554137986
48.46153846153847,1610.2564102564102,0.49093115760048534,0.17443901554137986
57.69230769230769,1610.2564102564102,0.49093115760048534,0.17443901554137986
59.23076923076923,1610.2564102564102,0.49093115760048534,0.17443901554137986
39.23076923076923,1610.2564102564102,0.49093115760048534,0.17443901554137986
54.61538461538461,1610.2564102564102,0.49093115760048534,0.17443901554137986
42.30769230769231,1610.2564102564102,0.49093115760048534,0.17443901554137986
50.769230769230774,1610.2564102564102,0.49093115760048534,0.17443901554137986
41.53846153846154,1610.2564102564102,0.49093115760048534,0.17443901554137986
35.38461538461539,1610.2564102564102,0.49093115760048534,0.17443901554137986
34.61538461538461,1610.2564102564102,0.49093115760048534,0.17443901554137986
55.38461538461539,1610.2564102564102,0.49093115760048534,0.17443901554137986
52.30769230769231,1610.2564102564102,0.49093115760048534,0.17443901554137986
56.92307692307692,1620.5128205128206,0.4913555903870674,0.17541414990971785
40.0,1620.5128205128206,0.4913555903870674,0.17541414990971785
46.92307692307692,1620.5128205128206,0.4913555903870674,0.17541414990971785
49.23076923076923,1620.5128205128206,0.4913555903870674,0.17541414990971785
53.84615384615385,1620.5128205128206,0.4913555903870674,0.17541414990971785
48.46153846153847,1620.5128205128206,0.4913555903870674,0.17541414990971785
30.0,1620.5128205128206,0.4913555903870674,0.17541414990971785
39.23076923076923,1620.5128205128206,0.4913555903870674,0.17541414990971785
34.61538461538461,1620.5128205128206,0.4913555903870674,0.17541414990971785
57.69230769230769,1620.5128205128206,0.4913555903870674,0.17541414990971785
44.61538461538461,1620.5128205128206,0.4913555903870674,0.17541414990971785
35.38461538461539,1620.5128205128206,0.4913555903870674,0.17541414990971785
54.61538461538461,1620.5128205128206,0.4913555903870674,0.17541414990971785
52.30769230769231,1620.5128205128206,0.4913555903870674,0.17541414990971785
50.769230769230774,1620.5128205128206,0.4913555903870674,0.17541414990971785
41.53846153846154,1620.5128205128206,0.4913555903870674,0.17541414990971785
55.38461538461539,1620.5128205128206,0.4913555903870674,0.17541414990971785
59.23076923076923,1620.5128205128206,0.4913555903870674,0.17541414990971785
33.84615384615385,1620.5128205128206,0.4913555903870674,0.17541414990971785
47.69230769230769,1620.5128205128206,0.4913555903870674,0.17541414990971785
43.07692307692308,1620.5128205128206,0.4913555903870674,0.17541414990971785
43.84615384615385,1620.5128205128206,0.4913555903870674,0.17541414990971785
38.46153846153846,1620.5128205128206,0.4913555903870674,0.17541414990971785
36.92307692307692,1620.5128205128206,0.4913555903870674,0.17541414990971785
58.46153846153847,1620.5128205128206,0.4913555903870674,0.17541414990971785
40.769230769230774,1620.5128205128206,0.4913555903870674,0.17541414990971785
36.15384615384615,1620.5128205128206,0.4913555903870674,0.17541414990971785
33.07692307692308,1620.5128205128206,0.4913555903870674,0.17541414990971785
50.0,1620.5128205128206,0.4913555903870674,0.17541414990971785
42.30769230769231,1620.5128205128206,0.4913555903870674,0.17541414990971785
60.0,1620.5128205128206,0.4913555903870674,0.17541414990971785
31.53846153846154,1620.5128205128206,0.4913555903870674,0.17541414990971785
32.30769230769231,1620.5128205128206,0.4913555903870674,0.17541414990971785
30.76923076923077,1620.5128205128206,0.4913555903870674,0.17541414990971785
46.15384615384615,1620.5128205128206,0.4913555903870674,0.17541414990971785
45.38461538461539,1620.5128205128206,0.4913555903870674,0.17541414990971785
56.15384615384616,1620.5128205128206,0.4913555903870674,0.17541414990971785
51.53846153846154,1620.5128205128206,0.4913555903870674,0.17541414990971785
37.69230769230769,1620.5128205128206,0.4913555903870674,0.17541414990971785
53.07692307692308,1620.5128205128206,0.4913555903870674,0.17541414990971785
50.0,1630.7692307692307,0.49176622837885775,0.17639270245911473
42.30769230769231,1630.7692307692307,0.49176622837885775,0.17639270245911473
32.30769230769231,1630.7692307692307,0.49176622837885775,0.17639270245911473
37.69230769230769,1630.7692307692307,0.49176622837885775,0.17639270245911473
36.15384615384615,1630.7692307692307,0.49176622837885775,0.17639270245911473
40.769230769230774,1630.7692307692307,0.49176622837885775,0.17639270245911473
56.15384615384616,1630.7692307692307,0.49176622837885775,0.17639270245911473
38.46153846153846,1630.7692307692307,0.49176622837885775,0.17639270245911473
53.07692307692308,1630.7692307692307,0.49176622837885775,0.17639270245911473
51.53846153846154,1630.7692307692307,0.49176622837885775,0.17639270245911473
56.92307692307692,1630.7692307692307,0.49176622837885775,0.17639270245911473
58.46153846153847,1630.7692307692307,0.49176622837885775,0.17639270245911473
36.92307692307692,1630.7692307692307,0.49176622837885775,0.17639270245911473
43.07692307692308,1630.7692307692307,0.49176622837885775,0.17639270245911473
46.15384615384615,1630.7692307692307,0.49176622837885775,0.17639270245911473
49.23076923076923,1630.7692307692307,0.49176622837885775,0.17639270245911473
60.0,1630.7692307692307,0.49176622837885775,0.17639270245911473
31.53846153846154,1630.7692307692307,0.49176622837885775,0.17639270245911473
45.38461538461539,1630.7692307692307,0.49176622837885775,0.17639270245911473
30.76923076923077,1630.7692307692307,0.49176622837885775,0.17639270245911473
33.84615384615385,1630.7692307692307,0.49176622837885775,0.17639270245911473
44.61538461538461,1630.7692307692307,0.49176622837885775,0.17639270245911473
53.84615384615385,1630.7692307692307,0.49176622837885775,0.17639270245911473
48.46153846153847,1630.7692307692307,0.49176622837885775,0.17639270245911473
41.53846153846154,1630.7692307692307,0.49176622837885775,0.17639270245911473
39.23076923076923,1630.7692307692307,0.49176622837885775,0.17639270245911473
34.61538461538461,1630.7692307692307,0.49176622837885775,0.17639270245911473
52.30769230769231,1630.7692307692307,0.49176622837885775,0.17639270245911473
35.38461538461539,1630.7692307692307,0.49176622837885775,0.17639270245911473
57.69230769230769,1630.7692307692307,0.49176622837885775,0.17639270245911473
59.23076923076923,1630.7692307692307,0.49176622837885775,0.17639270245911473
55.38461538461539,1630.7692307692307,0.49176622837885775,0.17639270245911473
50.769230769230774,1630.7692307692307,0.49176622837885775,0.17639270245911473
30.0,1630.7692307692307,0.49176622837885775,0.17639270245911473
54.61538461538461,1630.7692307692307,0.49176622837885775,0.17639270245911473
33.07692307692308,1630.7692307692307,0.49176622837885775,0.17639270245911473
43.84615384615385,1630.7692307692307,0.49176622837885775,0.17639270245911473
40.0,1630.7692307692307,0.49176622837885775,0.17639270245911473
47.69230769230769,1630.7692307692307,0.49176622837885775,0.17639270245911473
46.92307692307692,1630.7692307692307,0.49176622837885775,0.17639270245911473
40.0,1641.025641025641,0.4921638047774872,0.17737447034470327
46.92307692307692,1641.025641025641,0.4921638047774872,0.17737447034470327
47.69230769230769,1641.025641025641,0.4921638047774872,0.17737447034470327
43.84615384615385,1641.025641025641,0.4921638047774872,0.17737447034470327
56.92307692307692,1641.025641025641,0.4921638047774872,0.17737447034470327
38.46153846153846,1641.025641025641,0.4921638047774872,0.17737447034470327
58.46153846153847,1641.025641025641,0.4921638047774872,0.17737447034470327
56.15384615384616,1641.025641025641,0.4921638047774872,0.17737447034470327
51.53846153846154,1641.025641025641,0.4921638047774872,0.17737447034470327
33.07692307692308,1641.025641025641,0.4921638047774872,0.17737447034470327
36.15384615384615,1641.025641025641,0.4921638047774872,0.17737447034470327
36.92307692307692,1641.025641025641,0.4921638047774872,0.17737447034470327
49.23076923076923,1641.025641025641,0.4921638047774872,0.17737447034470327
46.15384615384615,1641.025641025641,0.4921638047774872,0.17737447034470327
32.30769230769231,1641.025641025641,0.4921638047774872,0.17737447034470327
43.07692307692308,1641.025641025641,0.4921638047774872,0.17737447034470327
50.0,1641.025641025641,0.4921638047774872,0.17737447034470327
31.53846153846154,1641.025641025641,0.4921638047774872,0.17737447034470327
40.769230769230774,1641.025641025641,0.4921638047774872,0.17737447034470327
45.38461538461539,1641.025641025641,0.4921638047774872,0.17737447034470327
30.76923076923077,1641.025641025641,0.4921638047774872,0.17737447034470327
60.0,1641.025641025641,0.4921638047774872,0.17737447034470327
42.30769230769231,1641.025641025641,0.4921638047774872,0.17737447034470327
37.69230769230769,1641.025641025641,0.4921638047774872,0.17737447034470327
53.07692307692308,1641.025641025641,0.4921638047774872,0.17737447034470327
54.61538461538461,1641.025641025641,0.4921638047774872,0.17737447034470327
52.30769230769231,1641.025641025641,0.4921638047774872,0.17737447034470327
44.61538461538461,1641.025641025641,0.4921638047774872,0.17737447034470327
55.38461538461539,1641.025641025641,0.4921638047774872,0.17737447034470327
53.84615384615385,1641.025641025641,0.4921638047774872,0.17737447034470327
48.46153846153847,1641.025641025641,0.4921638047774872,0.17737447034470327
33.84615384615385,1641.025641025641,0.4921638047774872,0.17737447034470327
41.53846153846154,1641.025641025641,0.4921638047774872,0.17737447034470327
34.61538461538461,1641.025641025641,0.4921638047774872,0.17737447034470327
39.23076923076923,1641.025641025641,0.4921638047774872,0.17737447034470327
35.38461538461539,1641.025641025641,0.4921638047774872,0.17737447034470327
57.69230769230769,1641.025641025641,0.4921638047774872,0.17737447034470327
59.23076923076923,1641.025641025641,0.4921638047774872,0.17737447034470327
50.769230769230774,1641.025641025641,0.4921638047774872,0.17737447034470327
30.0,1641.025641025641,0.4921638047774872,0.17737447034470327
30.0,1651.2820512820513,0.49254847562673976,0.1783594814400818
50.769230769230774,1651.2820512820513,0.49254847562673976,0.1783594814400818
39.23076923076923,1651.2820512820513,0.49254847562673976,0.1783594814400818
34.61538461538461,1651.2820512820513,0.49254847562673976,0.1783594814400818
57.69230769230769,1651.2820512820513,0.49254847562673976,0.1783594814400818
59.23076923076923,1651.2820512820513,0.49254847562673976,0.1783594814400818
46.92307692307692,1651.2820512820513,0.49254847562673976,0.1783594814400818
43.84615384615385,1651.2820512820513,0.49254847562673976,0.1783594814400818
40.0,1651.2820512820513,0.49254847562673976,0.1783594814400818
47.69230769230769,1651.2820512820513,0.49254847562673976,0.1783594814400818
48.46153846153847,1651.2820512820513,0.49254847562673976,0.1783594814400818
33.84615384615385,1651.2820512820513,0.49254847562673976,0.1783594814400818
44.61538461538461,1651.2820512820513,0.49254847562673976,0.1783594814400818
53.84615384615385,1651.2820512820513,0.49254847562673976,0.1783594814400818
35.38461538461539,1651.2820512820513,0.49254847562673976,0.1783594814400818
55.38461538461539,1651.2820512820513,0.49254847562673976,0.1783594814400818
36.92307692307692,1651.2820512820513,0.49254847562673976,0.1783594814400818
36.15384615384615,1651.2820512820513,0.49254847562673976,0.1783594814400818
32.30769230769231,1651.2820512820513,0.49254847562673976,0.1783594814400818
43.07692307692308,1651.2820512820513,0.49254847562673976,0.1783594814400818
54.61538461538461,1651.2820512820513,0.49254847562673976,0.1783594814400818
50.0,1651.2820512820513,0.49254847562673976,0.1783594814400818
46.15384615384615,1651.2820512820513,0.49254847562673976,0.1783594814400818
49.23076923076923,1651.2820512820513,0.49254847562673976,0.1783594814400818
56.15384615384616,1651.2820512820513,0.49254847562673976,0.1783594814400818
53.07692307692308,1651.2820512820513,0.49254847562673976,0.1783594814400818
58.46153846153847,1651.2820512820513,0.49254847562673976,0.1783594814400818
33.07692307692308,1651.2820512820513,0.49254847562673976,0.1783594814400818
51.53846153846154,1651.2820512820513,0.49254847562673976,0.1783594814400818
38.46153846153846,1651.2820512820513,0.49254847562673976,0.1783594814400818
56.92307692307692,1651.2820512820513,0.49254847562673976,0.1783594814400818
52.30769230769231,1651.2820512820513,0.49254847562673976,0.1783594814400818
40.769230769230774,1651.2820512820513,0.49254847562673976,0.1783594814400818
60.0,1651.2820512820513,0.49254847562673976,0.1783594814400818
41.53846153846154,1651.2820512820513,0.49254847562673976,0.1783594814400818
30.76923076923077,1651.2820512820513,0.49254847562673976,0.1783594814400818
31.53846153846154,1651.2820512820513,0.49254847562673976,0.1783594814400818
42.30769230769231,1651.2820512820513,0.49254847562673976,0.1783594814400818
45.38461538461539,1651.2820512820513,0.49254847562673976,0.1783594814400818
37.69230769230769,1651.2820512820513,0.49254847562673976,0.1783594814400818
43.07692307692308,1661.5384615384614,0.4929208817985234,0.17934756227814558
33.07692307692308,1661.5384615384614,0.4929208817985234,0.17934756227814558
56.15384615384616,1661.5384615384614,0.4929208817985234,0.17934756227814558
56.92307692307692,1661.5384615384614,0.4929208817985234,0.17934756227814558
38.46153846153846,1661.5384615384614,0.4929208817985234,0.17934756227814558
51.53846153846154,1661.5384615384614,0.4929208817985234,0.17934756227814558
48.46153846153847,1661.5384615384614,0.4929208817985234,0.17934756227814558
52.30769230769231,1661.5384615384614,0.4929208817985234,0.17934756227814558
35.38461538461539,1661.5384615384614,0.4929208817985234,0.17934756227814558
43.84615384615385,1661.5384615384614,0.4929208817985234,0.17934756227814558
44.61538461538461,1661.5384615384614,0.4929208817985234,0.17934756227814558
33.84615384615385,1661.5384615384614,0.4929208817985234,0.17934756227814558
46.92307692307692,1661.5384615384614,0.4929208817985234,0.17934756227814558
53.84615384615385,1661.5384615384614,0.4929208817985234,0.17934756227814558
30.0,1661.5384615384614,0.4929208817985234,0.17934756227814558
50.769230769230774,1661.5384615384614,0.4929208817985234,0.17934756227814558
55.38461538461539,1661.5384615384614,0.4929208817985234,0.17934756227814558
49.23076923076923,1661.5384615384614,0.4929208817985234,0.17934756227814558
40.769230769230774,1661.5384615384614,0.4929208817985234,0.17934756227814558
36.92307692307692,1661.5384615384614,0.4929208817985234,0.17934756227814558
36.15384615384615,1661.5384615384614,0.4929208817985234,0.17934756227814558
32.30769230769231,1661.5384615384614,0.4929208817985234,0.17934756227814558
54.61538461538461,1661.5384615384614,0.4929208817985234,0.17934756227814558
53.07692307692308,1661.5384615384614,0.4929208817985234,0.17934756227814558
46.15384615384615,1661.5384615384614,0.4929208817985234,0.17934756227814558
37.69230769230769,1661.5384615384614,0.4929208817985234,0.17934756227814558
42.30769230769231,1661.5384615384614,0.4929208817985234,0.17934756227814558
60.0,1661.5384615384614,0.4929208817985234,0.17934756227814558
41.53846153846154,1661.5384615384614,0.4929208817985234,0.17934756227814558
58.46153846153847,1661.5384615384614,0.4929208817985234,0.17934756227814558
50.0,1661.5384615384614,0.4929208817985234,0.17934756227814558
31.53846153846154,1661.5384615384614,0.4929208817985234,0.17934756227814558
45.38461538461539,1661.5384615384614,0.4929208817985234,0.17934756227814558
47.69230769230769,1661.5384615384614,0.4929208817985234,0.17934756227814558
57.69230769230769,1661.5384615384614,0.4929208817985234,0.17934756227814558
39.23076923076923,1661.5384615384614,0.4929208817985234,0.17934756227814558
34.61538461538461,1661.5384615384614,0.4929208817985234,0.17934756227814558
30.76923076923077,1661.5384615384614,0.4929208817985234,0.17934756227814558
40.0,1661.5384615384614,0.4929208817985234,0.17934756227814558
59.23076923076923,1661.5384615384614,0.4929208817985234,0.17934756227814558
43.07692307692308,1671.7948717948718,0.4932814825738919,0.1803386092499113
40.769230769230774,1671.7948717948718,0.4932814825738919,0.1803386092499113
36.92307692307692,1671.7948717948718,0.4932814825738919,0.1803386092499113
54.61538461538461,1671.7948717948718,0.4932814825738919,0.1803386092499113
36.15384615384615,1671.7948717948718,0.4932814825738919,0.1803386092499113
37.69230769230769,1671.7948717948718,0.4932814825738919,0.1803386092499113
32.30769230769231,1671.7948717948718,0.4932814825738919,0.1803386092499113
51.53846153846154,1671.7948717948718,0.4932814825738919,0.1803386092499113
56.15384615384616,1671.7948717948718,0.4932814825738919,0.1803386092499113
44.61538461538461,1671.7948717948718,0.4932814825738919,0.1803386092499113
56.92307692307692,1671.7948717948718,0.4932814825738919,0.1803386092499113
52.30769230769231,1671.7948717948718,0.4932814825738919,0.1803386092499113
48.46153846153847,1671.7948717948718,0.4932814825738919,0.1803386092499113
53.07692307692308,1671.7948717948718,0.4932814825738919,0.1803386092499113
33.07692307692308,1671.7948717948718,0.4932814825738919,0.1803386092499113
38.46153846153846,1671.7948717948718,0.4932814825738919,0.1803386092499113
49.23076923076923,1671.7948717948718,0.4932814825738919,0.1803386092499113
40.0,1671.7948717948718,0.4932814825738919,0.1803386092499113
57.69230769230769,1671.7948717948718,0.4932814825738919,0.1803386092499113
47.69230769230769,1671.7948717948718,0.4932814825738919,0.1803386092499113
34.61538461538461,1671.7948717948718,0.4932814825738919,0.1803386092499113
39.23076923076923,1671.7948717948718,0.4932814825738919,0.1803386092499113
55.38461538461539,1671.7948717948718,0.4932814825738919,0.1803386092499113
58.46153846153847,1671.7948717948718,0.4932814825738919,0.1803386092499113
60.0,1671.7948717948718,0.4932814825738919,0.1803386092499113
42.30769230769231,1671.7948717948718,0.4932814825738919,0.1803386092499113
46.15384615384615,1671.7948717948718,0.4932814825738919,0.1803386092499113
45.38461538461539,1671.7948717948718,0.4932814825738919,0.1803386092499113
31.53846153846154,1671.7948717948718,0.4932814825738919,0.1803386092499113
50.0,1671.7948717948718,0.4932814825738919,0.1803386092499113
41.53846153846154,1671.7948717948718,0.4932814825738919,0.1803386092499113
30.0,1671.7948717948718,0.4932814825738919,0.1803386092499113
33.84615384615385,1671.7948717948718,0.4932814825738919,0.1803386092499113
53.84615384615385,1671.7948717948718,0.4932814825738919,0.1803386092499113
35.38461538461539,1671.7948717948718,0.4932814825738919,0.1803386092499113
43.84615384615385,1671.7948717948718,0.4932814825738919,0.1803386092499113
46.92307692307692,1671.7948717948718,0.4932814825738919,0.1803386092499113
50.769230769230774,1671.7948717948718,0.4932814825738919,0.1803386092499113
30.76923076923077,1671.7948717948718,0.4932814825738919,0.1803386092499113
59.23076923076923,1671.7948717948718,0.4932814825738919,0.1803386092499113
48.46153846153847,1682.051282051282,0.49363071543624076,0.18133252389520166
33.07692307692308,1682.051282051282,0.49363071543624076,0.18133252389520166
59.23076923076923,1682.051282051282,0.49363071543624076,0.18133252389520166
46.92307692307692,1682.051282051282,0.49363071543624076,0.18133252389520166
33.84615384615385,1682.051282051282,0.49363071543624076,0.18133252389520166
35.38461538461539,1682.051282051282,0.49363071543624076,0.18133252389520166
40.0,1682.051282051282,0.49363071543624076,0.18133252389520166
50.769230769230774,1682.051282051282,0.49363071543624076,0.18133252389520166
46.15384615384615,1682.051282051282,0.49363071543624076,0.18133252389520166
40.769230769230774,1682.051282051282,0.49363071543624076,0.18133252389520166
56.15384615384616,1682.051282051282,0.49363071543624076,0.18133252389520166
54.61538461538461,1682.051282051282,0.49363071543624076,0.18133252389520166
36.15384615384615,1682.051282051282,0.49363071543624076,0.18133252389520166
37.69230769230769,1682.051282051282,0.49363071543624076,0.18133252389520166
32.30769230769231,1682.051282051282,0.49363071543624076,0.18133252389520166
49.23076923076923,1682.051282051282,0.49363071543624076,0.18133252389520166
44.61538461538461,1682.051282051282,0.49363071543624076,0.18133252389520166
52.30769230769231,1682.051282051282,0.49363071543624076,0.18133252389520166
56.92307692307692,1682.051282051282,0.49363071543624076,0.18133252389520166
38.46153846153846,1682.051282051282,0.49363071543624076,0.18133252389520166
51.53846153846154,1682.051282051282,0.49363071543624076,0.18133252389520166
53.07692307692308,1682.051282051282,0.49363071543624076,0.18133252389520166
43.07692307692308,1682.051282051282,0.49363071543624076,0.18133252389520166
42.30769230769231,1682.051282051282,0.49363071543624076,0.18133252389520166
55.38461538461539,1682.051282051282,0.49363071543624076,0.18133252389520166
47.69230769230769,1682.051282051282,0.49363071543624076,0.18133252389520166
57.69230769230769,1682.051282051282,0.49363071543624076,0.18133252389520166
39.23076923076923,1682.051282051282,0.49363071543624076,0.18133252389520166
53.84615384615385,1682.051282051282,0.49363071543624076,0.18133252389520166
30.76923076923077,1682.051282051282,0.49363071543624076,0.18133252389520166
43.84615384615385,1682.051282051282,0.49363071543624076,0.18133252389520166
34.61538461538461,1682.051282051282,0.49363071543624076,0.18133252389520166
60.0,1682.051282051282,0.49363071543624076,0.18133252389520166
50.0,1682.051282051282,0.49363071543624076,0.18133252389520166
45.38461538461539,1682.051282051282,0.49363071543624076,0.18133252389520166
31.53846153846154,1682.051282051282,0.49363071543624076,0.18133252389520166
58.46153846153847,1682.051282051282,0.49363071543624076,0.18133252389520166
36.92307692307692,1682.051282051282,0.49363071543624076,0.18133252389520166
41.53846153846154,1682.051282051282,0.49363071543624076,0.18133252389520166
30.0,1682.051282051282,0.49363071543624076,0.18133252389520166
30.0,1692.3076923076924,0.4939689973815873,0.1823292125628912
60.0,1692.3076923076924,0.4939689973815873,0.1823292125628912
46.15384615384615,1692.3076923076924,0.4939689973815873,0.1823292125628912
36.92307692307692,1692.3076923076924,0.4939689973815873,0.1823292125628912
45.38461538461539,1692.3076923076924,0.4939689973815873,0.1823292125628912
52.30769230769231,1692.3076923076924,0.4939689973815873,0.1823292125628912
37.69230769230769,1692.3076923076924,0.4939689973815873,0.1823292125628912
56.15384615384616,1692.3076923076924,0.4939689973815873,0.1823292125628912
36.15384615384615,1692.3076923076924,0.4939689973815873,0.1823292125628912
44.61538461538461,1692.3076923076924,0.4939689973815873,0.1823292125628912
53.07692307692308,1692.3076923076924,0.4939689973815873,0.1823292125628912
47.69230769230769,1692.3076923076924,0.4939689973815873,0.1823292125628912
35.38461538461539,1692.3076923076924,0.4939689973815873,0.1823292125628912
46.92307692307692,1692.3076923076924,0.4939689973815873,0.1823292125628912
38.46153846153846,1692.3076923076924,0.4939689973815873,0.1823292125628912
56.92307692307692,1692.3076923076924,0.4939689973815873,0.1823292125628912
39.23076923076923,1692.3076923076924,0.4939689973815873,0.1823292125628912
43.84615384615385,1692.3076923076924,0.4939689973815873,0.1823292125628912
34.61538461538461,1692.3076923076924,0.4939689973815873,0.1823292125628912
55.38461538461539,1692.3076923076924,0.4939689973815873,0.1823292125628912
57.69230769230769,1692.3076923076924,0.4939689973815873,0.1823292125628912
31.53846153846154,1692.3076923076924,0.4939689973815873,0.1823292125628912
54.61538461538461,1692.3076923076924,0.4939689973815873,0.1823292125628912
49.23076923076923,1692.3076923076924,0.4939689973815873,0.1823292125628912
51.53846153846154,1692.3076923076924,0.4939689973815873,0.1823292125628912
43.07692307692308,1692.3076923076924,0.4939689973815873,0.1823292125628912
32.30769230769231,1692.3076923076924,0.4939689973815873,0.1823292125628912
48.46153846153847,1692.3076923076924,0.4939689973815873,0.1823292125628912
33.07692307692308,1692.3076923076924,0.4939689973815873,0.1823292125628912
40.0,1692.3076923076924,0.4939689973815873,0.1823292125628912
59.23076923076923,1692.3076923076924,0.4939689973815873,0.1823292125628912
33.84615384615385,1692.3076923076924,0.4939689973815873,0.1823292125628912
50.0,1692.3076923076924,0.4939689973815873,0.1823292125628912
58.46153846153847,1692.3076923076924,0.4939689973815873,0.1823292125628912
42.30769230769231,1692.3076923076924,0.4939689973815873,0.1823292125628912
41.53846153846154,1692.3076923076924,0.4939689973815873,0.1823292125628912
40.769230769230774,1692.3076923076924,0.4939689973815873,0.1823292125628912
53.84615384615385,1692.3076923076924,0.4939689973815873,0.1823292125628912
30.76923076923077,1692.3076923076924,0.4939689973815873,0.1823292125628912
50.769230769230774,1692.3076923076924,0.4939689973815873,0.1823292125628912
57.69230769230769,1702.5641025641025,0.494296532079144,0.18332866777282109
39.23076923076923,1702.5641025641025,0.494296532079144,0.18332866777282109
55.38461538461539,1702.5641025641025,0.494296532079144,0.18332866777282109
40.769230769230774,1702.5641025641025,0.494296532079144,0.18332866777282109
43.07692307692308,1702.5641025641025,0.494296532079144,0.18332866777282109
47.69230769230769,1702.5641025641025,0.494296532079144,0.18332866777282109
34.61538461538461,1702.5641025641025,0.494296532079144,0.18332866777282109
43.84615384615385,1702.5641025641025,0.494296532079144,0.18332866777282109
38.46153846153846,1702.5641025641025,0.494296532079144,0.18332866777282109
56.92307692307692,1702.5641025641025,0.494296532079144,0.18332866777282109
46.92307692307692,1702.5641025641025,0.494296532079144,0.18332866777282109
44.61538461538461,1702.5641025641025,0.494296532079144,0.18332866777282109
51.53846153846154,1702.5641025641025,0.494296532079144,0.18332866777282109
35.38461538461539,1702.5641025641025,0.494296532079144,0.18332866777282109
52.30769230769231,1702.5641025641025,0.494296532079144,0.18332866777282109
53.07692307692308,1702.5641025641025,0.494296532079144,0.18332866777282109
56.15384615384616,1702.5641025641025,0.494296532079144,0.18332866777282109
37.69230769230769,1702.5641025641025,0.494296532079144,0.18332866777282109
36.15384615384615,1702.5641025641025,0.494296532079144,0.18332866777282109
45.38461538461539,1702.5641025641025,0.494296532079144,0.18332866777282109
36.92307692307692,1702.5641025641025,0.494296532079144,0.18332866777282109
46.15384615384615,1702.5641025641025,0.494296532079144,0.18332866777282109
30.0,1702.5641025641025,0.494296532079144,0.18332866777282109
60.0,1702.5641025641025,0.494296532079144,0.18332866777282109
33.84615384615385,1702.5641025641025,0.494296532079144,0.18332866777282109
59.23076923076923,1702.5641025641025,0.494296532079144,0.18332866777282109
48.46153846153847,1702.5641025641025,0.494296532079144,0.18332866777282109
33.07692307692308,1702.5641025641025,0.494296532079144,0.18332866777282109
32.30769230769231,1702.5641025641025,0.494296532079144,0.18332866777282109
49.23076923076923,1702.5641025641025,0.494296532079144,0.18332866777282109
40.0,1702.5641025641025,0.494296532079144,0.18332866777282109
58.46153846153847,1702.5641025641025,0.494296532079144,0.18332866777282109
42.30769230769231,1702.5641025641025,0.494296532079144,0.18332866777282109
53.84615384615385,1702.5641025641025,0.494296532079144,0.18332866777282109
31.53846153846154,1702.5641025641025,0.494296532079144,0.18332866777282109
41.53846153846154,1702.5641025641025,0.494296532079144,0.18332866777282109
50.769230769230774,1702.5641025641025,0.494296532079144,0.18332866777282109
30.76923076923077,1702.5641025641025,0.494296532079144,0.18332866777282109
54.61538461538461,1702.5641025641025,0.494296532079144,0.18332866777282109
50.0,1702.5641025641025,0.494296532079144,0.18332866777282109
50.769230769230774,1712.820512820513,0.49461403791434,0.1843306625003223
30.76923076923077,1712.820512820513,0.49461403791434,0.1843306625003223
50.0,1712.820512820513,0.49461403791434,0.1843306625003223
41.53846153846154,1712.820512820513,0.49461403791434,0.1843306625003223
53.84615384615385,1712.820512820513,0.49461403791434,0.1843306625003223
54.61538461538461,1712.820512820513,0.49461403791434,0.1843306625003223
58.46153846153847,1712.820512820513,0.49461403791434,0.1843306625003223
31.53846153846154,1712.820512820513,0.49461403791434,0.1843306625003223
49.23076923076923,1712.820512820513,0.49461403791434,0.1843306625003223
32.30769230769231,1712.820512820513,0.49461403791434,0.1843306625003223
42.30769230769231,1712.820512820513,0.49461403791434,0.1843306625003223
59.23076923076923,1712.820512820513,0.49461403791434,0.1843306625003223
40.0,1712.820512820513,0.49461403791434,0.1843306625003223
48.46153846153847,1712.820512820513,0.49461403791434,0.1843306625003223
43.07692307692308,1712.820512820513,0.49461403791434,0.1843306625003223
33.84615384615385,1712.820512820513,0.49461403791434,0.1843306625003223
55.38461538461539,1712.820512820513,0.49461403791434,0.1843306625003223
51.53846153846154,1712.820512820513,0.49461403791434,0.1843306625003223
44.61538461538461,1712.820512820513,0.49461403791434,0.1843306625003223
35.38461538461539,1712.820512820513,0.49461403791434,0.1843306625003223
38.46153846153846,1712.820512820513,0.49461403791434,0.1843306625003223
52.30769230769231,1712.820512820513,0.49461403791434,0.1843306625003223
36.15384615384615,1712.820512820513,0.49461403791434,0.1843306625003223
56.15384615384616,1712.820512820513,0.49461403791434,0.1843306625003223
53.07692307692308,1712.820512820513,0.49461403791434,0.1843306625003223
40.769230769230774,1712.820512820513,0.49461403791434,0.1843306625003223
33.07692307692308,1712.820512820513,0.49461403791434,0.1843306625003223
34.61538461538461,1712.820512820513,0.49461403791434,0.1843306625003223
57.69230769230769,1712.820512820513,0.49461403791434,0.1843306625003223
46.92307692307692,1712.820512820513,0.49461403791434,0.1843306625003223
43.84615384615385,1712.820512820513,0.49461403791434,0.1843306625003223
47.69230769230769,1712.820512820513,0.49461403791434,0.1843306625003223
56.92307692307692,1712.820512820513,0.49461403791434,0.1843306625003223
37.69230769230769,1712.820512820513,0.49461403791434,0.1843306625003223
36.92307692307692,1712.820512820513,0.49461403791434,0.1843306625003223
46.15384615384615,1712.820512820513,0.49461403791434,0.1843306625003223
60.0,1712.820512820513,0.49461403791434,0.1843306625003223
30.0,1712.820512820513,0.49461403791434,0.1843306625003223
45.38461538461539,1712.820512820513,0.49461403791434,0.1843306625003223
39.23076923076923,1712.820512820513,0.49461403791434,0.1843306625003223
35.38461538461539,1723.076923076923,0.4949217215124764,0.1853351810773707
60.0,1723.076923076923,0.4949217215124764,0.1853351810773707
55.38461538461539,1723.076923076923,0.4949217215124764,0.1853351810773707
39.23076923076923,1723.076923076923,0.4949217215124764,0.1853351810773707
47.69230769230769,1723.076923076923,0.4949217215124764,0.1853351810773707
43.84615384615385,1723.076923076923,0.4949217215124764,0.1853351810773707
34.61538461538461,1723.076923076923,0.4949217215124764,0.1853351810773707
38.46153846153846,1723.076923076923,0.4949217215124764,0.1853351810773707
41.53846153846154,1723.076923076923,0.4949217215124764,0.1853351810773707
53.84615384615385,1723.076923076923,0.4949217215124764,0.1853351810773707
42.30769230769231,1723.076923076923,0.4949217215124764,0.1853351810773707
58.46153846153847,1723.076923076923,0.4949217215124764,0.1853351810773707
50.769230769230774,1723.076923076923,0.4949217215124764,0.1853351810773707
59.23076923076923,1723.076923076923,0.4949217215124764,0.1853351810773707
33.84615384615385,1723.076923076923,0.4949217215124764,0.1853351810773707
50.0,1723.076923076923,0.4949217215124764,0.1853351810773707
54.61538461538461,1723.076923076923,0.4949217215124764,0.1853351810773707
30.76923076923077,1723.076923076923,0.4949217215124764,0.1853351810773707
45.38461538461539,1723.076923076923,0.4949217215124764,0.1853351810773707
53.07692307692308,1723.076923076923,0.4949217215124764,0.1853351810773707
46.15384615384615,1723.076923076923,0.4949217215124764,0.1853351810773707
56.15384615384616,1723.076923076923,0.4949217215124764,0.1853351810773707
36.92307692307692,1723.076923076923,0.4949217215124764,0.1853351810773707
30.0,1723.076923076923,0.4949217215124764,0.1853351810773707
37.69230769230769,1723.076923076923,0.4949217215124764,0.1853351810773707
56.92307692307692,1723.076923076923,0.4949217215124764,0.1853351810773707
52.30769230769231,1723.076923076923,0.4949217215124764,0.1853351810773707
36.15384615384615,1723.076923076923,0.4949217215124764,0.1853351810773707
44.61538461538461,1723.076923076923,0.4949217215124764,0.1853351810773707
46.92307692307692,1723.076923076923,0.4949217215124764,0.1853351810773707
51.53846153846154,1723.076923076923,0.4949217215124764,0.1853351810773707
33.07692307692308,1723.076923076923,0.4949217215124764,0.1853351810773707
48.46153846153847,1723.076923076923,0.4949217215124764,0.1853351810773707
57.69230769230769,1723.076923076923,0.4949217215124764,0.1853351810773707
40.769230769230774,1723.076923076923,0.4949217215124764,0.1853351810773707
49.23076923076923,1723.076923076923,0.4949217215124764,0.1853351810773707
31.53846153846154,1723.076923076923,0.4949217215124764,0.1853351810773707
32.30769230769231,1723.076923076923,0.4949217215124764,0.1853351810773707
43.07692307692308,1723.076923076923,0.4949217215124764,0.1853351810773707
40.0,1723.076923076923,0.4949217215124764,0.1853351810773707
56.92307692307692,1733.3333333333333,0.4952199271163488,0.1863421471703034
52.30769230769231,1733.3333333333333,0.4952199271163488,0.1863421471703034
46.15384615384615,1733.3333333333333,0.4952199271163488,0.1863421471703034
36.15384615384615,1733.3333333333333,0.4952199271163488,0.1863421471703034
60.0,1733.3333333333333,0.4952199271163488,0.1863421471703034
36.92307692307692,1733.3333333333333,0.4952199271163488,0.1863421471703034
45.38461538461539,1733.3333333333333,0.4952199271163488,0.1863421471703034
56.15384615384616,1733.3333333333333,0.4952199271163488,0.1863421471703034
53.07692307692308,1733.3333333333333,0.4952199271163488,0.1863421471703034
30.0,1733.3333333333333,0.4952199271163488,0.1863421471703034
53.84615384615385,1733.3333333333333,0.4952199271163488,0.1863421471703034
50.0,1733.3333333333333,0.4952199271163488,0.1863421471703034
50.769230769230774,1733.3333333333333,0.4952199271163488,0.1863421471703034
42.30769230769231,1733.3333333333333,0.4952199271163488,0.1863421471703034
58.46153846153847,1733.3333333333333,0.4952199271163488,0.1863421471703034
32.30769230769231,1733.3333333333333,0.4952199271163488,0.1863421471703034
40.0,1733.3333333333333,0.4952199271163488,0.1863421471703034
48.46153846153847,1733.3333333333333,0.4952199271163488,0.1863421471703034
57.69230769230769,1733.3333333333333,0.4952199271163488,0.1863421471703034
33.07692307692308,1733.3333333333333,0.4952199271163488,0.1863421471703034
37.69230769230769,1733.3333333333333,0.4952199271163488,0.1863421471703034
38.46153846153846,1733.3333333333333,0.4952199271163488,0.1863421471703034
44.61538461538461,1733.3333333333333,0.4952199271163488,0.1863421471703034
46.92307692307692,1733.3333333333333,0.4952199271163488,0.1863421471703034
35.38461538461539,1733.3333333333333,0.4952199271163488,0.1863421471703034
51.53846153846154,1733.3333333333333,0.4952199271163488,0.1863421471703034
34.61538461538461,1733.3333333333333,0.4952199271163488,0.1863421471703034
33.84615384615385,1733.3333333333333,0.4952199271163488,0.1863421471703034
47.69230769230769,1733.3333333333333,0.4952199271163488,0.1863421471703034
43.84615384615385,1733.3333333333333,0.4952199271163488,0.1863421471703034
55.38461538461539,1733.3333333333333,0.4952199271163488,0.1863421471703034
39.23076923076923,1733.3333333333333,0.4952199271163488,0.1863421471703034
49.23076923076923,1733.3333333333333,0.4952199271163488,0.1863421471703034
40.769230769230774,1733.3333333333333,0.4952199271163488,0.1863421471703034
31.53846153846154,1733.3333333333333,0.4952199271163488,0.1863421471703034
43.07692307692308,1733.3333333333333,0.4952199271163488,0.1863421471703034
59.23076923076923,1733.3333333333333,0.4952199271163488,0.1863421471703034
30.76923076923077,1733.3333333333333,0.4952199271163488,0.1863421471703034
41.53846153846154,1733.3333333333333,0.4952199271163488,0.1863421471703034
54.61538461538461,1733.3333333333333,0.4952199271163488,0.1863421471703034
33.84615384615385,1743.5897435897436,0.4955089834588737,0.1873514880578153
47.69230769230769,1743.5897435897436,0.4955089834588737,0.1873514880578153
43.84615384615385,1743.5897435897436,0.4955089834588737,0.1873514880578153
44.61538461538461,1743.5897435897436,0.4955089834588737,0.1873514880578153
36.15384615384615,1743.5897435897436,0.4955089834588737,0.1873514880578153
52.30769230769231,1743.5897435897436,0.4955089834588737,0.1873514880578153
55.38461538461539,1743.5897435897436,0.4955089834588737,0.1873514880578153
56.92307692307692,1743.5897435897436,0.4955089834588737,0.1873514880578153
56.15384615384616,1743.5897435897436,0.4955089834588737,0.1873514880578153
30.0,1743.5897435897436,0.4955089834588737,0.1873514880578153
60.0,1743.5897435897436,0.4955089834588737,0.1873514880578153
36.92307692307692,1743.5897435897436,0.4955089834588737,0.1873514880578153
51.53846153846154,1743.5897435897436,0.4955089834588737,0.1873514880578153
35.38461538461539,1743.5897435897436,0.4955089834588737,0.1873514880578153
38.46153846153846,1743.5897435897436,0.4955089834588737,0.1873514880578153
34.61538461538461,1743.5897435897436,0.4955089834588737,0.1873514880578153
46.92307692307692,1743.5897435897436,0.4955089834588737,0.1873514880578153
45.38461538461539,1743.5897435897436,0.4955089834588737,0.1873514880578153
46.15384615384615,1743.5897435897436,0.4955089834588737,0.1873514880578153
37.69230769230769,1743.5897435897436,0.4955089834588737,0.1873514880578153
59.23076923076923,1743.5897435897436,0.4955089834588737,0.1873514880578153
33.07692307692308,1743.5897435897436,0.4955089834588737,0.1873514880578153
39.23076923076923,1743.5897435897436,0.4955089834588737,0.1873514880578153
57.69230769230769,1743.5897435897436,0.4955089834588737,0.1873514880578153
31.53846153846154,1743.5897435897436,0.4955089834588737,0.1873514880578153
43.07692307692308,1743.5897435897436,0.4955089834588737,0.1873514880578153
32.30769230769231,1743.5897435897436,0.4955089834588737,0.1873514880578153
49.23076923076923,1743.5897435897436,0.4955089834588737,0.1873514880578153
48.46153846153847,1743.5897435897436,0.4955089834588737,0.1873514880578153
40.0,1743.5897435897436,0.4955089834588737,0.1873514880578153
53.07692307692308,1743.5897435897436,0.4955089834588737,0.1873514880578153
42.30769230769231,1743.5897435897436,0.4955089834588737,0.1873514880578153
41.53846153846154,1743.5897435897436,0.4955089834588737,0.1873514880578153
53.84615384615385,1743.5897435897436,0.4955089834588737,0.1873514880578153
50.0,1743.5897435897436,0.4955089834588737,0.1873514880578153
58.46153846153847,1743.5897435897436,0.4955089834588737,0.1873514880578153
40.769230769230774,1743.5897435897436,0.4955089834588737,0.1873514880578153
54.61538461538461,1743.5897435897436,0.4955089834588737,0.1873514880578153
30.76923076923077,1743.5897435897436,0.4955089834588737,0.1873514880578153
50.769230769230774,1743.5897435897436,0.4955089834588737,0.1873514880578153
58.46153846153847,1753.8461538461538,0.4957892045880627,0.1883631344320757
50.0,1753.8461538461538,0.4957892045880627,0.1883631344320757
32.30769230769231,1753.8461538461538,0.4957892045880627,0.1883631344320757
31.53846153846154,1753.8461538461538,0.4957892045880627,0.1883631344320757
57.69230769230769,1753.8461538461538,0.4957892045880627,0.1883631344320757
48.46153846153847,1753.8461538461538,0.4957892045880627,0.1883631344320757
53.84615384615385,1753.8461538461538,0.4957892045880627,0.1883631344320757
49.23076923076923,1753.8461538461538,0.4957892045880627,0.1883631344320757
33.84615384615385,1753.8461538461538,0.4957892045880627,0.1883631344320757
40.769230769230774,1753.8461538461538,0.4957892045880627,0.1883631344320757
51.53846153846154,1753.8461538461538,0.4957892045880627,0.1883631344320757
47.69230769230769,1753.8461538461538,0.4957892045880627,0.1883631344320757
34.61538461538461,1753.8461538461538,0.4957892045880627,0.1883631344320757
41.53846153846154,1753.8461538461538,0.4957892045880627,0.1883631344320757
33.07692307692308,1753.8461538461538,0.4957892045880627,0.1883631344320757
59.23076923076923,1753.8461538461538,0.4957892045880627,0.1883631344320757
42.30769230769231,1753.8461538461538,0.4957892045880627,0.1883631344320757
36.15384615384615,1753.8461538461538,0.4957892045880627,0.1883631344320757
56.92307692307692,1753.8461538461538,0.4957892045880627,0.1883631344320757
46.92307692307692,1753.8461538461538,0.4957892045880627,0.1883631344320757
35.38461538461539,1753.8461538461538,0.4957892045880627,0.1883631344320757
30.0,1753.8461538461538,0.4957892045880627,0.1883631344320757
38.46153846153846,1753.8461538461538,0.4957892045880627,0.1883631344320757
37.69230769230769,1753.8461538461538,0.4957892045880627,0.1883631344320757
36.92307692307692,1753.8461538461538,0.4957892045880627,0.1883631344320757
45.38461538461539,1753.8461538461538,0.4957892045880627,0.1883631344320757
55.38461538461539,1753.8461538461538,0.4957892045880627,0.1883631344320757
56.15384615384616,1753.8461538461538,0.4957892045880627,0.1883631344320757
43.07692307692308,1753.8461538461538,0.4957892045880627,0.1883631344320757
46.15384615384615,1753.8461538461538,0.4957892045880627,0.1883631344320757
54.61538461538461,1753.8461538461538,0.4957892045880627,0.1883631344320757
52.30769230769231,1753.8461538461538,0.4957892045880627,0.1883631344320757
44.61538461538461,1753.8461538461538,0.4957892045880627,0.1883631344320757
40.0,1753.8461538461538,0.4957892045880627,0.1883631344320757
53.07692307692308,1753.8461538461538,0.4957892045880627,0.1883631344320757
39.23076923076923,1753.8461538461538,0.4957892045880627,0.1883631344320757
43.84615384615385,1753.8461538461538,0.4957892045880627,0.1883631344320757
60.0,1753.8461538461538,0.4957892045880627,0.1883631344320757
50.769230769230774,1753.8461538461538,0.4957892045880627,0.1883631344320757
30.76923076923077,1753.8461538461538,0.4957892045880627,0.1883631344320757
47.69230769230769,1764.1025641025642,0.4960610950546871,0.1893769315107815
51.53846153846154,1764.1025641025642,0.4960610950546871,0.1893769315107815
41.53846153846154,1764.1025641025642,0.4960610950546871,0.1893769315107815
60.0,1764.1025641025642,0.4960610950546871,0.1893769315107815
45.38461538461539,1764.1025641025642,0.4960610950546871,0.1893769315107815
34.61538461538461,1764.1025641025642,0.4960610950546871,0.1893769315107815
42.30769230769231,1764.1025641025642,0.4960610950546871,0.1893769315107815
33.07692307692308,1764.1025641025642,0.4960610950546871,0.1893769315107815
36.15384615384615,1764.1025641025642,0.4960610950546871,0.1893769315107815
35.38461538461539,1764.1025641025642,0.4960610950546871,0.1893769315107815
56.92307692307692,1764.1025641025642,0.4960610950546871,0.1893769315107815
46.92307692307692,1764.1025641025642,0.4960610950546871,0.1893769315107815
40.769230769230774,1764.1025641025642,0.4960610950546871,0.1893769315107815
48.46153846153847,1764.1025641025642,0.4960610950546871,0.1893769315107815
49.23076923076923,1764.1025641025642,0.4960610950546871,0.1893769315107815
59.23076923076923,1764.1025641025642,0.4960610950546871,0.1893769315107815
33.84615384615385,1764.1025641025642,0.4960610950546871,0.1893769315107815
32.30769230769231,1764.1025641025642,0.4960610950546871,0.1893769315107815
57.69230769230769,1764.1025641025642,0.4960610950546871,0.1893769315107815
50.769230769230774,1764.1025641025642,0.4960610950546871,0.1893769315107815
58.46153846153847,1764.1025641025642,0.4960610950546871,0.1893769315107815
31.53846153846154,1764.1025641025642,0.4960610950546871,0.1893769315107815
53.84615384615385,1764.1025641025642,0.4960610950546871,0.1893769315107815
50.0,1764.1025641025642,0.4960610950546871,0.1893769315107815
30.76923076923077,1764.1025641025642,0.4960610950546871,0.1893769315107815
39.23076923076923,1764.1025641025642,0.4960610950546871,0.1893769315107815
53.07692307692308,1764.1025641025642,0.4960610950546871,0.1893769315107815
44.61538461538461,1764.1025641025642,0.4960610950546871,0.1893769315107815
30.0,1764.1025641025642,0.4960610950546871,0.1893769315107815
40.0,1764.1025641025642,0.4960610950546871,0.1893769315107815
43.84615384615385,1764.1025641025642,0.4960610950546871,0.1893769315107815
36.92307692307692,1764.1025641025642,0.4960610950546871,0.1893769315107815
38.46153846153846,1764.1025641025642,0.4960610950546871,0.1893769315107815
55.38461538461539,1764.1025641025642,0.4960610950546871,0.1893769315107815
37.69230769230769,1764.1025641025642,0.4960610950546871,0.1893769315107815
46.15384615384615,1764.1025641025642,0.4960610950546871,0.1893769315107815
56.15384615384616,1764.1025641025642,0.4960610950546871,0.1893769315107815
43.07692307692308,1764.1025641025642,0.4960610950546871,0.1893769315107815
54.61538461538461,1764.1025641025642,0.4960610950546871,0.1893769315107815
52.30769230769231,1764.1025641025642,0.4960610950546871,0.1893769315107815
49.23076923076923,1774.3589743589744,0.49632458359357007,0.19039297114671538
53.84615384615385,1774.3589743589744,0.49632458359357007,0.19039297114671538
50.769230769230774,1774.3589743589744,0.49632458359357007,0.19039297114671538
58.46153846153847,1774.3589743589744,0.49632458359357007,0.19039297114671538
50.0,1774.3589743589744,0.49632458359357007,0.19039297114671538
47.69230769230769,1774.3589743589744,0.49632458359357007,0.19039297114671538
51.53846153846154,1774.3589743589744,0.49632458359357007,0.19039297114671538
46.92307692307692,1774.3589743589744,0.49632458359357007,0.19039297114671538
33.07692307692308,1774.3589743589744,0.49632458359357007,0.19039297114671538
32.30769230769231,1774.3589743589744,0.49632458359357007,0.19039297114671538
59.23076923076923,1774.3589743589744,0.49632458359357007,0.19039297114671538
31.53846153846154,1774.3589743589744,0.49632458359357007,0.19039297114671538
57.69230769230769,1774.3589743589744,0.49632458359357007,0.19039297114671538
41.53846153846154,1774.3589743589744,0.49632458359357007,0.19039297114671538
48.46153846153847,1774.3589743589744,0.49632458359357007,0.19039297114671538
33.84615384615385,1774.3589743589744,0.49632458359357007,0.19039297114671538
36.15384615384615,1774.3589743589744,0.49632458359357007,0.19039297114671538
35.38461538461539,1774.3589743589744,0.49632458359357007,0.19039297114671538
40.769230769230774,1774.3589743589744,0.49632458359357007,0.19039297114671538
42.30769230769231,1774.3589743589744,0.49632458359357007,0.19039297114671538
34.61538461538461,1774.3589743589744,0.49632458359357007,0.19039297114671538
38.46153846153846,1774.3589743589744,0.49632458359357007,0.19039297114671538
55.38461538461539,1774.3589743589744,0.49632458359357007,0.19039297114671538
37.69230769230769,1774.3589743589744,0.49632458359357007,0.19039297114671538
43.07692307692308,1774.3589743589744,0.49632458359357007,0.19039297114671538
54.61538461538461,1774.3589743589744,0.49632458359357007,0.19039297114671538
52.30769230769231,1774.3589743589744,0.49632458359357007,0.19039297114671538
56.92307692307692,1774.3589743589744,0.49632458359357007,0.19039297114671538
45.38461538461539,1774.3589743589744,0.49632458359357007,0.19039297114671538
36.92307692307692,1774.3589743589744,0.49632458359357007,0.19039297114671538
46.15384615384615,1774.3589743589744,0.49632458359357007,0.19039297114671538
56.15384615384616,1774.3589743589744,0.49632458359357007,0.19039297114671538
44.61538461538461,1774.3589743589744,0.49632458359357007,0.19039297114671538
30.0,1774.3589743589744,0.49632458359357007,0.19039297114671538
39.23076923076923,1774.3589743589744,0.49632458359357007,0.19039297114671538
53.07692307692308,1774.3589743589744,0.49632458359357007,0.19039297114671538
40.0,1774.3589743589744,0.49632458359357007,0.19039297114671538
43.84615384615385,1774.3589743589744,0.49632458359357007,0.19039297114671538
30.76923076923077,1774.3589743589744,0.49632458359357007,0.19039297114671538
60.0,1774.3589743589744,0.49632458359357007,0.19039297114671538
60.0,1784.6153846153848,0.4965801097023842,0.19141112187333034
39.23076923076923,1784.6153846153848,0.4965801097023842,0.19141112187333034
38.46153846153846,1784.6153846153848,0.4965801097023842,0.19141112187333034
50.769230769230774,1784.6153846153848,0.4965801097023842,0.19141112187333034
50.0,1784.6153846153848,0.4965801097023842,0.19141112187333034
32.30769230769231,1784.6153846153848,0.4965801097023842,0.19141112187333034
49.23076923076923,1784.6153846153848,0.4965801097023842,0.19141112187333034
58.46153846153847,1784.6153846153848,0.4965801097023842,0.19141112187333034
31.53846153846154,1784.6153846153848,0.4965801097023842,0.19141112187333034
43.84615384615385,1784.6153846153848,0.4965801097023842,0.19141112187333034
41.53846153846154,1784.6153846153848,0.4965801097023842,0.19141112187333034
33.07692307692308,1784.6153846153848,0.4965801097023842,0.19141112187333034
44.61538461538461,1784.6153846153848,0.4965801097023842,0.19141112187333034
53.07692307692308,1784.6153846153848,0.4965801097023842,0.19141112187333034
48.46153846153847,1784.6153846153848,0.4965801097023842,0.19141112187333034
57.69230769230769,1784.6153846153848,0.4965801097023842,0.19141112187333034
47.69230769230769,1784.6153846153848,0.4965801097023842,0.19141112187333034
55.38461538461539,1784.6153846153848,0.4965801097023842,0.19141112187333034
34.61538461538461,1784.6153846153848,0.4965801097023842,0.19141112187333034
36.92307692307692,1784.6153846153848,0.4965801097023842,0.19141112187333034
33.84615384615385,1784.6153846153848,0.4965801097023842,0.19141112187333034
30.76923076923077,1784.6153846153848,0.4965801097023842,0.19141112187333034
40.769230769230774,1784.6153846153848,0.4965801097023842,0.19141112187333034
35.38461538461539,1784.6153846153848,0.4965801097023842,0.19141112187333034
46.92307692307692,1784.6153846153848,0.4965801097023842,0.19141112187333034
40.0,1784.6153846153848,0.4965801097023842,0.19141112187333034
43.07692307692308,1784.6153846153848,0.4965801097023842,0.19141112187333034
42.30769230769231,1784.6153846153848,0.4965801097023842,0.19141112187333034
45.38461538461539,1784.6153846153848,0.4965801097023842,0.19141112187333034
37.69230769230769,1784.6153846153848,0.4965801097023842,0.19141112187333034
56.92307692307692,1784.6153846153848,0.4965801097023842,0.19141112187333034
51.53846153846154,1784.6153846153848,0.4965801097023842,0.19141112187333034
54.61538461538461,1784.6153846153848,0.4965801097023842,0.19141112187333034
52.30769230769231,1784.6153846153848,0.4965801097023842,0.19141112187333034
36.15384615384615,1784.6153846153848,0.4965801097023842,0.19141112187333034
56.15384615384616,1784.6153846153848,0.4965801097023842,0.19141112187333034
46.15384615384615,1784.6153846153848,0.4965801097023842,0.19141112187333034
59.23076923076923,1784.6153846153848,0.4965801097023842,0.19141112187333034
53.84615384615385,1784.6153846153848,0.4965801097023842,0.19141112187333034
30.0,1784.6153846153848,0.4965801097023842,0.19141112187333034
53.84615384615385,1794.871794871795,0.49682793811713194,0.19243132527369955
48.46153846153847,1794.871794871795,0.49682793811713194,0.19243132527369955
53.07692307692308,1794.871794871795,0.49682793811713194,0.19243132527369955
43.07692307692308,1794.871794871795,0.49682793811713194,0.19243132527369955
54.61538461538461,1794.871794871795,0.49682793811713194,0.19243132527369955
55.38461538461539,1794.871794871795,0.49682793811713194,0.19243132527369955
32.30769230769231,1794.871794871795,0.49682793811713194,0.19243132527369955
57.69230769230769,1794.871794871795,0.49682793811713194,0.19243132527369955
33.84615384615385,1794.871794871795,0.49682793811713194,0.19243132527369955
51.53846153846154,1794.871794871795,0.49682793811713194,0.19243132527369955
36.92307692307692,1794.871794871795,0.49682793811713194,0.19243132527369955
33.07692307692308,1794.871794871795,0.49682793811713194,0.19243132527369955
47.69230769230769,1794.871794871795,0.49682793811713194,0.19243132527369955
44.61538461538461,1794.871794871795,0.49682793811713194,0.19243132527369955
49.23076923076923,1794.871794871795,0.49682793811713194,0.19243132527369955
58.46153846153847,1794.871794871795,0.49682793811713194,0.19243132527369955
41.53846153846154,1794.871794871795,0.49682793811713194,0.19243132527369955
31.53846153846154,1794.871794871795,0.49682793811713194,0.19243132527369955
43.84615384615385,1794.871794871795,0.49682793811713194,0.19243132527369955
39.23076923076923,1794.871794871795,0.49682793811713194,0.19243132527369955
50.0,1794.871794871795,0.49682793811713194,0.19243132527369955
50.769230769230774,1794.871794871795,0.49682793811713194,0.19243132527369955
38.46153846153846,1794.871794871795,0.49682793811713194,0.19243132527369955
60.0,1794.871794871795,0.49682793811713194,0.19243132527369955
30.76923076923077,1794.871794871795,0.49682793811713194,0.19243132527369955
56.15384615384616,1794.871794871795,0.49682793811713194,0.19243132527369955
36.15384615384615,1794.871794871795,0.49682793811713194,0.19243132527369955
59.23076923076923,1794.871794871795,0.49682793811713194,0.19243132527369955
52.30769230769231,1794.871794871795,0.49682793811713194,0.19243132527369955
30.0,1794.871794871795,0.49682793811713194,0.19243132527369955
46.15384615384615,1794.871794871795,0.49682793811713194,0.19243132527369955
46.92307692307692,1794.871794871795,0.49682793811713194,0.19243132527369955
40.769230769230774,1794.871794871795,0.49682793811713194,0.19243132527369955
35.38461538461539,1794.871794871795,0.49682793811713194,0.19243132527369955
40.0,1794.871794871795,0.49682793811713194,0.19243132527369955
37.69230769230769,1794.871794871795,0.49682793811713194,0.19243132527369955
42.30769230769231,1794.871794871795,0.49682793811713194,0.19243132527369955
45.38461538461539,1794.871794871795,0.49682793811713194,0.19243132527369955
56.92307692307692,1794.871794871795,0.49682793811713194,0.19243132527369955
34.61538461538461,1794.871794871795,0.49682793811713194,0.19243132527369955
50.0,1805.128205128205,0.49706832262317646,0.19345352537240848
50.769230769230774,1805.128205128205,0.49706832262317646,0.19345352537240848
38.46153846153846,1805.128205128205,0.49706832262317646,0.19345352537240848
39.23076923076923,1805.128205128205,0.49706832262317646,0.19345352537240848
60.0,1805.128205128205,0.49706832262317646,0.19345352537240848
53.07692307692308,1805.128205128205,0.49706832262317646,0.19345352537240848
44.61538461538461,1805.128205128205,0.49706832262317646,0.19345352537240848
53.84615384615385,1805.128205128205,0.49706832262317646,0.19345352537240848
48.46153846153847,1805.128205128205,0.49706832262317646,0.19345352537240848
57.69230769230769,1805.128205128205,0.49706832262317646,0.19345352537240848
49.23076923076923,1805.128205128205,0.49706832262317646,0.19345352537240848
58.46153846153847,1805.128205128205,0.49706832262317646,0.19345352537240848
31.53846153846154,1805.128205128205,0.49706832262317646,0.19345352537240848
43.84615384615385,1805.128205128205,0.49706832262317646,0.19345352537240848
32.30769230769231,1805.128205128205,0.49706832262317646,0.19345352537240848
41.53846153846154,1805.128205128205,0.49706832262317646,0.19345352537240848
51.53846153846154,1805.128205128205,0.49706832262317646,0.19345352537240848
56.92307692307692,1805.128205128205,0.49706832262317646,0.19345352537240848
47.69230769230769,1805.128205128205,0.49706832262317646,0.19345352537240848
55.38461538461539,1805.128205128205,0.49706832262317646,0.19345352537240848
33.07692307692308,1805.128205128205,0.49706832262317646,0.19345352537240848
40.769230769230774,1805.128205128205,0.49706832262317646,0.19345352537240848
43.07692307692308,1805.128205128205,0.49706832262317646,0.19345352537240848
35.38461538461539,1805.128205128205,0.49706832262317646,0.19345352537240848
36.92307692307692,1805.128205128205,0.49706832262317646,0.19345352537240848
34.61538461538461,1805.128205128205,0.49706832262317646,0.19345352537240848
33.84615384615385,1805.128205128205,0.49706832262317646,0.19345352537240848
40.0,1805.128205128205,0.49706832262317646,0.19345352537240848
46.92307692307692,1805.128205128205,0.49706832262317646,0.19345352537240848
37.69230769230769,1805.128205128205,0.49706832262317646,0.19345352537240848
45.38461538461539,1805.128205128205,0.49706832262317646,0.19345352537240848
42.30769230769231,1805.128205128205,0.49706832262317646,0.19345352537240848
59.23076923076923,1805.128205128205,0.49706832262317646,0.19345352537240848
46.15384615384615,1805.128205128205,0.49706832262317646,0.19345352537240848
56.15384615384616,1805.128205128205,0.49706832262317646,0.19345352537240848
52.30769230769231,1805.128205128205,0.49706832262317646,0.19345352537240848
36.15384615384615,1805.128205128205,0.49706832262317646,0.19345352537240848
54.61538461538461,1805.128205128205,0.49706832262317646,0.19345352537240848
30.76923076923077,1805.128205128205,0.49706832262317646,0.19345352537240848
30.0,1805.128205128205,0.49706832262317646,0.19345352537240848
50.0,1815.3846153846155,0.49730150664650075,0.19447766848783832
30.0,1815.3846153846155,0.49730150664650075,0.19447766848783832
46.15384615384615,1815.3846153846155,0.49730150664650075,0.19447766848783832
40.769230769230774,1815.3846153846155,0.49730150664650075,0.19447766848783832
36.15384615384615,1815.3846153846155,0.49730150664650075,0.19447766848783832
43.07692307692308,1815.3846153846155,0.49730150664650075,0.19447766848783832
52.30769230769231,1815.3846153846155,0.49730150664650075,0.19447766848783832
56.15384615384616,1815.3846153846155,0.49730150664650075,0.19447766848783832
35.38461538461539,1815.3846153846155,0.49730150664650075,0.19447766848783832
54.61538461538461,1815.3846153846155,0.49730150664650075,0.19447766848783832
37.69230769230769,1815.3846153846155,0.49730150664650075,0.19447766848783832
36.92307692307692,1815.3846153846155,0.49730150664650075,0.19447766848783832
56.92307692307692,1815.3846153846155,0.49730150664650075,0.19447766848783832
45.38461538461539,1815.3846153846155,0.49730150664650075,0.19447766848783832
46.92307692307692,1815.3846153846155,0.49730150664650075,0.19447766848783832
40.0,1815.3846153846155,0.49730150664650075,0.19447766848783832
34.61538461538461,1815.3846153846155,0.49730150664650075,0.19447766848783832
33.84615384615385,1815.3846153846155,0.49730150664650075,0.19447766848783832
51.53846153846154,1815.3846153846155,0.49730150664650075,0.19447766848783832
55.38461538461539,1815.3846153846155,0.49730150664650075,0.19447766848783832
30.76923076923077,1815.3846153846155,0.49730150664650075,0.19447766848783832
31.53846153846154,1815.3846153846155,0.49730150664650075,0.19447766848783832
41.53846153846154,1815.3846153846155,0.49730150664650075,0.19447766848783832
32.30769230769231,1815.3846153846155,0.49730150664650075,0.19447766848783832
48.46153846153847,1815.3846153846155,0.49730150664650075,0.19447766848783832
57.69230769230769,1815.3846153846155,0.49730150664650075,0.19447766848783832
53.07692307692308,1815.3846153846155,0.49730150664650075,0.19447766848783832
44.61538461538461,1815.3846153846155,0.49730150664650075,0.19447766848783832
53.84615384615385,1815.3846153846155,0.49730150664650075,0.19447766848783832
33.07692307692308,1815.3846153846155,0.49730150664650075,0.19447766848783832
47.69230769230769,1815.3846153846155,0.49730150664650075,0.19447766848783832
42.30769230769231,1815.3846153846155,0.49730150664650075,0.19447766848783832
43.84615384615385,1815.3846153846155,0.49730150664650075,0.19447766848783832
38.46153846153846,1815.3846153846155,0.49730150664650075,0.19447766848783832
49.23076923076923,1815.3846153846155,0.49730150664650075,0.19447766848783832
58.46153846153847,1815.3846153846155,0.49730150664650075,0.19447766848783832
60.0,1815.3846153846155,0.49730150664650075,0.19447766848783832
50.769230769230774,1815.3846153846155,0.49730150664650075,0.19447766848783832
59.23076923076923,1815.3846153846155,0.49730150664650075,0.19447766848783832
39.23076923076923,1815.3846153846155,0.49730150664650075,0.19447766848783832
53.07692307692308,1825.6410256410256,0.497527489555567,0.19550380788887145
32.30769230769231,1825.6410256410256,0.497527489555567,0.19550380788887145
33.07692307692308,1825.6410256410256,0.497527489555567,0.19550380788887145
47.69230769230769,1825.6410256410256,0.497527489555567,0.19550380788887145
37.69230769230769,1825.6410256410256,0.497527489555567,0.19550380788887145
51.53846153846154,1825.6410256410256,0.497527489555567,0.19550380788887145
34.61538461538461,1825.6410256410256,0.497527489555567,0.19550380788887145
57.69230769230769,1825.6410256410256,0.497527489555567,0.19550380788887145
40.0,1825.6410256410256,0.497527489555567,0.19550380788887145
46.92307692307692,1825.6410256410256,0.497527489555567,0.19550380788887145
36.92307692307692,1825.6410256410256,0.497527489555567,0.19550380788887145
45.38461538461539,1825.6410256410256,0.497527489555567,0.19550380788887145
40.769230769230774,1825.6410256410256,0.497527489555567,0.19550380788887145
56.92307692307692,1825.6410256410256,0.497527489555567,0.19550380788887145
43.07692307692308,1825.6410256410256,0.497527489555567,0.19550380788887145
52.30769230769231,1825.6410256410256,0.497527489555567,0.19550380788887145
54.61538461538461,1825.6410256410256,0.497527489555567,0.19550380788887145
35.38461538461539,1825.6410256410256,0.497527489555567,0.19550380788887145
56.15384615384616,1825.6410256410256,0.497527489555567,0.19550380788887145
50.0,1825.6410256410256,0.497527489555567,0.19550380788887145
30.0,1825.6410256410256,0.497527489555567,0.19550380788887145
60.0,1825.6410256410256,0.497527489555567,0.19550380788887145
46.15384615384615,1825.6410256410256,0.497527489555567,0.19550380788887145
36.15384615384615,1825.6410256410256,0.497527489555567,0.19550380788887145
42.30769230769231,1825.6410256410256,0.497527489555567,0.19550380788887145
33.84615384615385,1825.6410256410256,0.497527489555567,0.19550380788887145
53.84615384615385,1825.6410256410256,0.497527489555567,0.19550380788887145
44.61538461538461,1825.6410256410256,0.497527489555567,0.19550380788887145
55.38461538461539,1825.6410256410256,0.497527489555567,0.19550380788887145
31.53846153846154,1825.6410256410256,0.497527489555567,0.19550380788887145
48.46153846153847,1825.6410256410256,0.497527489555567,0.19550380788887145
58.46153846153847,1825.6410256410256,0.497527489555567,0.19550380788887145
59.23076923076923,1825.6410256410256,0.497527489555567,0.19550380788887145
38.46153846153846,1825.6410256410256,0.497527489555567,0.19550380788887145
50.769230769230774,1825.6410256410256,0.497527489555567,0.19550380788887145
30.76923076923077,1825.6410256410256,0.497527489555567,0.19550380788887145
39.23076923076923,1825.6410256410256,0.497527489555567,0.19550380788887145
49.23076923076923,1825.6410256410256,0.497527489555567,0.19550380788887145
43.84615384615385,1825.6410256410256,0.497527489555567,0.19550380788887145
41.53846153846154,1825.6410256410256,0.497527489555567,0.19550380788887145
53.07692307692308,1835.897435897436,0.497746907323499,0.19653171058721888
38.46153846153846,1835.897435897436,0.497746907323499,0.19653171058721888
49.23076923076923,1835.897435897436,0.497746907323499,0.19653171058721888
30.76923076923077,1835.897435897436,0.497746907323499,0.19653171058721888
50.769230769230774,1835.897435897436,0.497746907323499,0.19653171058721888
39.23076923076923,1835.897435897436,0.497746907323499,0.19653171058721888
43.84615384615385,1835.897435897436,0.497746907323499,0.19653171058721888
55.38461538461539,1835.897435897436,0.497746907323499,0.19653171058721888
41.53846153846154,1835.897435897436,0.497746907323499,0.19653171058721888
59.23076923076923,1835.897435897436,0.497746907323499,0.19653171058721888
32.30769230769231,1835.897435897436,0.497746907323499,0.19653171058721888
31.53846153846154,1835.897435897436,0.497746907323499,0.19653171058721888
57.69230769230769,1835.897435897436,0.497746907323499,0.19653171058721888
47.69230769230769,1835.897435897436,0.497746907323499,0.19653171058721888
53.84615384615385,1835.897435897436,0.497746907323499,0.19653171058721888
48.46153846153847,1835.897435897436,0.497746907323499,0.19653171058721888
40.0,1835.897435897436,0.497746907323499,0.19653171058721888
36.15384615384615,1835.897435897436,0.497746907323499,0.19653171058721888
45.38461538461539,1835.897435897436,0.497746907323499,0.19653171058721888
56.92307692307692,1835.897435897436,0.497746907323499,0.19653171058721888
52.30769230769231,1835.897435897436,0.497746907323499,0.19653171058721888
33.07692307692308,1835.897435897436,0.497746907323499,0.19653171058721888
33.84615384615385,1835.897435897436,0.497746907323499,0.19653171058721888
51.53846153846154,1835.897435897436,0.497746907323499,0.19653171058721888
44.61538461538461,1835.897435897436,0.497746907323499,0.19653171058721888
37.69230769230769,1835.897435897436,0.497746907323499,0.19653171058721888
34.61538461538461,1835.897435897436,0.497746907323499,0.19653171058721888
42.30769230769231,1835.897435897436,0.497746907323499,0.19653171058721888
56.15384615384616,1835.897435897436,0.497746907323499,0.19653171058721888
36.92307692307692,1835.897435897436,0.497746907323499,0.19653171058721888
40.769230769230774,1835.897435897436,0.497746907323499,0.19653171058721888
46.92307692307692,1835.897435897436,0.497746907323499,0.19653171058721888
30.0,1835.897435897436,0.497746907323499,0.19653171058721888
58.46153846153847,1835.897435897436,0.497746907323499,0.19653171058721888
60.0,1835.897435897436,0.497746907323499,0.19653171058721888
46.15384615384615,1835.897435897436,0.497746907323499,0.19653171058721888
54.61538461538461,1835.897435897436,0.497746907323499,0.19653171058721888
43.07692307692308,1835.897435897436,0.497746907323499,0.19653171058721888
35.38461538461539,1835.897435897436,0.497746907323499,0.19653171058721888
50.0,1835.897435897436,0.497746907323499,0.19653171058721888
42.30769230769231,1846.1538461538462,0.49795978556950116,0.1975614136081717
37.69230769230769,1846.1538461538462,0.49795978556950116,0.1975614136081717
44.61538461538461,1846.1538461538462,0.49795978556950116,0.1975614136081717
33.84615384615385,1846.1538461538462,0.49795978556950116,0.1975614136081717
36.92307692307692,1846.1538461538462,0.49795978556950116,0.1975614136081717
50.0,1846.1538461538462,0.49795978556950116,0.1975614136081717
30.76923076923077,1846.1538461538462,0.49795978556950116,0.1975614136081717
53.84615384615385,1846.1538461538462,0.49795978556950116,0.1975614136081717
60.0,1846.1538461538462,0.49795978556950116,0.1975614136081717
48.46153846153847,1846.1538461538462,0.49795978556950116,0.1975614136081717
53.07692307692308,1846.1538461538462,0.49795978556950116,0.1975614136081717
49.23076923076923,1846.1538461538462,0.49795978556950116,0.1975614136081717
38.46153846153846,1846.1538461538462,0.49795978556950116,0.1975614136081717
33.07692307692308,1846.1538461538462,0.49795978556950116,0.1975614136081717
40.769230769230774,1846.1538461538462,0.49795978556950116,0.1975614136081717
47.69230769230769,1846.1538461538462,0.49795978556950116,0.1975614136081717
57.69230769230769,1846.1538461538462,0.49795978556950116,0.1975614136081717
43.84615384615385,1846.1538461538462,0.49795978556950116,0.1975614136081717
39.23076923076923,1846.1538461538462,0.49795978556950116,0.1975614136081717
50.769230769230774,1846.1538461538462,0.49795978556950116,0.1975614136081717
46.15384615384615,1846.1538461538462,0.49795978556950116,0.1975614136081717
52.30769230769231,1846.1538461538462,0.49795978556950116,0.1975614136081717
56.15384615384616,1846.1538461538462,0.49795978556950116,0.1975614136081717
30.0,1846.1538461538462,0.49795978556950116,0.1975614136081717
58.46153846153847,1846.1538461538462,0.49795978556950116,0.1975614136081717
35.38461538461539,1846.1538461538462,0.49795978556950116,0.1975614136081717
54.61538461538461,1846.1538461538462,0.49795978556950116,0.1975614136081717
36.15384615384615,1846.1538461538462,0.49795978556950116,0.1975614136081717
43.07692307692308,1846.1538461538462,0.49795978556950116,0.1975614136081717
56.92307692307692,1846.1538461538462,0.49795978556950116,0.1975614136081717
45.38461538461539,1846.1538461538462,0.49795978556950116,0.1975614136081717
40.0,1846.1538461538462,0.49795978556950116,0.1975614136081717
51.53846153846154,1846.1538461538462,0.49795978556950116,0.1975614136081717
46.92307692307692,1846.1538461538462,0.49795978556950116,0.1975614136081717
34.61538461538461,1846.1538461538462,0.49795978556950116,0.1975614136081717
41.53846153846154,1846.1538461538462,0.49795978556950116,0.1975614136081717
55.38461538461539,1846.1538461538462,0.49795978556950116,0.1975614136081717
31.53846153846154,1846.1538461538462,0.49795978556950116,0.1975614136081717
59.23076923076923,1846.1538461538462,0.49795978556950116,0.1975614136081717
32.30769230769231,1846.1538461538462,0.49795978556950116,0.1975614136081717
35.38461538461539,1856.4102564102564,0.49816632906426966,0.19859287234011733
54.61538461538461,1856.4102564102564,0.49816632906426966,0.19859287234011733
52.30769230769231,1856.4102564102564,0.49816632906426966,0.19859287234011733
43.07692307692308,1856.4102564102564,0.49816632906426966,0.19859287234011733
40.0,1856.4102564102564,0.49816632906426966,0.19859287234011733
50.0,1856.4102564102564,0.49816632906426966,0.19859287234011733
36.15384615384615,1856.4102564102564,0.49816632906426966,0.19859287234011733
46.15384615384615,1856.4102564102564,0.49816632906426966,0.19859287234011733
56.15384615384616,1856.4102564102564,0.49816632906426966,0.19859287234011733
58.46153846153847,1856.4102564102564,0.49816632906426966,0.19859287234011733
30.0,1856.4102564102564,0.49816632906426966,0.19859287234011733
53.84615384615385,1856.4102564102564,0.49816632906426966,0.19859287234011733
30.76923076923077,1856.4102564102564,0.49816632906426966,0.19859287234011733
53.07692307692308,1856.4102564102564,0.49816632906426966,0.19859287234011733
60.0,1856.4102564102564,0.49816632906426966,0.19859287234011733
43.84615384615385,1856.4102564102564,0.49816632906426966,0.19859287234011733
39.23076923076923,1856.4102564102564,0.49816632906426966,0.19859287234011733
55.38461538461539,1856.4102564102564,0.49816632906426966,0.19859287234011733
47.69230769230769,1856.4102564102564,0.49816632906426966,0.19859287234011733
33.07692307692308,1856.4102564102564,0.49816632906426966,0.19859287234011733
40.769230769230774,1856.4102564102564,0.49816632906426966,0.19859287234011733
38.46153846153846,1856.4102564102564,0.49816632906426966,0.19859287234011733
45.38461538461539,1856.4102564102564,0.49816632906426966,0.19859287234011733
34.61538461538461,1856.4102564102564,0.49816632906426966,0.19859287234011733
36.92307692307692,1856.4102564102564,0.49816632906426966,0.19859287234011733
56.92307692307692,1856.4102564102564,0.49816632906426966,0.19859287234011733
37.69230769230769,1856.4102564102564,0.49816632906426966,0.19859287234011733
46.92307692307692,1856.4102564102564,0.49816632906426966,0.19859287234011733
51.53846153846154,1856.4102564102564,0.49816632906426966,0.19859287234011733
33.84615384615385,1856.4102564102564,0.49816632906426966,0.19859287234011733
44.61538461538461,1856.4102564102564,0.49816632906426966,0.19859287234011733
42.30769230769231,1856.4102564102564,0.49816632906426966,0.19859287234011733
48.46153846153847,1856.4102564102564,0.49816632906426966,0.19859287234011733
31.53846153846154,1856.4102564102564,0.49816632906426966,0.19859287234011733
57.69230769230769,1856.4102564102564,0.49816632906426966,0.19859287234011733
32.30769230769231,1856.4102564102564,0.49816632906426966,0.19859287234011733
59.23076923076923,1856.4102564102564,0.49816632906426966,0.19859287234011733
41.53846153846154,1856.4102564102564,0.49816632906426966,0.19859287234011733
49.23076923076923,1856.4102564102564,0.49816632906426966,0.19859287234011733
50.769230769230774,1856.4102564102564,0.49816632906426966,0.19859287234011733
55.38461538461539,1866.6666666666667,0.49836673429575146,0.1996260440508416
37.69230769230769,1866.6666666666667,0.49836673429575146,0.1996260440508416
44.61538461538461,1866.6666666666667,0.49836673429575146,0.1996260440508416
33.84615384615385,1866.6666666666667,0.49836673429575146,0.1996260440508416
46.92307692307692,1866.6666666666667,0.49836673429575146,0.1996260440508416
36.92307692307692,1866.6666666666667,0.49836673429575146,0.1996260440508416
40.0,1866.6666666666667,0.49836673429575146,0.1996260440508416
35.38461538461539,1866.6666666666667,0.49836673429575146,0.1996260440508416
36.15384615384615,1866.6666666666667,0.49836673429575146,0.1996260440508416
46.15384615384615,1866.6666666666667,0.49836673429575146,0.1996260440508416
53.84615384615385,1866.6666666666667,0.49836673429575146,0.1996260440508416
30.0,1866.6666666666667,0.49836673429575146,0.1996260440508416
50.0,1866.6666666666667,0.49836673429575146,0.1996260440508416
58.46153846153847,1866.6666666666667,0.49836673429575146,0.1996260440508416
51.53846153846154,1866.6666666666667,0.49836673429575146,0.1996260440508416
34.61538461538461,1866.6666666666667,0.49836673429575146,0.1996260440508416
56.92307692307692,1866.6666666666667,0.49836673429575146,0.1996260440508416
45.38461538461539,1866.6666666666667,0.49836673429575146,0.1996260440508416
43.07692307692308,1866.6666666666667,0.49836673429575146,0.1996260440508416
52.30769230769231,1866.6666666666667,0.49836673429575146,0.1996260440508416
56.15384615384616,1866.6666666666667,0.49836673429575146,0.1996260440508416
54.61538461538461,1866.6666666666667,0.49836673429575146,0.1996260440508416
40.769230769230774,1866.6666666666667,0.49836673429575146,0.1996260440508416
47.69230769230769,1866.6666666666667,0.49836673429575146,0.1996260440508416
41.53846153846154,1866.6666666666667,0.49836673429575146,0.1996260440508416
59.23076923076923,1866.6666666666667,0.49836673429575146,0.1996260440508416
48.46153846153847,1866.6666666666667,0.49836673429575146,0.1996260440508416
32.30769230769231,1866.6666666666667,0.49836673429575146,0.1996260440508416
33.07692307692308,1866.6666666666667,0.49836673429575146,0.1996260440508416
42.30769230769231,1866.6666666666667,0.49836673429575146,0.1996260440508416
39.23076923076923,1866.6666666666667,0.49836673429575146,0.1996260440508416
57.69230769230769,1866.6666666666667,0.49836673429575146,0.1996260440508416
50.769230769230774,1866.6666666666667,0.49836673429575146,0.1996260440508416
31.53846153846154,1866.6666666666667,0.49836673429575146,0.1996260440508416
38.46153846153846,1866.6666666666667,0.49836673429575146,0.1996260440508416
49.23076923076923,1866.6666666666667,0.49836673429575146,0.1996260440508416
43.84615384615385,1866.6666666666667,0.49836673429575146,0.1996260440508416
53.07692307692308,1866.6666666666667,0.49836673429575146,0.1996260440508416
30.76923076923077,1866.6666666666667,0.49836673429575146,0.1996260440508416
60.0,1866.6666666666667,0.49836673429575146,0.1996260440508416
30.76923076923077,1876.923076923077,0.4985614238855721,0.20066078042974056
32.30769230769231,1876.923076923077,0.4985614238855721,0.20066078042974056
33.07692307692308,1876.923076923077,0.4985614238855721,0.20066078042974056
49.23076923076923,1876.923076923077,0.4985614238855721,0.20066078042974056
54.61538461538461,1876.923076923077,0.4985614238855721,0.20066078042974056
40.0,1876.923076923077,0.4985614238855721,0.20066078042974056
38.46153846153846,1876.923076923077,0.4985614238855721,0.20066078042974056
39.23076923076923,1876.923076923077,0.4985614238855721,0.20066078042974056
48.46153846153847,1876.923076923077,0.4985614238855721,0.20066078042974056
41.53846153846154,1876.923076923077,0.4985614238855721,0.20066078042974056
56.15384615384616,1876.923076923077,0.4985614238855721,0.20066078042974056
37.69230769230769,1876.923076923077,0.4985614238855721,0.20066078042974056
40.769230769230774,1876.923076923077,0.4985614238855721,0.20066078042974056
57.69230769230769,1876.923076923077,0.4985614238855721,0.20066078042974056
55.38461538461539,1876.923076923077,0.4985614238855721,0.20066078042974056
35.38461538461539,1876.923076923077,0.4985614238855721,0.20066078042974056
43.84615384615385,1876.923076923077,0.4985614238855721,0.20066078042974056
53.07692307692308,1876.923076923077,0.4985614238855721,0.20066078042974056
46.92307692307692,1876.923076923077,0.4985614238855721,0.20066078042974056
33.84615384615385,1876.923076923077,0.4985614238855721,0.20066078042974056
44.61538461538461,1876.923076923077,0.4985614238855721,0.20066078042974056
34.61538461538461,1876.923076923077,0.4985614238855721,0.20066078042974056
56.92307692307692,1876.923076923077,0.4985614238855721,0.20066078042974056
43.07692307692308,1876.923076923077,0.4985614238855721,0.20066078042974056
42.30769230769231,1876.923076923077,0.4985614238855721,0.20066078042974056
59.23076923076923,1876.923076923077,0.4985614238855721,0.20066078042974056
36.92307692307692,1876.923076923077,0.4985614238855721,0.20066078042974056
36.15384615384615,1876.923076923077,0.4985614238855721,0.20066078042974056
47.69230769230769,1876.923076923077,0.4985614238855721,0.20066078042974056
51.53846153846154,1876.923076923077,0.4985614238855721,0.20066078042974056
58.46153846153847,1876.923076923077,0.4985614238855721,0.20066078042974056
53.84615384615385,1876.923076923077,0.4985614238855721,0.20066078042974056
50.769230769230774,1876.923076923077,0.4985614238855721,0.20066078042974056
60.0,1876.923076923077,0.4985614238855721,0.20066078042974056
31.53846153846154,1876.923076923077,0.4985614238855721,0.20066078042974056
30.0,1876.923076923077,0.4985614238855721,0.20066078042974056
52.30769230769231,1876.923076923077,0.4985614238855721,0.20066078042974056
50.0,1876.923076923077,0.4985614238855721,0.20066078042974056
46.15384615384615,1876.923076923077,0.4985614238855721,0.20066078042974056
45.38461538461539,1876.923076923077,0.4985614238855721,0.20066078042974056
53.84615384615385,1887.1794871794873,0.4987501676004658,0.20169723027391515
56.15384615384616,1887.1794871794873,0.4987501676004658,0.20169723027391515
41.53846153846154,1887.1794871794873,0.4987501676004658,0.20169723027391515
37.69230769230769,1887.1794871794873,0.4987501676004658,0.20169723027391515
40.769230769230774,1887.1794871794873,0.4987501676004658,0.20169723027391515
54.61538461538461,1887.1794871794873,0.4987501676004658,0.20169723027391515
57.69230769230769,1887.1794871794873,0.4987501676004658,0.20169723027391515
48.46153846153847,1887.1794871794873,0.4987501676004658,0.20169723027391515
33.07692307692308,1887.1794871794873,0.4987501676004658,0.20169723027391515
43.07692307692308,1887.1794871794873,0.4987501676004658,0.20169723027391515
59.23076923076923,1887.1794871794873,0.4987501676004658,0.20169723027391515
36.15384615384615,1887.1794871794873,0.4987501676004658,0.20169723027391515
47.69230769230769,1887.1794871794873,0.4987501676004658,0.20169723027391515
58.46153846153847,1887.1794871794873,0.4987501676004658,0.20169723027391515
51.53846153846154,1887.1794871794873,0.4987501676004658,0.20169723027391515
42.30769230769231,1887.1794871794873,0.4987501676004658,0.20169723027391515
36.92307692307692,1887.1794871794873,0.4987501676004658,0.20169723027391515
49.23076923076923,1887.1794871794873,0.4987501676004658,0.20169723027391515
30.76923076923077,1887.1794871794873,0.4987501676004658,0.20169723027391515
32.30769230769231,1887.1794871794873,0.4987501676004658,0.20169723027391515
38.46153846153846,1887.1794871794873,0.4987501676004658,0.20169723027391515
39.23076923076923,1887.1794871794873,0.4987501676004658,0.20169723027391515
40.0,1887.1794871794873,0.4987501676004658,0.20169723027391515
55.38461538461539,1887.1794871794873,0.4987501676004658,0.20169723027391515
34.61538461538461,1887.1794871794873,0.4987501676004658,0.20169723027391515
44.61538461538461,1887.1794871794873,0.4987501676004658,0.20169723027391515
35.38461538461539,1887.1794871794873,0.4987501676004658,0.20169723027391515
56.92307692307692,1887.1794871794873,0.4987501676004658,0.20169723027391515
53.07692307692308,1887.1794871794873,0.4987501676004658,0.20169723027391515
43.84615384615385,1887.1794871794873,0.4987501676004658,0.20169723027391515
33.84615384615385,1887.1794871794873,0.4987501676004658,0.20169723027391515
46.92307692307692,1887.1794871794873,0.4987501676004658,0.20169723027391515
50.0,1887.1794871794873,0.4987501676004658,0.20169723027391515
52.30769230769231,1887.1794871794873,0.4987501676004658,0.20169723027391515
45.38461538461539,1887.1794871794873,0.4987501676004658,0.20169723027391515
46.15384615384615,1887.1794871794873,0.4987501676004658,0.20169723027391515
60.0,1887.1794871794873,0.4987501676004658,0.20169723027391515
50.769230769230774,1887.1794871794873,0.4987501676004658,0.20169723027391515
30.0,1887.1794871794873,0.4987501676004658,0.20169723027391515
31.53846153846154,1887.1794871794873,0.4987501676004658,0.20169723027391515
31.53846153846154,1897.4358974358975,0.4989333290737984,0.20273526927765353
30.0,1897.4358974358975,0.4989333290737984,0.20273526927765353
60.0,1897.4358974358975,0.4989333290737984,0.20273526927765353
50.769230769230774,1897.4358974358975,0.4989333290737984,0.20273526927765353
52.30769230769231,1897.4358974358975,0.4989333290737984,0.20273526927765353
46.15384615384615,1897.4358974358975,0.4989333290737984,0.20273526927765353
50.0,1897.4358974358975,0.4989333290737984,0.20273526927765353
45.38461538461539,1897.4358974358975,0.4989333290737984,0.20273526927765353
56.92307692307692,1897.4358974358975,0.4989333290737984,0.20273526927765353
34.61538461538461,1897.4358974358975,0.4989333290737984,0.20273526927765353
46.92307692307692,1897.4358974358975,0.4989333290737984,0.20273526927765353
35.38461538461539,1897.4358974358975,0.4989333290737984,0.20273526927765353
44.61538461538461,1897.4358974358975,0.4989333290737984,0.20273526927765353
53.07692307692308,1897.4358974358975,0.4989333290737984,0.20273526927765353
43.84615384615385,1897.4358974358975,0.4989333290737984,0.20273526927765353
33.84615384615385,1897.4358974358975,0.4989333290737984,0.20273526927765353
59.23076923076923,1897.4358974358975,0.4989333290737984,0.20273526927765353
42.30769230769231,1897.4358974358975,0.4989333290737984,0.20273526927765353
47.69230769230769,1897.4358974358975,0.4989333290737984,0.20273526927765353
51.53846153846154,1897.4358974358975,0.4989333290737984,0.20273526927765353
53.84615384615385,1897.4358974358975,0.4989333290737984,0.20273526927765353
56.15384615384616,1897.4358974358975,0.4989333290737984,0.20273526927765353
37.69230769230769,1897.4358974358975,0.4989333290737984,0.20273526927765353
58.46153846153847,1897.4358974358975,0.4989333290737984,0.20273526927765353
43.07692307692308,1897.4358974358975,0.4989333290737984,0.20273526927765353
36.15384615384615,1897.4358974358975,0.4989333290737984,0.20273526927765353
36.92307692307692,1897.4358974358975,0.4989333290737984,0.20273526927765353
40.769230769230774,1897.4358974358975,0.4989333290737984,0.20273526927765353
57.69230769230769,1897.4358974358975,0.4989333290737984,0.20273526927765353
54.61538461538461,1897.4358974358975,0.4989333290737984,0.20273526927765353
48.46153846153847,1897.4358974358975,0.4989333290737984,0.20273526927765353
41.53846153846154,1897.4358974358975,0.4989333290737984,0.20273526927765353
55.38461538461539,1897.4358974358975,0.4989333290737984,0.20273526927765353
40.0,1897.4358974358975,0.4989333290737984,0.20273526927765353
32.30769230769231,1897.4358974358975,0.4989333290737984,0.20273526927765353
30.76923076923077,1897.4358974358975,0.4989333290737984,0.20273526927765353
33.07692307692308,1897.4358974358975,0.4989333290737984,0.20273526927765353
49.23076923076923,1897.4358974358975,0.4989333290737984,0.20273526927765353
38.46153846153846,1897.4358974358975,0.4989333290737984,0.20273526927765353
39.23076923076923,1897.4358974358975,0.4989333290737984,0.20273526927765353
33.84615384615385,1907.6923076923076,0.4991110776794916,0.20377486022007066
53.07692307692308,1907.6923076923076,0.4991110776794916,0.20377486022007066
58.46153846153847,1907.6923076923076,0.4991110776794916,0.20377486022007066
56.15384615384616,1907.6923076923076,0.4991110776794916,0.20377486022007066
42.30769230769231,1907.6923076923076,0.4991110776794916,0.20377486022007066
47.69230769230769,1907.6923076923076,0.4991110776794916,0.20377486022007066
59.23076923076923,1907.6923076923076,0.4991110776794916,0.20377486022007066
36.15384615384615,1907.6923076923076,0.4991110776794916,0.20377486022007066
50.0,1907.6923076923076,0.4991110776794916,0.20377486022007066
31.53846153846154,1907.6923076923076,0.4991110776794916,0.20377486022007066
43.84615384615385,1907.6923076923076,0.4991110776794916,0.20377486022007066
52.30769230769231,1907.6923076923076,0.4991110776794916,0.20377486022007066
46.92307692307692,1907.6923076923076,0.4991110776794916,0.20377486022007066
56.92307692307692,1907.6923076923076,0.4991110776794916,0.20377486022007066
43.07692307692308,1907.6923076923076,0.4991110776794916,0.20377486022007066
53.84615384615385,1907.6923076923076,0.4991110776794916,0.20377486022007066
51.53846153846154,1907.6923076923076,0.4991110776794916,0.20377486022007066
37.69230769230769,1907.6923076923076,0.4991110776794916,0.20377486022007066
46.15384615384615,1907.6923076923076,0.4991110776794916,0.20377486022007066
34.61538461538461,1907.6923076923076,0.4991110776794916,0.20377486022007066
45.38461538461539,1907.6923076923076,0.4991110776794916,0.20377486022007066
50.769230769230774,1907.6923076923076,0.4991110776794916,0.20377486022007066
32.30769230769231,1907.6923076923076,0.4991110776794916,0.20377486022007066
30.0,1907.6923076923076,0.4991110776794916,0.20377486022007066
54.61538461538461,1907.6923076923076,0.4991110776794916,0.20377486022007066
57.69230769230769,1907.6923076923076,0.4991110776794916,0.20377486022007066
60.0,1907.6923076923076,0.4991110776794916,0.20377486022007066
35.38461538461539,1907.6923076923076,0.4991110776794916,0.20377486022007066
44.61538461538461,1907.6923076923076,0.4991110776794916,0.20377486022007066
41.53846153846154,1907.6923076923076,0.4991110776794916,0.20377486022007066
30.76923076923077,1907.6923076923076,0.4991110776794916,0.20377486022007066
48.46153846153847,1907.6923076923076,0.4991110776794916,0.20377486022007066
55.38461538461539,1907.6923076923076,0.4991110776794916,0.20377486022007066
38.46153846153846,1907.6923076923076,0.4991110776794916,0.20377486022007066
33.07692307692308,1907.6923076923076,0.4991110776794916,0.20377486022007066
49.23076923076923,1907.6923076923076,0.4991110776794916,0.20377486022007066
40.769230769230774,1907.6923076923076,0.4991110776794916,0.20377486022007066
36.92307692307692,1907.6923076923076,0.4991110776794916,0.20377486022007066
40.0,1907.6923076923076,0.4991110776794916,0.20377486022007066
39.23076923076923,1907.6923076923076,0.4991110776794916,0.20377486022007066
47.69230769230769,1917.948717948718,0.4992835765741939,0.2048159671947306
56.15384615384616,1917.948717948718,0.4992835765741939,0.2048159671947306
37.69230769230769,1917.948717948718,0.4992835765741939,0.2048159671947306
58.46153846153847,1917.948717948718,0.4992835765741939,0.2048159671947306
42.30769230769231,1917.948717948718,0.4992835765741939,0.2048159671947306
56.92307692307692,1917.948717948718,0.4992835765741939,0.2048159671947306
45.38461538461539,1917.948717948718,0.4992835765741939,0.2048159671947306
30.0,1917.948717948718,0.4992835765741939,0.2048159671947306
46.92307692307692,1917.948717948718,0.4992835765741939,0.2048159671947306
41.53846153846154,1917.948717948718,0.4992835765741939,0.2048159671947306
48.46153846153847,1917.948717948718,0.4992835765741939,0.2048159671947306
30.76923076923077,1917.948717948718,0.4992835765741939,0.2048159671947306
36.92307692307692,1917.948717948718,0.4992835765741939,0.2048159671947306
40.0,1917.948717948718,0.4992835765741939,0.2048159671947306
39.23076923076923,1917.948717948718,0.4992835765741939,0.2048159671947306
49.23076923076923,1917.948717948718,0.4992835765741939,0.2048159671947306
38.46153846153846,1917.948717948718,0.4992835765741939,0.2048159671947306
55.38461538461539,1917.948717948718,0.4992835765741939,0.2048159671947306
54.61538461538461,1917.948717948718,0.4992835765741939,0.2048159671947306
40.769230769230774,1917.948717948718,0.4992835765741939,0.2048159671947306
57.69230769230769,1917.948717948718,0.4992835765741939,0.2048159671947306
59.23076923076923,1917.948717948718,0.4992835765741939,0.2048159671947306
51.53846153846154,1917.948717948718,0.4992835765741939,0.2048159671947306
31.53846153846154,1917.948717948718,0.4992835765741939,0.2048159671947306
46.15384615384615,1917.948717948718,0.4992835765741939,0.2048159671947306
35.38461538461539,1917.948717948718,0.4992835765741939,0.2048159671947306
43.07692307692308,1917.948717948718,0.4992835765741939,0.2048159671947306
53.84615384615385,1917.948717948718,0.4992835765741939,0.2048159671947306
43.84615384615385,1917.948717948718,0.4992835765741939,0.2048159671947306
36.15384615384615,1917.948717948718,0.4992835765741939,0.2048159671947306
53.07692307692308,1917.948717948718,0.4992835765741939,0.2048159671947306
33.84615384615385,1917.948717948718,0.4992835765741939,0.2048159671947306
50.0,1917.948717948718,0.4992835765741939,0.2048159671947306
33.07692307692308,1917.948717948718,0.4992835765741939,0.2048159671947306
44.61538461538461,1917.948717948718,0.4992835765741939,0.2048159671947306
60.0,1917.948717948718,0.4992835765741939,0.2048159671947306
52.30769230769231,1917.948717948718,0.4992835765741939,0.2048159671947306
34.61538461538461,1917.948717948718,0.4992835765741939,0.2048159671947306
50.769230769230774,1917.948717948718,0.4992835765741939,0.2048159671947306
32.30769230769231,1917.948717948718,0.4992835765741939,0.2048159671947306
43.07692307692308,1928.2051282051282,0.4994507299542187,0.20585867457383722
52.30769230769231,1928.2051282051282,0.4994507299542187,0.20585867457383722
34.61538461538461,1928.2051282051282,0.4994507299542187,0.20585867457383722
30.76923076923077,1928.2051282051282,0.4994507299542187,0.20585867457383722
33.07692307692308,1928.2051282051282,0.4994507299542187,0.20585867457383722
32.30769230769231,1928.2051282051282,0.4994507299542187,0.20585867457383722
50.0,1928.2051282051282,0.4994507299542187,0.20585867457383722
33.84615384615385,1928.2051282051282,0.4994507299542187,0.20585867457383722
46.92307692307692,1928.2051282051282,0.4994507299542187,0.20585867457383722
56.92307692307692,1928.2051282051282,0.4994507299542187,0.20585867457383722
46.15384615384615,1928.2051282051282,0.4994507299542187,0.20585867457383722
45.38461538461539,1928.2051282051282,0.4994507299542187,0.20585867457383722
35.38461538461539,1928.2051282051282,0.4994507299542187,0.20585867457383722
44.61538461538461,1928.2051282051282,0.4994507299542187,0.20585867457383722
43.84615384615385,1928.2051282051282,0.4994507299542187,0.20585867457383722
49.23076923076923,1928.2051282051282,0.4994507299542187,0.20585867457383722
50.769230769230774,1928.2051282051282,0.4994507299542187,0.20585867457383722
41.53846153846154,1928.2051282051282,0.4994507299542187,0.20585867457383722
40.769230769230774,1928.2051282051282,0.4994507299542187,0.20585867457383722
48.46153846153847,1928.2051282051282,0.4994507299542187,0.20585867457383722
31.53846153846154,1928.2051282051282,0.4994507299542187,0.20585867457383722
39.23076923076923,1928.2051282051282,0.4994507299542187,0.20585867457383722
38.46153846153846,1928.2051282051282,0.4994507299542187,0.20585867457383722
55.38461538461539,1928.2051282051282,0.4994507299542187,0.20585867457383722
40.0,1928.2051282051282,0.4994507299542187,0.20585867457383722
60.0,1928.2051282051282,0.4994507299542187,0.20585867457383722
54.61538461538461,1928.2051282051282,0.4994507299542187,0.20585867457383722
30.0,1928.2051282051282,0.4994507299542187,0.20585867457383722
57.69230769230769,1928.2051282051282,0.4994507299542187,0.20585867457383722
37.69230769230769,1928.2051282051282,0.4994507299542187,0.20585867457383722
36.92307692307692,1928.2051282051282,0.4994507299542187,0.20585867457383722
59.23076923076923,1928.2051282051282,0.4994507299542187,0.20585867457383722
51.53846153846154,1928.2051282051282,0.4994507299542187,0.20585867457383722
53.84615384615385,1928.2051282051282,0.4994507299542187,0.20585867457383722
42.30769230769231,1928.2051282051282,0.4994507299542187,0.20585867457383722
36.15384615384615,1928.2051282051282,0.4994507299542187,0.20585867457383722
53.07692307692308,1928.2051282051282,0.4994507299542187,0.20585867457383722
58.46153846153847,1928.2051282051282,0.4994507299542187,0.20585867457383722
56.15384615384616,1928.2051282051282,0.4994507299542187,0.20585867457383722
47.69230769230769,1928.2051282051282,0.4994507299542187,0.20585867457383722
47.69230769230769,1938.4615384615386,0.49961313408403735,0.20690274042993165
58.46153846153847,1938.4615384615386,0.49961313408403735,0.20690274042993165
33.84615384615385,1938.4615384615386,0.49961313408403735,0.20690274042993165
51.53846153846154,1938.4615384615386,0.49961313408403735,0.20690274042993165
53.84615384615385,1938.4615384615386,0.49961313408403735,0.20690274042993165
42.30769230769231,1938.4615384615386,0.49961313408403735,0.20690274042993165
36.15384615384615,1938.4615384615386,0.49961313408403735,0.20690274042993165
56.15384615384616,1938.4615384615386,0.49961313408403735,0.20690274042993165
43.84615384615385,1938.4615384615386,0.49961313408403735,0.20690274042993165
53.07692307692308,1938.4615384615386,0.49961313408403735,0.20690274042993165
33.07692307692308,1938.4615384615386,0.49961313408403735,0.20690274042993165
59.23076923076923,1938.4615384615386,0.49961313408403735,0.20690274042993165
43.07692307692308,1938.4615384615386,0.49961313408403735,0.20690274042993165
56.92307692307692,1938.4615384615386,0.49961313408403735,0.20690274042993165
46.15384615384615,1938.4615384615386,0.49961313408403735,0.20690274042993165
46.92307692307692,1938.4615384615386,0.49961313408403735,0.20690274042993165
52.30769230769231,1938.4615384615386,0.49961313408403735,0.20690274042993165
34.61538461538461,1938.4615384615386,0.49961313408403735,0.20690274042993165
35.38461538461539,1938.4615384615386,0.49961313408403735,0.20690274042993165
44.61538461538461,1938.4615384615386,0.49961313408403735,0.20690274042993165
45.38461538461539,1938.4615384615386,0.49961313408403735,0.20690274042993165
32.30769230769231,1938.4615384615386,0.49961313408403735,0.20690274042993165
30.76923076923077,1938.4615384615386,0.49961313408403735,0.20690274042993165
54.61538461538461,1938.4615384615386,0.49961313408403735,0.20690274042993165
60.0,1938.4615384615386,0.49961313408403735,0.20690274042993165
40.0,1938.4615384615386,0.49961313408403735,0.20690274042993165
36.92307692307692,1938.4615384615386,0.49961313408403735,0.20690274042993165
57.69230769230769,1938.4615384615386,0.49961313408403735,0.20690274042993165
40.769230769230774,1938.4615384615386,0.49961313408403735,0.20690274042993165
41.53846153846154,1938.4615384615386,0.49961313408403735,0.20690274042993165
48.46153846153847,1938.4615384615386,0.49961313408403735,0.20690274042993165
50.769230769230774,1938.4615384615386,0.49961313408403735,0.20690274042993165
49.23076923076923,1938.4615384615386,0.49961313408403735,0.20690274042993165
37.69230769230769,1938.4615384615386,0.49961313408403735,0.20690274042993165
38.46153846153846,1938.4615384615386,0.49961313408403735,0.20690274042993165
55.38461538461539,1938.4615384615386,0.49961313408403735,0.20690274042993165
39.23076923076923,1938.4615384615386,0.49961313408403735,0.20690274042993165
31.53846153846154,1938.4615384615386,0.49961313408403735,0.20690274042993165
50.0,1938.4615384615386,0.49961313408403735,0.20690274042993165
30.0,1938.4615384615386,0.49961313408403735,0.20690274042993165
30.76923076923077,1948.7179487179487,0.4997707299874835,0.20794822853774736
60.0,1948.7179487179487,0.4997707299874835,0.20794822853774736
37.69230769230769,1948.7179487179487,0.4997707299874835,0.20794822853774736
38.46153846153846,1948.7179487179487,0.4997707299874835,0.20794822853774736
40.0,1948.7179487179487,0.4997707299874835,0.20794822853774736
54.61538461538461,1948.7179487179487,0.4997707299874835,0.20794822853774736
39.23076923076923,1948.7179487179487,0.4997707299874835,0.20794822853774736
55.38461538461539,1948.7179487179487,0.4997707299874835,0.20794822853774736
56.15384615384616,1948.7179487179487,0.4997707299874835,0.20794822853774736
59.23076923076923,1948.7179487179487,0.4997707299874835,0.20794822853774736
42.30769230769231,1948.7179487179487,0.4997707299874835,0.20794822853774736
53.84615384615385,1948.7179487179487,0.4997707299874835,0.20794822853774736
41.53846153846154,1948.7179487179487,0.4997707299874835,0.20794822853774736
58.46153846153847,1948.7179487179487,0.4997707299874835,0.20794822853774736
40.769230769230774,1948.7179487179487,0.4997707299874835,0.20794822853774736
36.92307692307692,1948.7179487179487,0.4997707299874835,0.20794822853774736
33.84615384615385,1948.7179487179487,0.4997707299874835,0.20794822853774736
34.61538461538461,1948.7179487179487,0.4997707299874835,0.20794822853774736
46.15384615384615,1948.7179487179487,0.4997707299874835,0.20794822853774736
52.30769230769231,1948.7179487179487,0.4997707299874835,0.20794822853774736
46.92307692307692,1948.7179487179487,0.4997707299874835,0.20794822853774736
47.69230769230769,1948.7179487179487,0.4997707299874835,0.20794822853774736
56.92307692307692,1948.7179487179487,0.4997707299874835,0.20794822853774736
33.07692307692308,1948.7179487179487,0.4997707299874835,0.20794822853774736
51.53846153846154,1948.7179487179487,0.4997707299874835,0.20794822853774736
35.38461538461539,1948.7179487179487,0.4997707299874835,0.20794822853774736
45.38461538461539,1948.7179487179487,0.4997707299874835,0.20794822853774736
44.61538461538461,1948.7179487179487,0.4997707299874835,0.20794822853774736
53.07692307692308,1948.7179487179487,0.4997707299874835,0.20794822853774736
43.84615384615385,1948.7179487179487,0.4997707299874835,0.20794822853774736
36.15384615384615,1948.7179487179487,0.4997707299874835,0.20794822853774736
43.07692307692308,1948.7179487179487,0.4997707299874835,0.20794822853774736
32.30769230769231,1948.7179487179487,0.4997707299874835,0.20794822853774736
50.0,1948.7179487179487,0.4997707299874835,0.20794822853774736
30.0,1948.7179487179487,0.4997707299874835,0.20794822853774736
31.53846153846154,1948.7179487179487,0.4997707299874835,0.20794822853774736
48.46153846153847,1948.7179487179487,0.4997707299874835,0.20794822853774736
49.23076923076923,1948.7179487179487,0.4997707299874835,0.20794822853774736
57.69230769230769,1948.7179487179487,0.4997707299874835,0.20794822853774736
50.769230769230774,1948.7179487179487,0.4997707299874835,0.20794822853774736
56.92307692307692,1958.974358974359,0.49992365620175394,0.20899510890147557
33.07692307692308,1958.974358974359,0.49992365620175394,0.20899510890147557
35.38461538461539,1958.974358974359,0.49992365620175394,0.20899510890147557
36.15384615384615,1958.974358974359,0.49992365620175394,0.20899510890147557
44.61538461538461,1958.974358974359,0.49992365620175394,0.20899510890147557
45.38461538461539,1958.974358974359,0.49992365620175394,0.20899510890147557
53.07692307692308,1958.974358974359,0.49992365620175394,0.20899510890147557
43.84615384615385,1958.974358974359,0.49992365620175394,0.20899510890147557
36.92307692307692,1958.974358974359,0.49992365620175394,0.20899510890147557
40.769230769230774,1958.974358974359,0.49992365620175394,0.20899510890147557
58.46153846153847,1958.974358974359,0.49992365620175394,0.20899510890147557
41.53846153846154,1958.974358974359,0.49992365620175394,0.20899510890147557
53.84615384615385,1958.974358974359,0.49992365620175394,0.20899510890147557
42.30769230769231,1958.974358974359,0.49992365620175394,0.20899510890147557
59.23076923076923,1958.974358974359,0.49992365620175394,0.20899510890147557
56.15384615384616,1958.974358974359,0.49992365620175394,0.20899510890147557
43.07692307692308,1958.974358974359,0.49992365620175394,0.20899510890147557
46.92307692307692,1958.974358974359,0.49992365620175394,0.20899510890147557
47.69230769230769,1958.974358974359,0.49992365620175394,0.20899510890147557
51.53846153846154,1958.974358974359,0.49992365620175394,0.20899510890147557
46.15384615384615,1958.974358974359,0.49992365620175394,0.20899510890147557
52.30769230769231,1958.974358974359,0.49992365620175394,0.20899510890147557
34.61538461538461,1958.974358974359,0.49992365620175394,0.20899510890147557
33.84615384615385,1958.974358974359,0.49992365620175394,0.20899510890147557
50.769230769230774,1958.974358974359,0.49992365620175394,0.20899510890147557
57.69230769230769,1958.974358974359,0.49992365620175394,0.20899510890147557
48.46153846153847,1958.974358974359,0.49992365620175394,0.20899510890147557
31.53846153846154,1958.974358974359,0.49992365620175394,0.20899510890147557
50.0,1958.974358974359,0.49992365620175394,0.20899510890147557
30.0,1958.974358974359,0.49992365620175394,0.20899510890147557
32.30769230769231,1958.974358974359,0.49992365620175394,0.20899510890147557
49.23076923076923,1958.974358974359,0.49992365620175394,0.20899510890147557
55.38461538461539,1958.974358974359,0.49992365620175394,0.20899510890147557
39.23076923076923,1958.974358974359,0.49992365620175394,0.20899510890147557
54.61538461538461,1958.974358974359,0.49992365620175394,0.20899510890147557
40.0,1958.974358974359,0.49992365620175394,0.20899510890147557
38.46153846153846,1958.974358974359,0.49992365620175394,0.20899510890147557
37.69230769230769,1958.974358974359,0.49992365620175394,0.20899510890147557
30.76923076923077,1958.974358974359,0.49992365620175394,0.20899510890147557
60.0,1958.974358974359,0.49992365620175394,0.20899510890147557
43.07692307692308,1969.2307692307693,0.5000722824157873,0.21004323928655455
53.07692307692308,1969.2307692307693,0.5000722824157873,0.21004323928655455
47.69230769230769,1969.2307692307693,0.5000722824157873,0.21004323928655455
51.53846153846154,1969.2307692307693,0.5000722824157873,0.21004323928655455
34.61538461538461,1969.2307692307693,0.5000722824157873,0.21004323928655455
33.84615384615385,1969.2307692307693,0.5000722824157873,0.21004323928655455
46.92307692307692,1969.2307692307693,0.5000722824157873,0.21004323928655455
46.15384615384615,1969.2307692307693,0.5000722824157873,0.21004323928655455
33.07692307692308,1969.2307692307693,0.5000722824157873,0.21004323928655455
52.30769230769231,1969.2307692307693,0.5000722824157873,0.21004323928655455
35.38461538461539,1969.2307692307693,0.5000722824157873,0.21004323928655455
36.15384615384615,1969.2307692307693,0.5000722824157873,0.21004323928655455
43.84615384615385,1969.2307692307693,0.5000722824157873,0.21004323928655455
44.61538461538461,1969.2307692307693,0.5000722824157873,0.21004323928655455
45.38461538461539,1969.2307692307693,0.5000722824157873,0.21004323928655455
30.76923076923077,1969.2307692307693,0.5000722824157873,0.21004323928655455
58.46153846153847,1969.2307692307693,0.5000722824157873,0.21004323928655455
40.0,1969.2307692307693,0.5000722824157873,0.21004323928655455
37.69230769230769,1969.2307692307693,0.5000722824157873,0.21004323928655455
39.23076923076923,1969.2307692307693,0.5000722824157873,0.21004323928655455
38.46153846153846,1969.2307692307693,0.5000722824157873,0.21004323928655455
50.0,1969.2307692307693,0.5000722824157873,0.21004323928655455
54.61538461538461,1969.2307692307693,0.5000722824157873,0.21004323928655455
60.0,1969.2307692307693,0.5000722824157873,0.21004323928655455
49.23076923076923,1969.2307692307693,0.5000722824157873,0.21004323928655455
48.46153846153847,1969.2307692307693,0.5000722824157873,0.21004323928655455
57.69230769230769,1969.2307692307693,0.5000722824157873,0.21004323928655455
50.769230769230774,1969.2307692307693,0.5000722824157873,0.21004323928655455
30.0,1969.2307692307693,0.5000722824157873,0.21004323928655455
32.30769230769231,1969.2307692307693,0.5000722824157873,0.21004323928655455
31.53846153846154,1969.2307692307693,0.5000722824157873,0.21004323928655455
56.92307692307692,1969.2307692307693,0.5000722824157873,0.21004323928655455
59.23076923076923,1969.2307692307693,0.5000722824157873,0.21004323928655455
41.53846153846154,1969.2307692307693,0.5000722824157873,0.21004323928655455
36.92307692307692,1969.2307692307693,0.5000722824157873,0.21004323928655455
40.769230769230774,1969.2307692307693,0.5000722824157873,0.21004323928655455
53.84615384615385,1969.2307692307693,0.5000722824157873,0.21004323928655455
56.15384615384616,1969.2307692307693,0.5000722824157873,0.21004323928655455
42.30769230769231,1969.2307692307693,0.5000722824157873,0.21004323928655455
55.38461538461539,1969.2307692307693,0.5000722824157873,0.21004323928655455
42.30769230769231,1979.4871794871794,0.5002163224564706,0.21109279021067245
53.84615384615385,1979.4871794871794,0.5002163224564706,0.21109279021067245
56.15384615384616,1979.4871794871794,0.5002163224564706,0.21109279021067245
59.23076923076923,1979.4871794871794,0.5002163224564706,0.21109279021067245
40.769230769230774,1979.4871794871794,0.5002163224564706,0.21109279021067245
36.92307692307692,1979.4871794871794,0.5002163224564706,0.21109279021067245
41.53846153846154,1979.4871794871794,0.5002163224564706,0.21109279021067245
30.76923076923077,1979.4871794871794,0.5002163224564706,0.21109279021067245
47.69230769230769,1979.4871794871794,0.5002163224564706,0.21109279021067245
51.53846153846154,1979.4871794871794,0.5002163224564706,0.21109279021067245
46.92307692307692,1979.4871794871794,0.5002163224564706,0.21109279021067245
33.07692307692308,1979.4871794871794,0.5002163224564706,0.21109279021067245
45.38461538461539,1979.4871794871794,0.5002163224564706,0.21109279021067245
33.84615384615385,1979.4871794871794,0.5002163224564706,0.21109279021067245
46.15384615384615,1979.4871794871794,0.5002163224564706,0.21109279021067245
36.15384615384615,1979.4871794871794,0.5002163224564706,0.21109279021067245
53.07692307692308,1979.4871794871794,0.5002163224564706,0.21109279021067245
43.07692307692308,1979.4871794871794,0.5002163224564706,0.21109279021067245
35.38461538461539,1979.4871794871794,0.5002163224564706,0.21109279021067245
43.84615384615385,1979.4871794871794,0.5002163224564706,0.21109279021067245
52.30769230769231,1979.4871794871794,0.5002163224564706,0.21109279021067245
34.61538461538461,1979.4871794871794,0.5002163224564706,0.21109279021067245
44.61538461538461,1979.4871794871794,0.5002163224564706,0.21109279021067245
56.92307692307692,1979.4871794871794,0.5002163224564706,0.21109279021067245
40.0,1979.4871794871794,0.5002163224564706,0.21109279021067245
39.23076923076923,1979.4871794871794,0.5002163224564706,0.21109279021067245
37.69230769230769,1979.4871794871794,0.5002163224564706,0.21109279021067245
55.38461538461539,1979.4871794871794,0.5002163224564706,0.21109279021067245
30.0,1979.4871794871794,0.5002163224564706,0.21109279021067245
50.0,1979.4871794871794,0.5002163224564706,0.21109279021067245
38.46153846153846,1979.4871794871794,0.5002163224564706,0.21109279021067245
54.61538461538461,1979.4871794871794,0.5002163224564706,0.21109279021067245
58.46153846153847,1979.4871794871794,0.5002163224564706,0.21109279021067245
50.769230769230774,1979.4871794871794,0.5002163224564706,0.21109279021067245
32.30769230769231,1979.4871794871794,0.5002163224564706,0.21109279021067245
57.69230769230769,1979.4871794871794,0.5002163224564706,0.21109279021067245
48.46153846153847,1979.4871794871794,0.5002163224564706,0.21109279021067245
31.53846153846154,1979.4871794871794,0.5002163224564706,0.21109279021067245
49.23076923076923,1979.4871794871794,0.5002163224564706,0.21109279021067245
60.0,1979.4871794871794,0.5002163224564706,0.21109279021067245
60.0,1989.7435897435898,0.5003560911070326,0.21214364367515937
57.69230769230769,1989.7435897435898,0.5003560911070326,0.21214364367515937
56.15384615384616,1989.7435897435898,0.5003560911070326,0.21214364367515937
56.92307692307692,1989.7435897435898,0.5003560911070326,0.21214364367515937
58.46153846153847,1989.7435897435898,0.5003560911070326,0.21214364367515937
53.84615384615385,1989.7435897435898,0.5003560911070326,0.21214364367515937
54.61538461538461,1989.7435897435898,0.5003560911070326,0.21214364367515937
55.38461538461539,1989.7435897435898,0.5003560911070326,0.21214364367515937
50.0,1989.7435897435898,0.5003560911070326,0.21214364367515937
49.23076923076923,1989.7435897435898,0.5003560911070326,0.21214364367515937
47.69230769230769,1989.7435897435898,0.5003560911070326,0.21214364367515937
48.46153846153847,1989.7435897435898,0.5003560911070326,0.21214364367515937
51.53846153846154,1989.7435897435898,0.5003560911070326,0.21214364367515937
50.769230769230774,1989.7435897435898,0.5003560911070326,0.21214364367515937
52.30769230769231,1989.7435897435898,0.5003560911070326,0.21214364367515937
53.07692307692308,1989.7435897435898,0.5003560911070326,0.21214364367515937
40.769230769230774,1989.7435897435898,0.5003560911070326,0.21214364367515937
40.0,1989.7435897435898,0.5003560911070326,0.21214364367515937
38.46153846153846,1989.7435897435898,0.5003560911070326,0.21214364367515937
39.23076923076923,1989.7435897435898,0.5003560911070326,0.21214364367515937
59.23076923076923,1989.7435897435898,0.5003560911070326,0.21214364367515937
36.15384615384615,1989.7435897435898,0.5003560911070326,0.21214364367515937
36.92307692307692,1989.7435897435898,0.5003560911070326,0.21214364367515937
37.69230769230769,1989.7435897435898,0.5003560911070326,0.21214364367515937
43.84615384615385,1989.7435897435898,0.5003560911070326,0.21214364367515937
43.07692307692308,1989.7435897435898,0.5003560911070326,0.21214364367515937
41.53846153846154,1989.7435897435898,0.5003560911070326,0.21214364367515937
42.30769230769231,1989.7435897435898,0.5003560911070326,0.21214364367515937
45.38461538461539,1989.7435897435898,0.5003560911070326,0.21214364367515937
44.61538461538461,1989.7435897435898,0.5003560911070326,0.21214364367515937
46.15384615384615,1989.7435897435898,0.5003560911070326,0.21214364367515937
46.92307692307692,1989.7435897435898,0.5003560911070326,0.21214364367515937
32.30769230769231,1989.7435897435898,0.5003560911070326,0.21214364367515937
31.53846153846154,1989.7435897435898,0.5003560911070326,0.21214364367515937
30.0,1989.7435897435898,0.5003560911070326,0.21214364367515937
30.76923076923077,1989.7435897435898,0.5003560911070326,0.21214364367515937
33.84615384615385,1989.7435897435898,0.5003560911070326,0.21214364367515937
33.07692307692308,1989.7435897435898,0.5003560911070326,0.21214364367515937
34.61538461538461,1989.7435897435898,0.5003560911070326,0.21214364367515937
35.38461538461539,1989.7435897435898,0.5003560911070326,0.21214364367515937
47.69230769230769,2000.0,0.5004917098469918,0.2131957728134739
48.46153846153847,2000.0,0.5004917098469918,0.2131957728134739
50.0,2000.0,0.5004917098469918,0.2131957728134739
49.23076923076923,2000.0,0.5004917098469918,0.2131957728134739
52.30769230769231,2000.0,0.5004917098469918,0.2131957728134739
53.07692307692308,2000.0,0.5004917098469918,0.2131957728134739
51.53846153846154,2000.0,0.5004917098469918,0.2131957728134739
50.769230769230774,2000.0,0.5004917098469918,0.2131957728134739
41.53846153846154,2000.0,0.5004917098469918,0.2131957728134739
42.30769230769231,2000.0,0.5004917098469918,0.2131957728134739
43.84615384615385,2000.0,0.5004917098469918,0.2131957728134739
43.07692307692308,2000.0,0.5004917098469918,0.2131957728134739
46.15384615384615,2000.0,0.5004917098469918,0.2131957728134739
46.92307692307692,2000.0,0.5004917098469918,0.2131957728134739
45.38461538461539,2000.0,0.5004917098469918,0.2131957728134739
44.61538461538461,2000.0,0.5004917098469918,0.2131957728134739
56.15384615384616,2000.0,0.5004917098469918,0.2131957728134739
56.92307692307692,2000.0,0.5004917098469918,0.2131957728134739
60.0,2000.0,0.5004917098469918,0.2131957728134739
57.69230769230769,2000.0,0.5004917098469918,0.2131957728134739
54.61538461538461,2000.0,0.5004917098469918,0.2131957728134739
55.38461538461539,2000.0,0.5004917098469918,0.2131957728134739
58.46153846153847,2000.0,0.5004917098469918,0.2131957728134739
53.84615384615385,2000.0,0.5004917098469918,0.2131957728134739
36.15384615384615,2000.0,0.5004917098469918,0.2131957728134739
59.23076923076923,2000.0,0.5004917098469918,0.2131957728134739
37.69230769230769,2000.0,0.5004917098469918,0.2131957728134739
36.92307692307692,2000.0,0.5004917098469918,0.2131957728134739
40.0,2000.0,0.5004917098469918,0.2131957728134739
40.769230769230774,2000.0,0.5004917098469918,0.2131957728134739
39.23076923076923,2000.0,0.5004917098469918,0.2131957728134739
38.46153846153846,2000.0,0.5004917098469918,0.2131957728134739
33.07692307692308,2000.0,0.5004917098469918,0.2131957728134739
33.84615384615385,2000.0,0.5004917098469918,0.2131957728134739
35.38461538461539,2000.0,0.5004917098469918,0.2131957728134739
34.61538461538461,2000.0,0.5004917098469918,0.2131957728134739
31.53846153846154,2000.0,0.5004917098469918,0.2131957728134739
32.30769230769231,2000.0,0.5004917098469918,0.2131957728134739
30.76923076923077,2000.0,0.5004917098469918,0.2131957728134739
30.0,2000.0,0.5004917098469918,0.2131957728134739
